20130131,20130228,20130328,20130430,20130531,20130628,20130731,20130830,20130930,20131031,20131129,20131231,20140131,20140228,20140331,20140430,20140530,20140630,20140731,20140829,20140930,20141031,20141128,20141231,20150130,20150227,20150331,20150430,20150529,20150630,20150731,20150831,20150930,20151030,20151130,20151231,20160129,20160229,20160331,20160429,20160531,20160630,20160729,20160831,20160930,20161031,20161130,20161230,20170731,20170831,20170929,20171031,20171130,20171229,20180131,20180228,20180329,20180430,20180531,20180629,20180731,20180831,20180928,20181031,20181130,20181231,20190131,20190228,20190329,20190430,20190531,20190628,20190731,20190830,20190930,20191031,20191129,20191231,20200131,20200228,20200331,20200430,20200529,20200630,20200731,20200831,20200930,20201030,20201130,20201231,20210129,20210226,20210331,20210430,20210531,20210630,20210730,20210831,20210930,20211029,20211130,20211231,20220131,20220228,20220331,20220429,20220531,20220630,20220729,20220831,20220930,20221031,20221130,20221230,20230131,20230228,20230331,20230428,20230531,20230630,20230731,20230831,20230929,20231031,20231130,20231229
AAPL,AAPL,AAPL,AAPL,AAPL,XOM,AAPL,AAPL,AAPL,AAPL,AAPL,AAPL,AAPL,AAPL,AAPL,AAPL,AAPL,AAPL,WFC,AAPL,AAPL,AAPL,AAPL,AAPL,AAPL,AAPL,AAPL,AAPL,AAPL,AAPL,AAPL,AAPL,AAPL,AAPL,AAPL,AAPL,AAPL,AAPL,AAPL,AAPL,AAPL,AAPL,AAPL,AAPL,AAPL,AAPL,AAPL,AAPL,AAPL,AAPL,AAPL,AAPL,AAPL,AAPL,AAPL,AAPL,AAPL,AAPL,AAPL,AAPL,AAPL,AAPL,AAPL,AAPL,MSFT,MSFT,MSFT,MSFT,MSFT,MSFT,MSFT,MSFT,MSFT,MSFT,MSFT,MSFT,MSFT,AAPL,MSFT,MSFT,MSFT,MSFT,MSFT,MSFT,AAPL,AAPL,AAPL,AAPL,AAPL,AAPL,AAPL,AAPL,AAPL,AAPL,AAPL,AAPL,AAPL,AAPL,AAPL,MSFT,AAPL,AAPL,AAPL,AAPL,AAPL,AAPL,AAPL,AAPL,AAPL,AAPL,AAPL,AAPL,AAPL,AAPL,AAPL,AAPL,AAPL,AAPL,AAPL,AAPL,AAPL,AAPL,AAPL,MSFT,MSFT,AAPL
XOM,XOM,XOM,XOM,XOM,AAPL,XOM,XOM,XOM,XOM,XOM,XOM,XOM,XOM,XOM,XOM,XOM,XOM,AAPL,XOM,XOM,XOM,MSFT,XOM,XOM,XOM,XOM,MSFT,MSFT,MSFT,MSFT,MSFT,MSFT,MSFT,MSFT,MSFT,MSFT,MSFT,MSFT,MSFT,MSFT,MSFT,MSFT,MSFT,MSFT,MSFT,MSFT,MSFT,MSFT,MSFT,MSFT,MSFT,MSFT,MSFT,MSFT,MSFT,MSFT,MSFT,MSFT,MSFT,MSFT,MSFT,MSFT,MSFT,AAPL,AAPL,AAPL,AAPL,AAPL,AAPL,AAPL,AAPL,AAPL,AAPL,AAPL,AAPL,AAPL,MSFT,AAPL,AAPL,AAPL,AAPL,AAPL,AAPL,MSFT,MSFT,MSFT,MSFT,MSFT,MSFT,MSFT,MSFT,MSFT,MSFT,MSFT,MSFT,MSFT,MSFT,MSFT,AAPL,MSFT,MSFT,MSFT,MSFT,MSFT,MSFT,MSFT,MSFT,MSFT,MSFT,MSFT,MSFT,MSFT,MSFT,MSFT,MSFT,MSFT,MSFT,MSFT,MSFT,MSFT,MSFT,MSFT,AAPL,AAPL,MSFT
GEC,GEC,IBM,MSFT,MSFT,MSFT,JNJ,MSFT,MSFT,GOOGL,GOOGL,GOOGL,GOOGL,GOOGL,GOOGL,MSFT,CVX,MSFT,JPM,MSFT,MSFT,MSFT,XOM,MSFT,MSFT,MSFT,MSFT,XOM,XOM,XOM,XOM,XOM,XOM,XOM,XOM,XOM,XOM,XOM,XOM,XOM,XOM,XOM,XOM,XOM,XOM,XOM,XOM,XOM,FB,FB,FB,AMZN,AMZN,AMZN,AMZN,AMZN,AMZN,AMZN,AMZN,AMZN,AMZN,AMZN,AMZN,AMZN,AMZN,AMZN,AMZN,AMZN,AMZN,AMZN,AMZN,AMZN,AMZN,AMZN,AMZN,AMZN,AMZN,AMZN,AMZN,AMZN,AMZN,AMZN,AMZN,AMZN,AMZN,AMZN,AMZN,AMZN,AMZN,AMZN,AMZN,AMZN,AMZN,AMZN,AMZN,AMZN,AMZN,AMZN,AMZN,AMZN,AMZN,AMZN,AMZN,AMZN,AMZN,AMZN,AMZN,AMZN,AMZN,AMZN,AMZN,AMZN,AMZN,AMZN,AMZN,AMZN,AMZN,AMZN,AMZN,AMZN,AMZN,NVDA,AMZN,AMZN,AMZN,AMZN
CVX,GOOGL,GEC,JNJ,GEC,JNJ,GEC,JNJ,GOOGL,MSFT,MSFT,MSFT,MSFT,MSFT,MSFT,JNJ,MSFT,JNJ,XOM,JNJ,JNJ,JNJ,JNJ,JNJ,JNJ,JNJ,JNJ,JNJ,JNJ,JNJ,JNJ,JNJ,JNJ,GE,GE,GE,JNJ,JNJ,JNJ,JNJ,JNJ,JNJ,JNJ,JNJ,AMZN,JNJ,JNJ,JNJ,AMZN,AMZN,AMZN,FB,FB,FB,FB,FB,BRKB,FB,FB,FB,FB,FB,BRKB,BRKB,BRKB,BRKB,FB,BRKB,FB,FB,FB,FB,FB,FB,FB,FB,FB,FB,FB,FB,FB,FB,FB,FB,FB,FB,FB,FB,FB,FB,FB,FB,FB,FB,FB,FB,FB,FB,FB,TSLA,TSLA,GOOGL,GOOGL,GOOGL,TSLA,TSLA,GOOGL,GOOGL,TSLA,TSLA,TSLA,TSLA,GOOGL,BRKB,GOOGL,NVDA,NVDA,NVDA,NVDA,NVDA,NVDA,AMZN,NVDA,NVDA,NVDA,NVDA
IBM,CVX,PG,CVX,CVX,GEC,CVX,GEC,JNJ,GEC,GEC,GEC,GEC,JNJ,JNJ,GE,BRKB,GE,KO,GE,GE,GE,BRKB,BRKB,BRKB,BRKB,BRKB,GE,GE,GE,WFC,GE,GE,JNJ,JNJ,JNJ,GE,GE,GE,GE,GE,GE,AMZN,AMZN,JNJ,AMZN,BRKB,BRKB,JNJ,JNJ,BRKB,JNJ,JNJ,BRKB,BRKB,JPM,FB,JPM,BRKB,BRKB,JPM,BRKB,FB,JNJ,JNJ,JNJ,BRKB,FB,BRKB,BRKB,BRKB,BRKB,BRKB,BRKB,BRKB,BRKB,BRKB,BRKB,BRKB,BRKB,BRKB,GOOGL,GOOGL,GOOGL,GOOGL,GOOGL,GOOGL,GOOGL,GOOGL,TSLA,TSLA,GOOGL,GOOGL,GOOGL,GOOGL,GOOGL,GOOGL,GOOGL,GOOGL,GOOGL,GOOGL,TSLA,TSLA,GOOG,GOOGL,GOOGL,TSLA,GOOG,GOOGL,GOOGL,GOOGL,GOOGL,BRKB,GOOGL,BRKB,TSLA,GOOGL,GOOGL,GOOGL,GOOGL,GOOGL,GOOGL,GOOGL,GOOGL,GOOGL,GOOGL
MSFT,T,CVX,GEC,JNJ,GOOGL,MSFT,CVX,GEC,JNJ,JNJ,JNJ,JNJ,GEC,GE,CVX,JNJ,WFC,MSFT,BRKB,BRKB,BRKB,GE,WFC,WFC,GE,WFC,WFC,WFC,WFC,GE,WFC,BRKB,BRKB,WFC,AMZN,FB,BRKB,BRKB,BRKB,AMZN,AMZN,FB,FB,FB,FB,AMZN,JPM,XOM,BRKB,JNJ,BRKB,BRKB,JNJ,JPM,BRKB,JPM,BRKB,JPM,JPM,BRKB,JPM,JPM,JPM,JPM,JPM,JNJ,JNJ,JNJ,JPM,JNJ,JNJ,JPM,GOOG,JPM,JPM,JPM,JPM,GOOGL,GOOGL,GOOGL,GOOG,GOOG,GOOG,GOOG,GOOG,GOOG,GOOG,GOOG,GOOGL,GOOGL,GOOG,GOOG,GOOG,GOOG,GOOG,GOOG,GOOG,GOOG,GOOG,NVDA,GOOG,GOOG,TSLA,GOOG,GOOG,GOOG,TSLA,GOOG,GOOG,GOOG,BRKB,GOOG,UNH,GOOG,BRKB,BRKB,BRKB,GOOG,TSLA,META,GOOG,TSLA,META,META,META
PG,IBM,PFE,GOOGL,GOOGL,CVX,GOOGL,GOOGL,CVX,CVX,CVX,CVX,WFC,WFC,WFC,WFC,JPM,CVX,WMT,WFC,WFC,WFC,WFC,GE,GE,WFC,GE,BRKB,BRKB,JPM,BRKB,BRKB,WFC,WFC,AMZN,WFC,BRKB,FB,FB,FB,FB,BRKB,GE,GE,BRKB,BRKB,JPM,AMZN,BRKB,XOM,XOM,JPM,JPM,JPM,JNJ,JNJ,JNJ,JNJ,XOM,XOM,GOOG,GOOG,JNJ,FB,FB,GOOG,JPM,JPM,GOOG,JNJ,JPM,JPM,GOOG,GOOGL,GOOG,GOOG,GOOG,GOOGL,GOOG,GOOG,GOOG,JNJ,JNJ,JNJ,JNJ,BRKB,BRKB,BRKB,BRKB,GOOG,GOOG,TSLA,TSLA,TSLA,BRKB,BRKB,TSLA,TSLA,TSLA,FB,GOOG,FB,FB,NVDA,NVDA,BRKB,BRKB,BRKB,BRKB,BRKB,BRKB,UNH,UNH,GOOG,NVDA,GOOGL,GOOG,GOOG,META,META,TSLA,TSLA,META,GOOG,GOOG,GOOG
JNJ,PFE,JNJ,IBM,IBM,PG,PG,PG,PG,PG,PG,PG,CVX,CVX,JPM,BRKB,GE,BRKB,JNJ,CVX,PG,PG,PG,PG,PG,PG,JPM,JPM,JPM,BRKB,JPM,JPM,JPM,AMZN,BRKB,BRKB,WFC,T,T,AMZN,BRKB,T,BRKB,BRKB,GE,GE,GE,GE,JPM,JPM,JPM,XOM,XOM,XOM,XOM,GOOG,XOM,XOM,GOOG,GOOG,GOOGL,GOOGL,GOOG,XOM,GOOG,FB,GOOG,GOOG,GOOGL,GOOG,GOOG,GOOG,GOOGL,JPM,GOOGL,GOOGL,GOOGL,GOOG,JPM,JPM,JNJ,BRKB,BRKB,BRKB,BRKB,JNJ,JNJ,JNJ,JNJ,BRKB,BRKB,BRKB,BRKB,BRKB,JPM,TSLA,BRKB,NVDA,NVDA,NVDA,FB,NVDA,NVDA,BRKB,BRKB,UNH,JNJ,UNH,UNH,UNH,UNH,GOOG,TSLA,JNJ,XOM,GOOG,TSLA,META,BRKB,GOOG,GOOG,META,GOOG,BRKB,TSLA,TSLA
GOOGL,BRKB,T,PG,PG,BRKB,WFC,BRKB,BRKB,BRKB,JPM,JPM,PG,PG,CVX,PG,VZ,JPM,COP,JPM,CVX,CVX,JPM,JPM,JPM,JPM,PG,PG,PFE,PG,PFE,T,FB,JPM,JPM,JPM,AMZN,PG,AMZN,T,T,FB,T,T,T,JPM,FB,FB,GOOGL,GOOGL,GOOGL,GOOGL,GOOGL,GOOG,GOOG,GOOGL,GOOG,GOOG,GOOGL,GOOGL,JNJ,JNJ,GOOGL,GOOG,XOM,GOOGL,GOOGL,GOOGL,XOM,GOOGL,GOOGL,GOOGL,JNJ,JNJ,JNJ,JNJ,JNJ,JNJ,JNJ,JNJ,JPM,V,V,V,PG,V,PG,PG,JPM,JNJ,JNJ,JPM,JPM,JPM,TSLA,NVDA,NVDA,BRKB,BRKB,BRKB,BRKB,BRKB,BRKB,FB,FB,JNJ,UNH,JNJ,JNJ,JNJ,JNJ,XOM,JNJ,XOM,UNH,XOM,META,XOM,TSLA,BRKB,BRKB,BRKB,BRKB,TSLA,BRKB,BRKB
PFE,JNJ,JPM,PFE,JPM,WFC,BRKB,WFC,WFC,WFC,WFC,WFC,JPM,JPM,BRKB,JPM,WFC,PG,GE,PG,JPM,JPM,VZ,CVX,PFE,PFE,PFE,VZ,PG,PFE,T,PFE,T,FB,FB,FB,PG,WFC,WFC,JPM,JPM,VZ,JPM,JPM,JPM,GOOGL,WFC,T,GOOG,GOOG,GOOG,GOOG,GOOG,GOOGL,GOOGL,XOM,GOOGL,GOOGL,JNJ,JNJ,XOM,XOM,XOM,GOOGL,GOOGL,XOM,XOM,XOM,JPM,XOM,XOM,XOM,XOM,V,PG,PG,V,V,V,V,V,JPM,JPM,PG,V,PG,V,NVDA,V,JPM,JPM,JNJ,JNJ,JNJ,JNJ,JPM,JPM,JPM,JPM,JPM,JPM,UNH,JNJ,UNH,UNH,NVDA,NVDA,NVDA,NVDA,XOM,XOM,JNJ,XOM,JPM,TSLA,UNH,XOM,UNH,UNH,UNH,UNH,UNH,XOM,UNH,UNH,AVGO
T,WFC,MSFT,T,BRKB,JPM,JPM,JPM,JPM,PFE,PFE,BRKB,BRKB,BRKB,PG,PFE,MRK,VZ,MCD,VZ,VZ,VZ,CVX,PFE,CVX,VZ,VZ,CVX,VZ,VZ,PG,AMZN,AMZN,GOOGL,GOOGL,GOOGL,T,AMZN,GOOGL,WFC,WFC,JPM,GOOGL,WFC,PG,GOOG,T,WFC,WFC,BAC,BAC,BAC,BAC,BAC,BAC,BAC,BAC,BAC,BAC,BAC,BAC,BAC,BAC,BAC,PFE,PFE,UNH,BAC,V,V,V,V,V,PG,XOM,V,PG,PG,PG,PG,PG,PG,PG,JPM,JPM,NVDA,NVDA,V,PG,V,V,V,V,V,NVDA,JNJ,JNJ,JNJ,JNJ,UNH,HD,JPM,UNH,JNJ,JNJ,FB,FB,META,XOM,NVDA,META,JPM,JPM,NVDA,JNJ,JPM,UNH,TSLA,XOM,XOM,JPM,XOM,UNH,LLY,LLY,JPM
JPM,MSFT,KO,BRKB,WFC,IBM,IBM,IBM,IBM,JPM,BRKB,PFE,PFE,PFE,PFE,VZ,GOOGL,PFE,CVX,PFE,PFE,PFE,PFE,VZ,VZ,CVX,CVX,PFE,CVX,T,AMZN,PG,PG,GOOG,GOOG,GOOG,GOOGL,GOOGL,GOOG,PG,GOOGL,PG,PG,PG,GOOGL,PG,GOOGL,GOOGL,BAC,PG,WFC,WFC,WFC,WFC,WFC,WFC,INTC,INTC,INTC,WFC,WFC,V,V,PFE,UNH,UNH,BAC,V,PG,BAC,PG,PG,PG,XOM,V,XOM,XOM,XOM,MA,MA,UNH,UNH,UNH,UNH,UNH,MA,HD,JPM,NVDA,PG,NVDA,DIS,UNH,UNH,UNH,V,V,UNH,V,JNJ,UNH,JNJ,JPM,JPM,JPM,PG,XOM,XOM,META,META,JPM,V,NVDA,PG,JPM,JNJ,JNJ,JNJ,JNJ,JNJ,JNJ,JPM,LLY,XOM,JPM,UNH
BRKB,PM,GOOGL,JPM,PFE,T,PFE,PFE,PFE,T,T,IBM,IBM,VZ,VZ,IBM,BAC,T,ABBV,IBM,T,T,INTC,BAC,MRK,T,FB,T,T,CVX,FB,FB,PFE,PFE,T,PG,GOOG,GOOG,VZ,VZ,GOOG,WFC,GOOG,GOOGL,GOOG,T,GOOG,GOOG,T,T,T,PG,PG,T,CVX,INTC,WFC,CVX,CVX,CVX,V,UNH,PFE,UNH,BAC,VZ,PFE,PFE,BAC,PG,BAC,BAC,BAC,T,T,T,BAC,T,INTC,T,INTC,INTC,INTC,HD,HD,HD,MA,UNH,UNH,UNH,PG,NVDA,DIS,NVDA,V,UNH,UNH,V,UNH,HD,JNJ,HD,PG,PG,V,XOM,JPM,PG,V,JPM,NVDA,NVDA,PG,V,V,META,JPM,JPM,JPM,JPM,XOM,LLY,JPM,JPM,XOM,LLY
WFC,PG,CSCO,WFC,T,PFE,T,T,T,IBM,IBM,T,BAC,IBM,IBM,T,PG,IBM,AXP,T,BAC,BAC,T,INTC,T,KO,T,DIS,BAC,FB,VZ,VZ,GOOGL,PG,PG,T,JPM,JPM,PG,GOOGL,PG,PFE,VZ,GOOG,VZ,WFC,PG,PG,PG,WFC,PG,CVX,CVX,CVX,HD,V,T,UNH,WFC,V,UNH,WFC,UNH,V,V,V,PG,PG,VZ,CSCO,UNH,T,DIS,MA,HD,BAC,T,BAC,T,UNH,VZ,MA,HD,MA,MA,JPM,UNH,HD,HD,DIS,UNH,UNH,PG,HD,HD,PYPL,HD,PG,HD,V,PG,PG,HD,V,PG,V,PG,JPM,JPM,PG,PG,CVX,V,HD,PG,V,V,V,V,V,V,V,JNJ,V,AVGO,V
PM,KO,CMCSA,KO,C,KO,C,BAC,BAC,KO,BAC,BAC,T,BAC,T,MRK,KO,MRK,BRKB,MRK,IBM,GILD,BAC,T,KO,MRK,DIS,MRK,MRK,BAC,GOOGL,GOOGL,GOOG,T,PFE,PFE,VZ,VZ,JPM,GOOG,PFE,GOOGL,PFE,VZ,PFE,CVX,BAC,BAC,GE,GE,CVX,INTC,T,PG,T,T,CVX,V,V,UNH,CVX,PFE,T,VZ,VZ,PG,V,INTC,INTC,DIS,DIS,DIS,T,HD,VZ,HD,DIS,UNH,BAC,INTC,MA,HD,MA,INTC,NVDA,UNH,JPM,MA,MA,NVDA,DIS,MA,NVDA,DIS,PG,HD,PG,HD,PG,BAC,BAC,V,V,HD,XOM,JPM,V,V,PG,V,V,PG,CVX,TSLA,META,PG,PG,PG,PG,LLY,AVGO,JNJ,V,JNJ,V,XOM
KO,VZ,INCO,PM,KO,C,BAC,C,C,BAC,C,C,MRK,T,BAC,BAC,PM,GOOGL,AIG,INTC,INTC,INTC,KO,KO,INTC,BAC,MRK,BAC,DIS,DIS,BAC,GOOG,VZ,VZ,VZ,VZ,PFE,PFE,KO,PFE,VZ,GOOG,WFC,PFE,WFC,VZ,CVX,CVX,CVX,CVX,PFE,PFE,UNH,HD,UNH,CSCO,V,WFC,UNH,T,PFE,T,HD,WFC,WFC,BAC,VZ,VZ,CSCO,VZ,PFE,PFE,MA,BAC,BAC,INTC,UNH,MA,XOM,HD,T,VZ,VZ,NVDA,VZ,ADBE,VZ,VZ,DIS,MA,HD,PG,HD,MA,DIS,PG,MA,PYPL,BAC,PG,V,PFE,MA,XOM,CVX,HD,CVX,PFE,CVX,CVX,HD,HD,HD,CVX,HD,HD,MA,MA,LLY,AVGO,PG,AVGO,PG,PG,JNJ,JNJ
ORCL,WMT,MCD,VZ,PM,VZ,KO,KO,KO,C,KO,KO,C,MRK,MRK,KO,DIS,GOOG,MA,BAC,MRK,MRK,MRK,C,BAC,FB,BAC,FB,GILD,GILD,DIS,BAC,BAC,DIS,BAC,BAC,KO,KO,CVX,CVX,CVX,CVX,CVX,CVX,CVX,PFE,VZ,VZ,PFE,PFE,GE,T,PFE,INTC,INTC,UNH,PFE,PFE,HD,INTC,T,HD,CVX,T,PG,INTC,CVX,UNH,UNH,HD,CSCO,MA,CSCO,VZ,MA,VZ,MA,DIS,UNH,BAC,HD,T,T,VZ,PYPL,CRM,ADBE,DIS,PYPL,HD,MA,PYPL,MA,PG,BAC,MA,PYPL,DIS,DIS,ADBE,ADBE,BAC,BAC,BAC,HD,MA,HD,CVX,HD,HD,CVX,LLY,MA,MA,MA,MA,HD,LLY,AVGO,PG,LLY,PG,AVGO,AVGO,PG,MA
MRK,PEP,BRKB,MRK,BAC,PM,PM,MRK,PM,VZ,MRK,AMZN,KO,C,KO,GOOGL,PFE,BAC,PG,GILD,KO,KO,C,FB,FB,DIS,KO,C,FB,C,GOOG,C,DIS,BAC,DIS,CVX,CVX,HD,PFE,KO,KO,KO,HD,MRK,INTC,BAC,PFE,PFE,VZ,VZ,VZ,UNH,HD,VZ,V,PFE,HD,HD,PFE,HD,HD,CVX,WFC,PG,CVX,CVX,T,CSCO,PFE,INTC,MA,CVX,UNH,DIS,DIS,MA,INTC,INTC,DIS,VZ,MRK,PFE,NVDA,T,NFLX,VZ,PYPL,PYPL,VZ,PYPL,PYPL,HD,BAC,BAC,MA,DIS,DIS,ADBE,PYPL,DIS,PFE,MA,XOM,MA,MA,CVX,MA,HD,MA,MA,LLY,MA,LLY,LLY,CVX,CVX,CVX,HD,MA,MA,HD,MA,MA,MA,MA,HD
VZ,JPM,-,C,MRK,MRK,MRK,PM,MRK,PM,AMZN,MRK,CMCSA,KO,C,GGQ7,GILD,KO,GS,GOOGL,GOOGL,C,FB,MRK,GILD,INTC,GOOGL,AMZN,C,AMZN,C,DIS,KO,CVX,HD,KO,HD,CVX,HD,HD,HD,MRK,KO,INTC,MRK,INTC,MRK,INTC,CMCSA,CMCSA,C,V,INTC,PFE,PFE,HD,UNH,CSCO,CSCO,PFE,INTC,INTC,CSCO,INTC,INTC,T,INTC,BA,CVX,MA,VZ,VZ,HD,CVX,INTC,UNH,VZ,VZ,HD,XOM,PFE,MRK,DIS,ADBE,ADBE,PYPL,CRM,ADBE,ADBE,VZ,NFLX,BAC,PYPL,PYPL,PYPL,BAC,ADBE,BAC,MA,NFLX,NFLX,DIS,PFE,CVX,BAC,PFE,PFE,MA,PFE,PFE,PFE,PFE,ABBV,PFE,MRK,MRK,ABBV,CVX,HD,HD,MA,HD,HD,HD,HD,PG
C,CSCO,UTX,BAC,VZ,BAC,VZ,VZ,VZ,AMZN,VZ,VZ,VZ,ORCL,ORCL,C,T,INTC,VZ,GOOG,GOOG,GOOGL,GOOGL,GOOGL,GOOGL,GOOGL,GOOG,KO,AMZN,MRK,GILD,GILD,C,KO,CVX,HD,BAC,DIS,INTC,DIS,MRK,HD,INTC,KO,KO,KO,CMCSA,C,C,UNH,HD,C,VZ,UNH,VZ,CVX,CSCO,VZ,T,VZ,VZ,CSCO,VZ,CVX,T,MRK,CSCO,CVX,T,CVX,T,CSCO,CVX,MRK,CVX,DIS,HD,HD,VZ,DIS,DIS,XOM,PFE,PYPL,PFE,DIS,DIS,CRM,CMCSA,ADBE,INTC,INTC,INTC,CMCSA,CMCSA,ADBE,BAC,MA,ADBE,MA,CRM,AVGO,DIS,DIS,PFE,ABBV,BAC,ABBV,LLY,KO,MA,ABBV,PFE,ABBV,LLY,ABBV,LLY,MRK,MRK,MRK,CVX,CVX,CVX,MRK,ADBE,COST
BAC,CMCSA,WFC,WMT,CSCO,CSCO,CSCO,CSCO,CSCO,MRK,PM,PM,AMZN,CMCSA,QCOM,ORCL,WMT,SLB,CELG,KO,GILD,GOOG,GOOG,GOOG,GOOG,GOOG,C,IBM,INTC,GOOGL,MRK,KO,CVX,INTC,KO,INTC,INTC,PEP,PM,MRK,CMCSA,PM,CMCSA,HD,BAC,MRK,INTC,CMCSA,UNH,V,V,HD,V,V,PG,BA,PG,T,VZ,CSCO,PG,VZ,INTC,CSCO,CSCO,WFC,HD,T,HD,T,CVX,UNH,VZ,UNH,MRK,MRK,MRK,MRK,KO,KO,BAC,DIS,MRK,DIS,DIS,NFLX,NFLX,NFLX,CRM,CMCSA,VZ,CMCSA,CMCSA,ADBE,XOM,XOM,CMCSA,CMCSA,NFLX,CRM,MA,ADBE,ADBE,PFE,ABBV,BAC,ABBV,LLY,ABBV,BAC,ABBV,MRK,MRK,MRK,ABBV,LLY,MRK,ABBV,CVX,CVX,MRK,MRK,ABBV,CVX,COST,MRK
WMT,INCO,GILD,PEP,WMT,PEP,PEP,PEP,PEP,PEP,WMT,CMCSA,ORCL,AMZN,DIS,PM,IBM,C,T,C,C,FB,GILD,CMCSA,C,C,HD,GOOGL,KO,KO,CVX,CVX,HD,C,INTC,DIS,DIS,CMCSA,DIS,PM,PM,CMCSA,MRK,BAC,CSCO,V,C,HD,V,C,UNH,VZ,C,C,C,PG,VZ,BA,BA,PG,CSCO,PG,PG,HD,MRK,CSCO,WFC,MRK,MRK,PFE,HD,HD,INTC,INTC,CSCO,CVX,CVX,CVX,MRK,MRK,KO,BAC,CSCO,NFLX,T,INTC,INTC,PFE,NFLX,NFLX,CMCSA,NFLX,VZ,XOM,ADBE,CMCSA,XOM,PFE,CRM,PYPL,DIS,CSCO,CVX,ABBV,AVGO,KO,LLY,KO,KO,PEP,PEP,BAC,BAC,META,BAC,PEP,AVGO,PEP,PEP,PEP,ABBV,ABBV,MRK,ABBV,MRK,ABBV
PEP,HD,COP,ORCL,ORCL,WMT,WMT,WMT,WMT,WMT,CMCSA,ORCL,QCI,DIS,CMCSA,CMCSA,HD,CMCSA,MDLZ,DIS,FB,IBM,PEP,IBM,DIS,GILD,INTC,GOOG,IBM,CMCSA,KO,MRK,GILD,HD,C,C,V,PM,CMCSA,BAC,BAC,INTC,PEP,CSCO,CMCSA,CSCO,HD,MRK,PM,PM,CMCSA,KO,CSCO,CSCO,CSCO,C,BA,PG,PG,BA,BA,MA,MA,MRK,HD,HD,BA,WFC,MA,UNH,MRK,MRK,PFE,KO,KO,PFE,WFC,PFE,PFE,PFE,PEP,PEP,BAC,CSCO,MRK,MRK,CMCSA,WMT,BAC,BAC,BAC,XOM,XOM,VZ,VZ,NFLX,PFE,CRM,CMCSA,XOM,XOM,NFLX,ABBV,KO,COST,PEP,KO,MRK,PEP,ABBV,MRK,PEP,PEP,PEP,PFE,BAC,PEP,AVGO,ABBV,COST,PEP,ADBE,COST,COST,CVX,ADBE
QCI,MCD,PM,INCO,PEP,INCO,ORCL,ORCL,ORCL,CMCSA,PEP,INCO,PM,PM,PM,QCOM,FB,ORCL,PFE,SLB,DIS,PEP,IBM,DIS,IBM,CMCSA,IBM,INTC,GOOGL,GOOG,CMCSA,HD,INTC,GILD,GILD,V,PEP,V,PEP,PEP,V,PEP,PM,CMCSA,HD,PEP,KO,KO,HD,HD,INTC,GE,CMCSA,CMCSA,BA,VZ,C,C,MA,MA,C,BA,BA,BA,KO,KO,MRK,HD,BA,MRK,INTC,INTC,MRK,CMCSA,UNH,KO,PFE,KO,CVX,PEP,CSCO,NFLX,XOM,MRK,INTC,T,MRK,CMCSA,PFE,KO,ADBE,VZ,NFLX,INTC,INTC,VZ,CSCO,NFLX,XOM,TMO,TMO,TMO,AVGO,AVGO,DIS,COST,AVGO,PEP,COST,LLY,KO,KO,META,KO,KO,AVGO,KO,KO,KO,ABBV,COST,PEP,PEP,ADBE,ABBV,CVX
CSCO,MRK,MMM,DIS,INCO,DIS,CMCSA,QCI,CMCSA,SLBA,QCI,WMT,GILD,QCI,INCO,SLB,CVS,DIS,CL,ORCL,PEP,DIS,CMCSA,ORCL,PEP,HD,GILD,GILD,GOOG,IBM,HD,CMCSA,MRK,MRK,V,MRK,MRK,MRK,MRK,V,INTC,DIS,CSCO,PM,PEP,HD,UNH,DIS,KO,KO,MRK,CSCO,KO,KO,CMCSA,ABBV,KO,KO,C,C,MA,MRK,MRK,KO,BA,MA,MA,MA,WFC,BA,KO,KO,KO,CSCO,CMCSA,WFC,KO,WFC,PEP,CMCSA,NFLX,CSCO,ADBE,XOM,CSCO,PFE,PFE,T,WMT,MRK,ABT,ADBE,ADBE,NFLX,CSCO,INTC,CRM,CSCO,PFE,PFE,COST,ACN,PEP,CSCO,KO,LLY,MRK,BAC,BAC,COST,BAC,COST,KO,BAC,AVGO,KO,PFE,COST,COST,KO,KO,COST,WMT,WMT,PEP,CRM
INCO,VISA,VZ,CSCO,HD,HD,DIS,CMCSA,SLBA,INCO,ORCL,PEP,PEP,GILD,SLB,INCO,BA,PEP,IBM,CMCSA,CMCSA,CMCSA,DIS,CSCO,HD,CSCO,CMCSA,CSCO,CSCO,HD,IBM,V,PEP,V,MRK,GILD,PM,INTC,V,CMCSA,DIS,CSCO,BAC,PEP,V,PM,CSCO,UNH,MRK,MRK,KO,CMCSA,DWDP,PEP,KO,CMCSA,MA,MA,KO,NFLX,KO,C,C,MA,MA,BA,KO,CMCSA,DIS,WFC,CMCSA,CMCSA,WFC,PFE,BA,CMCSA,CMCSA,CMCSA,CMCSA,CVX,NVDA,NVDA,NFLX,BAC,CMCSA,CMCSA,T,MRK,INTC,PEP,CRM,ABT,CSCO,T,NFLX,CRM,VZ,XOM,CSCO,CSCO,CSCO,XOM,KO,COST,CSCO,AVGO,PEP,VZ,TMO,MRK,COST,META,COST,AVGO,PEP,PFE,TMO,PFE,CRM,ADBE,ADBE,KO,ADBE,PEP,KO,AMD
SLBA,ORCL,AEC1,HD,DIS,ORCL,INCO,DIS,AMZN,CSCO,INCO,QCI,INCO,INCO,PEP,PEP,GOOG,QCOM,AGN,PEP,SLB,PM,CSCO,GILD,CMCSA,IBM,PEP,CMCSA,CMCSA,INTC,V,PEP,V,PEP,PEP,PEP,CMCSA,CSCO,CSCO,INTC,PEP,V,V,V,PM,CMCSA,DIS,CSCO,INTC,PEP,PM,DWDP,PEP,DWDP,ABBV,KO,CMCSA,MRK,MRK,KO,MRK,KO,KO,CMCSA,CMCSA,DIS,CMCSA,KO,CMCSA,CMCSA,WFC,WFC,CMCSA,PEP,WFC,CSCO,BA,CSCO,CSCO,CSCO,WMT,KO,PEP,PEP,BAC,BAC,WMT,INTC,T,T,T,T,T,PFE,CRM,CSCO,NFLX,VZ,TMO,CMCSA,CMCSA,COST,CSCO,PEP,TMO,MRK,TMO,TMO,MRK,TMO,TMO,WMT,WMT,TMO,COST,COST,COST,MCD,MCD,WMT,WMT,CSCO,CSCO,KO,CRM,BAC
CMCSA,UTX,C,CMCSA,QCI,CMCSA,HD,INCO,QCI,ORCL,DIS,DIS,WMT,PEP,AMZN,DIS,AMGN,PM,INTC,PM,PM,QCOM,WMT,PEP,ORCL,PEP,AMZN,PEP,HD,CSCO,CSCO,IBM,CSCO,CSCO,CSCO,CMCSA,C,BAC,BAC,CSCO,CSCO,BAC,DIS,DIS,IBM,C,V,PEP,PEP,INTC,CSCO,PM,DIS,BA,DWDP,DWDP,PEP,ABBV,ABBV,MRK,DIS,NVDA,DIS,DIS,PEP,PEP,DIS,DIS,KO,KO,PEP,BA,PEP,BA,PFE,PEP,CSCO,PEP,WFC,ADBE,XOM,CVX,PYPL,PFE,PEP,WMT,ABT,TMO,MRK,PFE,TMO,CRM,ABT,CSCO,PFE,PFE,KO,ABT,VZ,ABT,AVGO,ABT,TMO,ADBE,PEP,TMO,VZ,COST,AVGO,DIS,XTSLA,TMO,TMO,COST,TMO,TMO,CSCO,TMO,PFE,MCD,BAC,WMT,KO,CSCO,WMT,PEP
HD,C,EBAY,QCI,CMCSA,QCI,QCI,HD,INCO,QCI,SLBA,CSCO,DIS,SLBA,WMT,WMT,AXP,GILD,EMR,FB,CSCO,HD,ORCL,HD,CSCO,AMZN,CSCO,HD,PEP,PEP,PEP,INTC,IBM,PM,PM,CSCO,CSCO,GILD,IBM,C,C,MO,IBM,IBM,DIS,DIS,PEP,V,DIS,CSCO,DWDP,PEP,PM,PM,PEP,MA,PM,DIS,NVDA,DIS,CMCSA,CMCSA,NVDA,C,DIS,CMCSA,PEP,PEP,PEP,PEP,BA,PEP,BA,WFC,PEP,BA,PEP,C,BA,NVDA,CMCSA,WMT,KO,CMCSA,WMT,PEP,PEP,ABT,PEP,INTC,PFE,CVX,KO,ABT,KO,KO,INTC,KO,INTC,ACN,ACN,CRM,CMCSA,VZ,LLY,WMT,ABT,AVGO,MCD,AVGO,WMT,MCD,AVGO,WMT,WMT,CSCO,WMT,WMT,CSCO,CSCO,CRM,TMO,CRM,CRM,NFLX,KO
AMZN,COP,MRK,MCD,AMZN,AMZN,AMZN,SLBA,HD,DIS,HD,SLBA,CSCO,WMT,CSCO,GILD,ORCL,CSCO,MRK,QCOM,QCOM,SLB,PM,WMT,AMZN,ORCL,ORCL,ORCL,ORCL,V,INTC,CSCO,PM,CMCSA,CMCSA,PM,MO,MO,ORCL,IBM,IBM,UNH,UNH,C,C,UNH,IBM,IBM,CSCO,ORCL,PEP,ORCL,GE,DIS,PM,PM,DIS,DWDP,NFLX,PEP,PEP,DIS,NFLX,PEP,C,ABBV,C,C,NFLX,C,MCD,C,C,MCD,WMT,WMT,C,BA,ADBE,NFLX,ADBE,ADBE,CMCSA,ABBV,KO,ABT,KO,KO,KO,CRM,MRK,ABBV,PFE,CRM,T,ABT,PEP,INTC,ABT,PEP,ABT,PEP,CRM,TMO,ADBE,CSCO,COST,ABT,ACN,MCD,AVGO,DIS,CSCO,CSCO,MCD,WMT,MCD,BAC,WMT,CRM,TMO,CRM,TMO,MCD,ACN,WMT
MCD,BAC,UPS,SLBA,SLBA,MCD,SLBA,AMZN,DIS,HD,GILD,HD,SLBA,CSCO,HD,CSCO,MO,AMZN,LMT,CSCO,ORCL,ORCL,HD,V,WMT,WMT,WMT,PM,V,ORCL,AMGN,PM,CMCSA,ORCL,ORCL,AGN,GILD,ORCL,GILD,ORCL,UNH,IBM,MO,UNH,UNH,IBM,PM,PM,ORCL,DIS,DIS,DIS,ABBV,ABBV,DIS,PEP,ABBV,CMCSA,DWDP,DWDP,DWDP,DWDP,CMCSA,WMT,MCD,MCD,NFLX,NFLX,C,NFLX,NFLX,NFLX,MCD,WMT,MCD,C,WMT,WMT,C,WFC,ABT,CMCSA,WMT,KO,ABT,KO,BAC,PEP,ABT,WMT,WMT,AVGO,CVX,KO,ABT,T,ABT,TMO,PEP,MRK,PEP,ABBV,ABT,ABT,VZ,DIS,DIS,MCD,VZ,WMT,DIS,AVGO,MCD,MCD,CSCO,MCD,BAC,CRM,AMD,PFE,MCD,MCD,MCD,LIN,BAC,ACN
DIS,OXY,BAC,AMZN,MCD,SLBA,MCD,MCD,VISA,GILD,CSCO,GILD,VISA,HD,V,AMZN,C,WMT,GOOGL,HD,HD,CSCO,AMZN,PM,PM,V,V,V,PM,PM,PM,AGN,ORCL,IBM,IBM,IBM,ORCL,IBM,C,UNH,ORCL,ORCL,AMGN,MO,AMGN,MO,MO,MO,BA,BA,ORCL,MRK,BA,MRK,MRK,DIS,DWDP,PEP,DIS,CMCSA,NVDA,NFLX,PEP,ORCL,ABBV,WMT,MCD,MCD,MCD,MCD,C,MCD,WMT,ABT,C,MCD,ABT,ADBE,WMT,WMT,CVX,ABT,CVX,WMT,XOM,CSCO,TMO,BAC,ABBV,ABT,XOM,CSCO,PEP,PEP,PEP,PEP,NKE,PEP,KO,CVX,CVX,KO,COST,CMCSA,ACN,ABT,CMCSA,CSCO,ADBE,CSCO,MCD,CSCO,ABT,ABT,DIS,DIS,CRM,CSCO,TMO,BAC,CSCO,ACN,BAC,ACN,MCD,NFLX
VISA,GILD,BA,VISA,VISA,VISA,GILD,GILD,GILD,VISA,VISA,VISA,HD,VISA,GILD,HD,BMY,FB,NEE,AMZN,AMZN,AMGN,V,QCOM,V,PM,AMGN,WMT,ACT,AGN,AGN,ORCL,UNH,AGN,AGN,AMGN,AMGN,C,MO,MO,MO,C,C,ORCL,MO,ORCL,ORCL,SLB,AMGN,AMGN,ABBV,ABBV,MRK,GE,ORCL,ORCL,MRK,ORCL,CMCSA,NVDA,NFLX,PEP,DWDP,MCD,WMT,C,WMT,WMT,ABT,WMT,WMT,WMT,ABT,C,ABT,ABT,ADBE,ABT,CRM,CRM,BMY,PYPL,ABT,CRM,CRM,TMO,CSCO,MCD,TMO,ABBV,PEP,KO,MRK,CVX,CVX,CVX,TMO,ACN,ACN,VZ,PYPL,CMCSA,ACN,WFC,CMCSA,VZ,ADBE,ACN,DIS,ACN,ABT,ACN,ACN,DHR,ABT,WFC,DIS,ABT,BAC,TMO,PFE,PFE,ACN,NFLX,LIN,MCD
UTX,AEC1,WMT,AMGN,GILD,UTX,VISA,VISA,MCD,MCD,MCD,MCD,FB,FB,FB,V,UNH,HD,GOOG,WMT,WMT,WMT,AMGN,AMGN,AMGN,QCOM,PM,SLB,AMGN,CVS,ORCL,CVS,CVS,AMGN,AMGN,ORCL,MCD,AGN,UNH,GILD,BMY,BMY,ORCL,AMGN,MDT,MDT,SLB,ORCL,MCD,MCD,BA,BA,ORCL,WMT,MA,MRK,NVDA,NVDA,PEP,ABBV,ORCL,ABBV,ORCL,PM,ORCL,ABT,ABT,ABT,WMT,ADBE,ABT,ABT,ADBE,MDT,MDT,MDT,MDT,MDT,MCD,BA,CRM,CRM,ABBV,CVX,ABBV,XOM,MCD,COST,CSCO,CSCO,CSCO,PFE,CRM,ABBV,ABBV,ABBV,ABBV,ABBV,WMT,KO,NKE,CVX,VZ,CRM,WMT,ACN,CSCO,CMCSA,ABT,ABT,DHR,WFC,WFC,ACN,WFC,ABT,ACN,DIS,ACN,ACN,ACN,BAC,CMCSA,BAC,AMD,INTC
OXY,QCI,MA,GILD,UTX,GILD,UTX,UTX,UTX,BA,UTX,UTX,UTX,UTX,UTX,FB,HON,V,DTV,V,AMGN,V,QCOM,AMZN,CVS,AMGN,ACT,AMGN,WMT,AMGN,CVS,AMGN,AGN,MO,MO,BMY,AGN,UNH,CVS,BMY,GILD,MDT,BMY,MDT,ORCL,SLB,AMGN,AMGN,MO,MA,AMGN,MA,MMM,ORCL,WMT,NVDA,ORCL,NFLX,ORCL,ORCL,ABBV,ORCL,ABBV,NFLX,AMGN,AMGN,ORCL,PM,PM,ORCL,ADBE,ADBE,NFLX,ADBE,ADBE,CRM,MCD,BMY,MDT,MCD,COST,BMY,CRM,ABT,TMO,ABBV,COST,CSCO,COST,TMO,KO,MRK,ABBV,WMT,WMT,TMO,ACN,NKE,AVGO,AVGO,VZ,PYPL,WFC,AMD,ABT,ADBE,ACN,ADBE,DHR,ADBE,CSCO,ABT,DIS,NEE,ACN,LIN,ADBE,LIN,ADBE,NFLX,ABT,CMCSA,LIN,PFE,CSCO,TMO
COP,UPS,PEP,UTX,BMY,AMGN,AMGN,AMGN,COP,UTX,BA,BA,MCD,MCD,MCD,MCD,CMCSA,COP,BAC,AMGN,V,AMZN,SLB,CVS,SLB,CVS,CVS,QCOM,SLB,UNH,ABBV,UNH,BLKFDS,UNH,BMY,MO,IBM,MDT,MCD,AMGN,AMGN,AMGN,MDT,SLB,SLB,WMT,WMT,MMM,IBM,MO,MA,MMM,WMT,MA,MMM,MMM,IBM,MCD,MCD,PM,PM,WMT,IBM,NVDA,PM,DWDP,DWDP,ORCL,ORCL,ABT,ORCL,ORCL,MDT,CRM,CRM,ADBE,CRM,MCD,ABT,C,MCD,AMGN,MCD,TMO,CVX,MCD,NKE,ABBV,CVX,NKE,AVGO,WMT,AVGO,MRK,WFC,NKE,T,DHR,COST,COST,DHR,LLY,MRK,ACN,CRM,MCD,MCD,DIS,CSCO,VZ,ACN,BMY,DHR,VZ,VZ,ACN,LIN,ACN,ABT,ABT,LIN,NFLX,PFE,TMO,TMO,CSCO
MO,MA,MON,COP,AMGN,COP,COP,COP,AMGN,COP,COP,FB,AMGN,AMGN,AMGN,UTX,GS,MCD,BLK,COP,UNP,UNP,ABBV,SLB,MO,MO,QCOM,CVS,CVS,ABBV,UNH,ABBV,MO,CVS,MCD,UNH,UNH,MCD,AMGN,MCD,MDT,WMT,SLB,WMT,WMT,AMGN,MMM,WMT,MMM,IBM,MCD,MCD,MA,MMM,NVDA,IBM,MMM,WMT,PM,BLKFDS,AMGN,AMGN,WMT,AMGN,DWDP,MDT,IBM,ADBE,ADBE,PM,PYPL,PYPL,ORCL,COST,IBM,COST,AMGN,CRM,NFLX,BMY,MDT,MCD,TMO,AMGN,MCD,CVX,ABBV,NKE,NKE,AVGO,ABBV,PEP,WMT,WFC,AVGO,MRK,AVGO,LLY,CVX,NKE,KO,VZ,PYPL,LLY,MRK,CMCSA,WMT,WMT,WMT,DHR,VZ,DHR,BMY,LIN,DHR,VZ,ABT,ADBE,NFLX,LIN,NFLX,LIN,ABT,CMCSA,INTC,LIN
AMGN,UNH,ORCL,MO,COP,BMY,CVS,UNH,BA,AMGN,MMM,MMM,BA,BA,CVS,COP,QCOM,UTX,C,UNP,COP,ABBV,CVS,UNP,UNP,MDT,UNH,ACT,QCOM,WMT,WMT,MO,AMGN,BMY,UNH,MCD,CVS,CVS,WMT,SLB,WMT,GILD,WMT,MMM,MMM,MA,MCD,ABBV,MA,MMM,IBM,IBM,MCD,MCD,IBM,AMGN,WMT,PM,ADBE,WMT,WMT,MDT,AMGN,DWDP,MDT,NFLX,ADBE,IBM,IBM,PYPL,MDT,MDT,IBM,NFLX,COST,AMGN,NFLX,NVDA,BMY,ABT,AMGN,TMO,BMY,LLY,AMGN,COST,AMGN,DHR,QCOM,XOM,QCOM,TMO,TMO,AVGO,MRK,AVGO,CVX,WMT,DHR,WMT,ABBV,NKE,WMT,INTC,INTC,INTC,INTC,DHR,CRM,NEE,NEE,CRM,LIN,DIS,CMCSA,CRM,TXN,CMCSA,LIN,ORCL,CMCSA,ORCL,ORCL,ABT,ORCL,ABT
GS,ABT,KTF,ABBV,OXY,UNP,MMM,MMM,MMM,BMY,AMGN,BMY,BMY,BMY,COP,BA,DD,UNP,PX,CVS,MCD,MMM,UNP,MMM,MMM,UNH,MDT,UNH,UNH,BMY,MDT,MDT,WMT,MCD,MDT,CVS,MDT,AMGN,BMY,MDT,MCD,SLB,MMM,GILD,GILD,QCOM,MDT,MCD,WMT,ABBV,MMM,AMGN,IBM,MO,GE,WMT,NFLX,IBM,GE,MCD,MMM,ADBE,MDT,MO,ABT,ORCL,ABBV,CRM,MDT,UNP,UNP,HON,PM,PYPL,ACN,PM,BMY,AMGN,NVDA,MDT,NEE,COST,AMGN,MCD,COST,ACN,AVGO,NEE,MCD,QCOM,NKE,NKE,ACN,TMO,TMO,WMT,WMT,AVGO,T,WFC,QCOM,INTC,INTC,MRK,WFC,CRM,WFC,CRM,CMCSA,WFC,WFC,COP,NEE,WFC,ADBE,DHR,DHR,VZ,CMCSA,AMD,AMD,ABT,NFLX,ORCL,ABT,WFC
EBAY,SLBA,QCI,OXY,AEC1,OXY,UNH,UNP,BMY,MMM,BMY,COP,MMM,CVS,BA,MMM,SLB,ABBV,CB,MCD,CVS,CVS,MMM,ABBV,QCOM,SLB,BMY,MDT,ABBV,SLB,BMY,WMT,BMY,MDT,CVS,MDT,WMT,WMT,AGN,CVS,SLB,MMM,ABBV,ABBV,ABBV,MMM,QCOM,MA,MDT,WMT,MO,WMT,MO,IBM,MCD,NFLX,MCD,GE,IBM,AMGN,IBM,MCD,ADBE,MDT,NFLX,MMM,PM,UNP,PYPL,HON,PM,PM,PYPL,AMGN,PYPL,NFLX,NVDA,NFLX,COST,PM,LLY,MDT,COST,ACN,ACN,AMGN,XOM,AVGO,AVGO,COST,LLY,LLY,TXN,ACN,ACN,ACN,MRK,COST,ABBV,ABBV,WMT,DHR,QCOM,QCOM,DHR,WFC,DHR,BMY,WFC,CMCSA,BMY,VZ,VZ,ADBE,CRM,CMCSA,VZ,NKE,ORCL,CMCSA,ORCL,DHR,AMD,AMD,CMCSA,CMCSA
CAT,BA,F,CVS,UNP,AEC1,UNP,CVS,OXY,OXY,CVS,MA,CVS,MMM,BMY,UNP,MDLZ,AMGN,SLB,UTX,ABBV,BMY,MO,BMY,UNH,MMM,SLB,BMY,MDT,MDT,MO,BMY,MDT,SLB,MMM,ABBV,BMY,BMY,MDT,WMT,CVS,MCD,GILD,MCD,QCOM,GILD,ABBV,MDT,ABBV,MDT,WMT,NVDA,AMGN,AMGN,AMGN,MCD,MO,AMGN,AMGN,ADBE,MCD,MMM,MCD,ABT,ADBE,ADBE,AMGN,DWDP,CRM,CRM,HON,IBM,UNP,ACN,HON,HON,COST,ACN,PYPL,PYPL,TMO,LLY,MDT,COST,NEE,MDT,ACN,QCOM,XOM,ACN,CVX,ACN,NKE,MDT,TXN,WFC,LLY,T,WFC,LLY,INTC,WMT,LLY,WMT,MCD,BMY,LIN,PM,NEE,CRM,CRM,NEE,COP,PM,PM,TXN,AMD,PM,DIS,DIS,WFC,AMD,DHR,INTC,PFE,INTU
MMM,-,DUK,UNP,MO,MO,ABBV,OXY,UNH,ABBV,AEC1,AMGN,UNP,AEC1,MMM,CVS,INTC,MMM,DAL,MMM,MMM,MO,BMY,UTX,MDT,UNP,MMM,ABBV,BMY,QCOM,SLB,SLB,MCD,MA,MA,MA,MMM,MMM,MMM,MMM,MMM,CVS,MCD,CVS,MCD,MCD,MA,BMY,CELG,GILD,CELG,MO,NVDA,NVDA,MO,GE,GE,MMM,WMT,IBM,MDT,IBM,ABT,ADBE,MMM,LLY,MDT,MDT,UNP,AVGO,CRM,UNP,HON,ORCL,ORCL,PYPL,ABBV,PM,NEE,ABBV,PM,ABBV,LLY,BMY,BMY,BMY,MDT,ACN,ACN,CVX,NEE,TXN,MCD,MCD,MCD,LLY,COST,MRK,MRK,INTC,LLY,QCOM,MCD,MCD,AMD,LIN,AMD,INTC,TXN,TXN,TXN,ADBE,TXN,BMY,LIN,PM,CMCSA,DHR,TXN,TXN,DHR,WFC,WFC,DIS,DIS,ORCL
CVS,DIS,EMC,MMM,GS,CVS,BA,BA,UNP,CVS,MA,CVS,COP,UNP,UNP,AMGN,MON,CVS,GILD,ABBV,MO,UNH,UNH,MO,BMY,UTX,BIIB,MMM,MMM,MMM,QCOM,CELG,ABBV,ABBV,SLB,WMT,SLB,SLB,MA,ABBV,ABBV,ABBV,AGN,BMY,MA,ABBV,GILD,QCOM,HON,CELG,HON,HON,HON,HON,HON,MO,AMGN,ADBE,MMM,GE,ADBE,PM,PM,ABBV,BLKFDS,AVGO,UNP,AMGN,DWDP,IBM,ACN,ACN,ACN,IBM,TXN,NVDA,PM,ABBV,ACN,COST,ABBV,ACN,ACN,AVGO,MDT,NKE,DHR,XOM,MDT,MCD,COST,MDT,WFC,NKE,NKE,TXN,WFC,WFC,NKE,DHR,WFC,MCD,NKE,DHR,UNP,DHR,BMY,NEE,QCOM,QCOM,LIN,LIN,CMCSA,CMCSA,NKE,ADBE,NEE,WFC,WFC,WFC,TXN,DIS,INTC,VZ,INTU,DIS
USB,KTF,SPG,AEC1,CVS,BA,OXY,AEC1,AIG,AIG,ABBV,ABBV,AEC1,COP,AXP,ABBV,PEP,AXP,NSC,MO,UTX,MCD,MCD,UNH,UTX,BMY,MO,MO,MO,MO,CELG,QCOM,MA,MMM,ABBV,CELG,SBUX,ABBV,SLB,MA,MA,AGN,CVS,MA,CVS,CVS,BMY,GILD,PCLN,HON,NVDA,MDT,AVGO,MDT,NFLX,HON,MDT,HON,MDT,MMM,HON,HON,MMM,MMM,UNP,CRM,MMM,MMM,MMM,MDT,ABBV,CRM,COST,HON,PM,TMO,HON,TMO,PM,NEE,PYPL,PM,NEE,MDT,LIN,AVGO,NEE,MDT,TXN,MDT,MCD,QCOM,MDT,TXN,MDT,COST,DHR,CVX,LLY,MCD,AMD,MRK,NFLX,NKE,QCOM,NKE,PM,T,BMY,PM,COP,TXN,ADBE,TXN,NFLX,NKE,NFLX,NEE,DHR,DHR,DIS,TXN,COP,WFC,WFC,PFE
UNP,DUK,HD,BMY,MMM,MMM,BMY,AIG,ABBV,AEC1,OXY,AEC1,ABBV,ABBV,ABBV,BMY,CSCO,BA,CMCSA,BA,BA,UTX,UTX,MCD,BA,BA,BLKFDS,UTX,UTX,BIIB,MMM,MCD,MMM,CELG,BA,MMM,ABBV,SBUX,ABBV,HON,AGN,HON,MA,AGN,AGN,BMY,CELG,CELG,GILD,AVGO,GILD,AVGO,MDT,UNP,MDT,BMY,HON,MDT,UNP,MDT,GE,ABT,BLKFDS,UNP,IBM,PM,CRM,ABBV,AVGO,ABBV,IBM,TMO,CRM,SBUX,NKE,ORCL,ACN,COST,AMGN,AMGN,WFC,ORCL,NKE,NKE,DHR,NEE,BMY,CVX,NEE,NEE,ACN,MCD,COST,COST,COST,MCD,MCD,MDT,MCD,T,MRK,WFC,T,NFLX,NKE,QCOM,TXN,WFC,AMD,BMY,CMCSA,AMGN,PM,NKE,TXN,BMY,PM,TXN,VZ,VZ,PM,INTU,DIS,COP,VZ,QCOM
GILD,AMZN,ACN,GS,ABBV,USB,GS,BMY,AEC1,MO,UNH,UNP,MA,BIIB,UNH,MO,TWX,MO,GIS,UNH,BMY,COP,CELG,CELG,ABBV,CELG,BA,BA,BIIB,UTX,MCD,MMM,SLB,BA,WMT,BA,MA,MA,SBUX,AGN,HON,MA,QCOM,QCOM,BMY,HON,BA,BA,AVGO,NVDA,MDT,BMY,BMY,AVGO,GILD,MDT,ADBE,MO,HON,UNP,UNP,UNP,HON,HON,LLY,IBM,LLY,LLY,ABBV,ACN,TMO,COST,TXN,TXN,NFLX,IBM,PYPL,PYPL,IBM,TMO,ORCL,NEE,UNP,NEE,AVGO,QCOM,CVX,TXN,HON,TXN,TXN,WFC,C,DHR,C,DHR,MDT,MCD,TXN,TXN,MCD,NEE,DHR,T,TXN,TXN,QCOM,LIN,LIN,UPS,ADBE,PM,CRM,RTX,BMY,RTX,NKE,ORCL,NEE,PM,INTC,PM,AMGN,AMGN,DHR,VZ
BMY,EMC,DIS,BA,BA,UNH,AEC1,MO,MA,MA,UNP,MO,BIIB,MA,USB,AXP,EBAY,OXY,ORCL,BMY,UNH,CELG,BA,BA,CELG,BIIB,UTX,UNP,MCD,CELG,MA,MA,CELG,QCOM,SBUX,SBUX,NKE,NKE,HON,BA,CELG,SBUX,HON,HON,HON,AGN,HON,GS,NVDA,BMY,BMY,GILD,UNP,TXN,ABT,TXN,UNP,BKNG,TXN,TXN,ABT,GE,UNP,IBM,HON,UNP,AVGO,PYPL,AMGN,UTX,COST,AVGO,AVGO,TMO,TMO,ACN,AVGO,HON,TMO,HON,ACN,WFC,ORCL,TXN,LLY,LIN,UNP,BMY,DHR,HON,DHR,COST,HON,QCOM,DHR,MDT,TXN,TXN,MDT,INTU,INTU,INTU,TXN,UNP,T,PM,CRM,QCOM,PM,LIN,PM,RTX,AMGN,COP,COP,NFLX,BMY,RTX,PM,NEE,NEE,VZ,TXN,PM,PM,TXN
ABBV,F,MDT,USB,AIG,AIG,MO,ABBV,CVS,UPS,MO,OXY,UNH,OXY,MA,AIG,EOG,BMY,CTSH,AXP,AXP,BA,MA,COP,BIIB,ABBV,UNP,MCD,BA,MCD,BA,BA,QCOM,SBUX,NKE,SLB,HON,CELG,NKE,SBUX,QCOM,UTX,CELG,UTX,UNP,BA,SBUX,HON,SLB,PCLN,AVGO,TXN,QCOM,BMY,TXN,ABT,ABT,UNP,ABT,HON,MO,MO,CRM,CRM,CRM,PYPL,HON,HON,HON,TMO,AMGN,AMGN,SBUX,UNP,AMGN,ABBV,TMO,NKE,UNP,IBM,NKE,IBM,AVGO,ORCL,NKE,UNP,QCOM,AMGN,BMY,DHR,MDT,NEE,QCOM,HON,HON,QCOM,QCOM,QCOM,NEE,NEE,TXN,LOW,LOW,TXN,NFLX,UNP,T,RTX,INTC,COP,QCOM,CMCSA,HON,HON,NEE,NEE,RTX,NFLX,RTX,RTX,QCOM,CAT,PM,INTU,QCOM,AMGN
AEC1,COST,HPQ,NCRA,USB,ABBV,USB,USB,MO,UNP,UPS,UNH,USB,UNH,OXY,OXY,SBUX,UNH,DIS,OXY,BIIB,MA,AXP,MA,MCD,MCD,MCD,MA,CELG,MA,SBUX,SBUX,SBUX,WMT,CELG,NKE,CELG,HON,BA,UTX,SBUX,QCOM,SBUX,CELG,CELG,UTX,UNP,UNP,BMY,UTX,SLB,ABT,ABT,ABT,UNP,ADBE,BMY,ABT,MO,MO,TXN,TXN,MO,LLY,ACN,HON,PYPL,AVGO,ACN,AMGN,UTX,LIN,AMGN,PM,UNP,AVGO,UNP,AVGO,HON,ACN,IBM,UNP,AMT,UNP,PM,TXN,TXN,UNP,UNP,UNP,AMGN,HON,LLY,NEE,LLY,PM,HON,NEE,LIN,LOW,LOW,LIN,LIN,PM,NEE,RTX,NKE,TXN,NKE,UNP,CVS,HON,RTX,AMGN,QCOM,QCOM,WFC,BMY,BMY,NKE,INTU,INTC,INTU,IBM,AMGN,DHR
UPS,LOW,SLBA,UNH,NCRA,GS,AIG,GS,USB,UNH,AIG,AIG,ALD,USB,MO,MA,AMZN,AIG,DVN,BIIB,AIG,AXP,COP,AXP,MA,MA,ABBV,BIIB,MA,BA,AIG,AIG,BA,NKE,AIG,LLY,LLY,QCOM,CELG,CELG,BA,BA,UTX,SBUX,SBUX,CELG,UTX,CVS,UTX,ABT,UNP,PCLN,GILD,UTX,UTX,GILD,TXN,TXN,AVGO,ABT,ACN,ACN,ACN,ACN,CVS,NKE,NKE,NKE,LLY,TXN,LLY,TXN,TMO,AVGO,NEE,UNP,ORCL,UNP,UTX,NKE,UNP,NKE,PM,AMT,QCOM,DHR,LOW,LOW,LIN,BMY,BMY,DHR,NEE,LIN,LIN,HON,LIN,LIN,PM,LIN,NEE,T,PM,RTX,LIN,MDT,NEE,UPS,UPS,AMD,UNP,QCOM,T,CRM,RTX,T,QCOM,AMD,NKE,HON,VZ,COP,CAT,TXN,IBM,CAT
UNH,AMGN,COST,UPS,UNH,NCRA,F,F,FOXA,USB,USB,UPS,AIG,ALD,AIG,USB,HAL,USB,PEP,AIG,CELG,GS,USB,USB,COP,HON,CELG,CELG,UNP,GS,UNP,LLY,NKE,AIG,HON,HON,BA,UTX,UTX,NKE,UTX,LLY,LLY,UNP,UTX,SBUX,GS,UTX,ABT,SLB,ABT,UNP,TXN,ACN,BMY,UNP,BKNG,SLB,BKNG,ACN,GILD,CRM,NKE,COST,MO,MO,TMO,TMO,TMO,NKE,AVGO,ABBV,UTX,NKE,ABBV,NEE,UTX,UTX,AVGO,UNP,AMT,TXN,TXN,LIN,UNP,LLY,LIN,LIN,AMGN,LIN,HON,UNP,UNP,UNP,UPS,UPS,ORCL,ORCL,INTU,MDT,LIN,TXN,UNP,UPS,BMY,AMD,COP,UNP,UNP,NKE,RTX,ELV,UPS,T,T,ORCL,UPS,HON,HON,INTC,UNP,AMGN,VZ,UNP,TXN,UNP
NCRA,SBUX,AMZN,AIG,EBAY,ALD,ALD,MA,F,ALD,GS,GS,OXY,AIG,HON,UNH,EMC,BIIB,APD,USB,USB,USB,AIG,BIIB,HON,COP,MA,COP,GS,UNP,WBA,NKE,LLY,UTX,LLY,UTX,UTX,BA,QCOM,QCOM,ACN,CELG,BA,BA,LLY,UPS,CVS,USB,AGN,CHTR,PCLN,UTX,ACN,QCOM,SLB,AVGO,GILD,GILD,ACN,NKE,UTX,NKE,AVGO,PYPL,AVGO,TXN,ACN,ACN,NVDA,NVDA,LIN,UTX,NKE,UTX,UTX,UTX,IBM,TXN,ABBV,AVGO,HON,AVGO,IBM,DHR,TXN,LOW,UPS,HON,UPS,LLY,UNP,BMY,LIN,C,QCOM,LIN,PM,HON,HON,ORCL,T,AMD,INTU,NEE,UPS,NEE,AMGN,AMGN,RTX,RTX,AMGN,T,NKE,NFLX,HON,UPS,ORCL,UPS,QCOM,BMY,COP,LOW,IBM,NKE,NOW,IBM
AIG,MO,AAZ,EBAY,F,-,MA,ALD,GS,FOXA,ALD,USB,MO,MO,BIIB,HON,V,MA,CSCO,MA,GS,AIG,HON,GS,USB,USB,HON,GS,HON,AIG,UTX,HON,UNP,HON,UTX,AIG,AIG,LLY,UPS,UNP,NKE,UPS,UNP,NKE,BA,UNP,UPS,SBUX,CHTR,UNP,TXN,SLB,UTX,CAT,AVGO,UTX,AVGO,AVGO,SLB,BKNG,NKE,PYPL,UTX,AVGO,PYPL,TMO,TXN,UTX,MO,MMM,TXN,NKE,LIN,NEE,AVGO,NKE,NKE,IBM,NKE,ORCL,GILD,GILD,LIN,PM,AMT,PM,LLY,UPS,PM,AMGN,LIN,C,AMGN,PM,UNP,BMY,NEE,PM,QCOM,UNP,UNP,UNP,NEE,LOW,MDT,T,RTX,NKE,T,INTC,LOW,NFLX,QCOM,UNP,CAT,COP,T,SBUX,LOW,LOW,LOW,UNP,UNP,CAT,COP,BA
MA,AAZ,VISA,MA,ALD,UPS,UPS,FOXA,UPS,F,BIIB,ALD,GS,GS,UPS,UPS,SPG,HON,SE,CELG,OXY,BIIB,UPS,AIG,AXP,AIG,USB,HON,AIG,LLY,LLY,UTX,HON,LLY,QCOM,QCOM,WBA,WBA,WBA,LLY,LOW,NKE,UPS,LLY,ACN,PCLN,USB,UPS,USB,TXN,UTX,ACN,ADBE,GILD,QCOM,ACN,ACN,ACN,NKE,AVGO,BKNG,COST,TXN,NKE,COST,ACN,UTX,TXN,COST,COST,NKE,SBUX,NVDA,LIN,NVDA,TXN,NEE,NEE,LLY,TXN,AVGO,C,DHR,IBM,ORCL,ORCL,PM,PM,LOW,PM,PM,AMGN,DHR,UPS,PM,C,BMY,MS,ORCL,UPS,ORCL,UPS,UPS,BMY,RTX,SPGI,UNP,IBM,AMGN,HON,UPS,IBM,UNP,UPS,AMGN,UNP,INTC,AMGN,INTC,QCOM,UPS,NEE,HON,DHR,NKE,PM
LLY,NKE,NKE,ABT,UPS,F,CELG,UPS,ALD,GS,F,CELG,UPS,PCLN,GS,BIIB,ACN,UPS,PM,HON,HON,HON,GS,HON,ACT,ACT,COP,AIG,COP,SBUX,GS,GS,UTX,UNP,GS,WBA,MDLZ,UNP,ACN,UPS,LLY,UNP,NKE,UPS,UPS,ACN,PCLN,AGN,UNP,GS,GS,GS,GS,SLB,ACN,BKNG,UTX,UTX,UTX,CRM,CRM,QCOM,PYPL,TMO,TMO,COST,COST,MO,NKE,QCOM,NEE,NVDA,MMM,NVDA,SBUX,LIN,TXN,ORCL,ORCL,LLY,TXN,AMT,C,C,LOW,HON,HON,ORCL,LLY,C,WFC,PM,BMY,LLY,BMY,UNP,UNP,INTU,LOW,HON,UPS,PM,MS,LIN,PM,LOW,MDT,AMD,HON,CVS,HON,LOW,LOW,IBM,ORCL,HON,AMGN,QCOM,UPS,SPGI,BA,IBM,QCOM,QCOM,UNP,NOW
MON,MMM,SBUX,ALD,MA,EBAY,EBAY,CELG,EBAY,TWX,CELG,FOXA,CELG,EBAY,EBAY,GS,MCD,GS,AEP,GS,MA,UPS,HPQ,UPS,LLY,GS,GS,USB,SBUX,HON,HON,WBA,AIG,GS,WBA,GS,QCOM,UPS,LLY,ACN,UNP,WBA,COST,ACN,PCLN,USB,ACN,TWX,GS,USB,USB,USB,USB,GS,ADBE,QCOM,SLB,NKE,PYPL,UTX,BMY,LLY,COST,UTX,NVDA,UTX,MO,COST,UTX,MO,SBUX,MMM,NEE,AMT,LIN,SBUX,LIN,LIN,TXN,UTX,LIN,DHR,HON,QCOM,IBM,UPS,ORCL,LLY,C,SBUX,LOW,LIN,BA,LOW,ORCL,NEE,INTU,BMY,C,QCOM,MDT,HON,BMY,MDT,SPGI,HON,HON,CVS,SPGI,LOW,SCHW,CVS,CVS,SCHW,UPS,MS,HON,T,COP,INTU,CAT,BMY,GE,GE,SPGI,SPGI
ABT,PSX,LOW,MON,ABT,MA,FOXA,EBAY,CELG,EBAY,FOXA,BIIB,FOXA,UPS,CAT,CAT,APC,CELG,FB,HPQ,UPS,OXY,TWX,HPQ,GS,AXP,AIG,SBUX,LLY,USB,NKE,USB,WBA,MDLZ,UNP,MDLZ,COST,COST,LOW,USB,UPS,ACN,LOW,USB,NKE,LLY,TXN,TXN,CVS,ACN,ACN,ADBE,SLB,ADBE,CAT,GS,GS,COST,CAT,PYPL,COST,BMY,LLY,LIN,UTX,LIN,GILD,LIN,TXN,LLY,AMT,NEE,ABBV,LLY,AMT,QCOM,SBUX,LLY,LIN,LIN,C,HON,WFC,LOW,HON,AMT,IBM,AMT,SBUX,WFC,C,SBUX,LOW,ORCL,NEE,ORCL,SBUX,C,MS,MS,HON,AMAT,HON,CVS,LOW,AMGN,UPS,MDT,INTU,AMGN,T,UNP,IBM,LOW,MS,AMD,INTU,COP,SPGI,UPS,NKE,BA,LOW,HON,GE,GE
ALD,GS,AMGN,SPG,CAT,ABT,TWX,TWX,TWX,CELG,PCLN,EBAY,EBAY,CELG,DD,F,COP,F,PSA,F,HPQ,TWX,BIIB,KMI,KMI,WBA,WBA,KMI,USB,COP,USB,UNP,GS,WBA,USB,COST,ACN,MDLZ,COST,LOW,USB,MDLZ,ACN,COST,TXN,TXN,AGN,ACN,TXN,SBUX,LLY,NFLX,PYPL,PCLN,PYPL,CAT,CAT,CAT,CRM,SLB,QCOM,GILD,BMY,TXN,TXN,BMY,LIN,NVDA,LIN,LIN,MMM,LLY,LLY,ABBV,LMT,LLY,LLY,SBUX,GE,AMT,DHR,LIN,LOW,HON,C,IBM,AMT,SBUX,WFC,ORCL,ORCL,ORCL,PM,BMY,LOW,AMGN,MS,LOW,MRNA,PM,MS,MS,CVS,INTU,AMGN,UPS,LOW,AMT,LOW,T,INTU,UPS,GS,ORCL,LOW,LOW,COP,LOW,UNP,CAT,IBM,SPGI,BMY,NOW,HON,COP
EMC,SO,MWZ,KTF,BIIB,CAT,ABT,KTF,SBUX,SBUX,SBUX,TWX,4XS,FOXA,PCLN,HPQ,COST,CAT,QCOM,UPS,DD,HPQ,MDT,TWX,UPS,LOW,LOW,WBA,WBA,NKE,ABT,BIIB,UPS,PCLN,UPS,USB,USB,USB,UNP,WBA,MDLZ,LOW,SPG,PCLN,USB,WBA,WBA,PCLN,LLY,LLY,UPS,PYPL,PCLN,USB,GS,SLB,NKE,BMY,GILD,GILD,LLY,UTX,QCOM,BKNG,NKE,CVS,GE,GE,NEE,SBUX,MO,QCOM,AMT,QCOM,LLY,AMT,GE,AMT,LMT,GE,LMT,LMT,GILD,BA,UPS,C,SBUX,IBM,BA,UPS,SBUX,CAT,ORCL,AMGN,AMGN,LOW,C,UNP,UPS,AMD,AMAT,ORCL,MDT,SPGI,INTU,CVS,CVS,HON,COP,INTU,ELV,SCHW,NFLX,CAT,SBUX,AMGN,UNP,INTC,IBM,UNP,HON,AMAT,SPGI,NEE,CAT,HON
BA,MWZ,BAX,TWX,TWX,TWX,MDT,CAT,BIIB,KTF,TWX,KTF,CAT,CAT,FOXA,DD,UTX,FOXA,CAH,CAT,FOXA,MDT,ACT,FOXA,AIG,ABT,KMI,LLY,ABT,WBA,BIIB,MDLZ,BIIB,UPS,COST,LOW,LOW,PCLN,USB,MDLZ,WBA,COST,TXN,MDLZ,WBA,MDLZ,TWX,LLY,ACN,CVS,CVS,UPS,UPS,PYPL,PCLN,PYPL,PYPL,TMO,COST,COST,TMO,TMO,GILD,QCOM,GILD,NEE,NVDA,NEE,SBUX,NEE,LMT,GE,GE,LMT,MMM,MMM,CVS,MMM,DHR,SBUX,BA,RTX,LMT,GILD,LMT,AMD,WFC,NOW,ORCL,LOW,UPS,LOW,SBUX,SBUX,MS,MS,AMGN,UPS,BMY,C,PM,MDT,AMD,PYPL,PYPL,COP,IBM,SPGI,AMT,SPGI,IBM,INTU,CAT,QCOM,UNP,CAT,BA,MDT,AMGN,COP,BMY,RTX,AMAT,RTX,BA,AMAT
SPG,UNP,TXN,CAT,MON,MON,KTF,EMC,KTF,BIIB,MON,MON,F,DD,MDT,FOXA,LOW,MON,XTSLA,TWX,TWX,ABT,KMI,MDT,HPQ,UPS,LLY,TWX,NKE,ABT,MDLZ,UPS,USB,USB,LOW,BIIB,UPS,ACN,SPG,PCLN,AIG,SPG,WBA,TXN,BIIB,TWX,NKE,WBA,TWX,UPS,TWX,CAT,SBUX,NFLX,USB,NKE,LMT,GS,QCOM,BMY,SLB,BKNG,TMO,GILD,BKNG,NVDA,NEE,SBUX,LOW,LOW,DHR,AMT,QCOM,MMM,QCOM,BMY,MMM,QCOM,AMT,DHR,MMM,SBUX,RTX,WFC,AMD,SBUX,AMD,MMM,IBM,BA,IBM,MS,CAT,BA,BA,INTU,UPS,GS,SBUX,GS,BLK,BMY,RTX,HON,HON,ANTM,SPGI,ELV,CVS,MS,MDT,ORCL,ELV,CVS,IBM,GS,CAT,INTU,AMAT,AMAT,SPGI,QCOM,NEE,SPGI,AMAT,NKE
KTF,HAL,MO,LLY,LLY,MDT,EMC,-,MON,MDT,KTF,F,PCLN,ABT,F,DOW,DHR,WAG,AMZN,FOXA,EBAY,NKE,NKE,ACT,ABT,DD,SBUX,ABT,KMI,TWX,TWX,ABT,MDLZ,COST,MDLZ,ABT,GS,AIG,PCLN,COST,COST,USB,USB,WBA,MDLZ,NKE,AVGO,AVGO,QCOM,TWX,NFLX,LLY,CAT,NKE,TMO,LMT,TMO,PYPL,BMY,TMO,PYPL,LOW,GE,GE,LIN,GILD,BKNG,LOW,GE,GE,GE,DHR,LMT,DHR,DHR,LMT,LMT,DHR,SBUX,LMT,SBUX,QCOM,QCOM,RTX,WFC,LMT,LMT,CHTR,RTX,IBM,NOW,UPS,AMAT,IBM,RTX,SBUX,LOW,SBUX,RTX,NOW,SBUX,SBUX,SCHW,MS,CVS,PLD,ANTM,COP,MDT,AMT,INTC,GS,ORCL,ELV,SPGI,SCHW,IBM,UNP,BA,IBM,AMAT,NKE,NOW,AMAT,NEE,UBER
F,USB,DOW,F,ACN,BIIB,CAT,SBUX,NKE,CL,ABT,MWZ,KTF,TWX,HPQ,MDLZ,TMO,EOG,SYK,PCLN,LLY,LLY,FOXA,ABT,LOW,SBUX,NKE,UPS,TWX,AXP,UPS,AXP,LOW,LOW,ABT,UPS,UNP,LOW,CL,GS,BIIB,CL,MDLZ,LOW,AVGO,AVGO,LMT,COST,NFLX,QCOM,LMT,SBUX,LLY,CELG,NKE,USB,COST,CRM,TMO,QCOM,AVGO,AVGO,BKNG,BMY,BMY,SBUX,CVS,BMY,AMT,DWDP,NVDA,LMT,DHR,LOW,LOW,DHR,QCOM,GE,QCOM,QCOM,QCOM,XTSLA,SBUX,LMT,FIS,MMM,CHTR,AMD,AMD,AMD,AMD,BA,UPS,RTX,SBUX,BA,RTX,AMD,UNP,BLK,C,CVS,ORCL,AMGN,ORCL,INTU,MS,LOW,ORCL,MDT,MS,NKE,SCHW,DE,GS,IBM,LOW,MS,PLD,BA,RTX,HON,UPS,LOW,RTX,LOW
DUK,DOW,CVS,DUK,KTF,KTF,4XS,MDT,DD,ABT,NKE,DD,TWX,F,MON,EBAY,UNP,MDT,HD,DOW,AGN,FOXA,LLY,LLY,SBUX,KMI,TWX,NKE,AXP,UPS,AXP,PCLN,COST,ACN,ACN,UNP,BIIB,GS,MDLZ,AIG,CL,LMT,PCLN,AIG,COST,GS,COST,MDLZ,NKE,AGN,SBUX,CELG,NFLX,UPS,LMT,TMO,QCOM,SBUX,LLY,LLY,CAT,SLB,LOW,NEE,NEE,BKNG,SBUX,GILD,GILD,AMT,QCOM,MO,MO,BKNG,UPS,BKNG,AMT,LMT,MMM,GILD,CVS,MMM,MMM,MMM,SBUX,FIS,NOW,WFC,AMT,RTX,BA,GS,IBM,CAT,CAT,IBM,TGT,BLK,GS,RTX,GS,AMT,C,SCHW,COP,IBM,INTU,ORCL,MS,ORCL,NKE,INTC,DE,GS,PLD,SBUX,SBUX,SPGI,INTU,ISRG,AMGN,UPS,BKNG,T,LOW,GS
TWX,CVS,KMB,CL,SPG,4XS,SBUX,MON,EMC,NKE,EBAY,PCLN,ABT,4XS,ABT,PCLN,LMT,MDLZ,INTU,MDT,NKE,AGN,ABT,NKE,TWX,AGN,ABT,AXP,UPS,MDLZ,ESRX,LOW,AXP,ABT,COP,ACN,CL,CL,AIG,CL,PCLN,TXN,CL,BIIB,CL,COST,LLY,NKE,SBUX,ADBE,QCOM,TMO,COST,LLY,UPS,COST,SBUX,LMT,UPS,COP,COP,COP,CAT,COP,USB,CAT,BMY,CAT,DHR,BKNG,XTSLA,GILD,USB,FIS,BKNG,GE,DHR,CVS,LOW,FIS,UTX,FIS,FIS,SBUX,BLK,CHTR,MMM,C,NOW,NOW,RTX,GE,RTX,MS,IBM,AMAT,AMD,AMT,AMD,BMY,NOW,BLK,AMGN,COP,SCHW,ORCL,AMT,INTU,IBM,ELV,NFLX,MDT,MS,SBUX,BA,INTU,PLD,BA,SBUX,AMGN,GE,GE,NKE,BMY,T,NEE
CL,BAX,HAL,ACN,DD,CL,DD,4XS,MDT,DD,MWZ,ABT,DD,KTF,MET,ABT,MMM,PCLN,V,ABT,ABT,CAT,MDLZ,DD,AGN,LLY,AXP,LOW,MDLZ,EBAY,LOW,COST,PCLN,COP,BIIB,PCLN,SPG,SPG,GS,SPG,GS,PCLN,LMT,SPG,SPG,CL,BIIB,DOW,UPS,LMT,TMO,LMT,LMT,SBUX,LOW,SBUX,CRM,USB,GS,CAT,GS,UPS,COP,USB,SBUX,LOW,CAT,BKNG,BKNG,DHR,GILD,AXP,AXP,UPS,BMY,CVS,MO,MO,MO,MMM,FIS,LOW,CVS,CVS,CHTR,BA,FIS,LMT,MMM,BLK,MMM,DE,DE,AMAT,GS,RTX,AMAT,AMGN,IBM,ISRG,MRNA,GS,AMAT,ORCL,MS,MS,CAT,MS,ELV,IBM,SPGI,LMT,INTC,LMT,INTU,DE,MS,GS,GS,GE,MS,NOW,BA,SBUX,SBUX,PLD
MDT,EBAY,BMY,BIIB,EMC,MWZ,MWZ,DD,CAT,MON,CL,SBUX,MDT,WAG,DOW,CELG,MCK,HPQ,AMP,EBAY,CAT,PCLN,DD,LOW,DD,TWX,UPS,DD,LOW,KMI,ACN,COP,ACN,BIIB,PCLN,SPG,ABT,BIIB,ABT,LMT,LMT,CB,ABT,CL,LOW,AIG,AIG,DD,LMT,NFLX,CAT,TWX,NKE,COST,COST,CRM,USB,LLY,SBUX,NEE,USB,USB,LMT,GS,CAT,CI,ANTM,USB,CAT,GILD,AXP,BKNG,UPS,AXP,CVS,LOW,LOW,LOW,FIS,LOW,MO,CVS,CHTR,BLK,GILD,NOW,C,CAT,BLK,MMM,AMT,RTX,MS,GS,AMAT,GS,AMT,RTX,NOW,TGT,RTX,NOW,GS,AXP,CAT,CAT,ORCL,GS,GS,GS,AMD,CAT,AMD,SPGI,AMD,ELV,SPGI,IBM,GE,MDT,GS,PLD,T,ELV,GS,BKNG
ACN,KMB,EOG,DD,CELG,EMC,MON,ABT,MWZ,PCLN,MDT,NKE,MON,MDT,MDLZ,WAG,MS,MET,LUMN,LLY,PCLN,DD,AGN,WBA,NKE,NKE,COST,PCLN,EBAY,ESRX,PCLN,ACN,ABT,AXP,AXP,CL,TWX,ABT,LMT,BIIB,SPG,DHR,BIIB,GS,TMO,LMT,DD,AIG,ADBE,DOW,ADBE,QCOM,CELG,LMT,SBUX,MS,NEE,UPS,COP,LOW,UPS,GS,SLB,SBUX,UPS,COP,COP,DHR,BMY,LMT,USB,LOW,GILD,MO,FIS,MO,USB,BKNG,CVS,CHTR,MDLZ,CHTR,BLK,FIS,MMM,BLK,RTX,BLK,CHTR,INTU,BLK,AMAT,GE,BLK,BLK,BLK,GS,NOW,BA,AMT,TGT,RTX,IBM,AMAT,PLD,AMT,GS,LMT,CAT,PYPL,GS,DE,SPGI,MS,ELV,SPGI,ELV,PLD,T,T,MDT,BKNG,GS,BA,BKNG,RTX
COST,BMY,UNP,CELG,MDT,SBUX,LLY,LLY,CL,CAT,DD,CAT,HPQ,LLY,TWX,TWX,ABBV,TWX,AMGN,MET,MDT,MET,CAT,EBAY,WBA,EBAY,DD,EBAY,DD,MET,COST,TWX,COP,SPG,DD,ESRX,LMT,LMT,TWC,TWC,TXN,NEE,TMO,AVGO,ABT,BIIB,MDLZ,LMT,DOW,TMO,CHTR,NEE,CVS,LOW,CVS,PNC,LLY,NEE,LOW,USB,LOW,CAT,UPS,LOW,AXP,AMT,USB,COP,UPS,AXP,LOW,USB,BKNG,GILD,AXP,USB,GILD,FIS,AXP,CVS,GE,BA,SPGI,SPGI,BA,WFC,BA,RTX,CAT,AMT,CAT,IBM,GS,DE,GE,AMT,IBM,IBM,AMT,SBUX,BMY,ISRG,BLK,C,ANTM,TGT,LMT,CAT,SCHW,SCHW,AMT,MS,LMT,INTU,DE,PLD,DE,CAT,NOW,SBUX,SBUX,SBUX,ELV,TJX,UPS,T
DD,DE,TJX,4XS,CL,CELG,CL,CL,PCLN,MWZ,4XS,CL,DOW,DOW,ESRX,MDT,BAX,DOW,ICE,MDLZ,MET,MON,LOW,AGN,COST,HPQ,F,MDLZ,ESRX,LOW,MET,ESRX,CL,TWX,DOW,DD,TXN,DOW,TXN,TWX,TMO,AIG,GS,LMT,TWX,DOW,DOW,CHTR,DD,DD,PYPL,NKE,TMO,TMO,CELG,LLY,MS,COP,USB,GS,LMT,NEE,USB,UPS,COP,USB,LOW,ANTM,COP,CAT,BKNG,CAT,FIS,MDLZ,GILD,FIS,FIS,USB,MDLZ,MDLZ,CHTR,MDLZ,BA,UPS,SPGI,INTU,SPGI,INTU,INTU,CAT,MS,NOW,MMM,GE,INTU,TGT,BA,ISRG,AMGN,AMAT,AMT,AMGN,COP,GS,AMAT,AXP,C,NOW,C,ADP,PYPL,SPGI,SBUX,INTC,INTC,BA,GS,ELV,MDT,PLD,NOW,ISRG,DE,UPS,ELV,ISRG
4XS,EOG,D,COST,4XS,LLY,BIIB,MWZ,ABT,LOW,COST,MDT,MWZ,NKE,LLY,MET,ADP,ABT,PCAR,DD,EMC,MDLZ,MET,OXY,OXY,FOXA,EBAY,COST,COST,ACN,COP,KMI,SPG,DOW,TXN,AXP,PCLN,TWC,TWX,COP,TWX,DUK,AIG,BLKFDS,GS,DD,LOW,COP,COST,NEE,COST,MS,NEE,NEE,LLY,LOW,TWX,QCOM,LMT,LMT,NEE,LMT,CVS,CVS,LOW,QCOM,AMT,AMT,AXP,USB,BMY,MDLZ,LOW,CVS,MDLZ,GILD,UPS,AXP,CHTR,MO,CI,MO,INTU,NOW,NOW,RTX,INTU,ISRG,FIS,MS,INTU,INTU,BLK,MMM,MMM,CAT,BLK,AMAT,BLK,SCHW,CVS,SCHW,NOW,NOW,IBM,DE,SCHW,SCHW,ADP,DE,SBUX,PLD,BLK,BLK,SCHW,LMT,LMT,GE,CAT,NOW,DE,DE,MS,DE,ISRG,MS
LOW,CAT,ABBV,MDT,MWZ,DD,COST,BIIB,4XS,COST,CAT,4XS,NKE,MON,WAG,CL,BLK,LLY,CVS,MON,MON,EBAY,COST,ESRX,SPG,PCLN,ESRX,ESRX,FOXA,OXY,FOXA,OXY,TWX,CL,CL,DOW,TMO,TXN,AVGO,DOW,DHR,TMO,DD,ABT,LMT,NEE,MS,LOW,WBA,NKE,WBA,COST,MS,CVS,MS,TWX,LOW,TWX,NEE,UPS,EOG,CVS,NEE,LMT,ANTM,ANTM,CI,LMT,LMT,BMY,MDLZ,BMY,MDLZ,USB,USB,UPS,AXP,GILD,GILD,AXP,LOW,CI,MDLZ,INTU,RTX,SPGI,ISRG,SPGI,TGT,CHTR,CVS,MU,AMT,AMT,AMT,GE,ISRG,TGT,ISRG,MRNA,SCHW,PLD,SBUX,BA,DE,LMT,AMAT,C,PYPL,LMT,ADP,ADP,GILD,GILD,CVS,CVS,MDT,LMT,MS,MS,ISRG,MS,RTX,LMT,MDT,BLK
-,PX,BK,EMC,COST,SPG,SPG,LOW,COST,WAG,HPQ,DOW,CL,HPQ,CELG,LLY,AGN,DD,BEN,EMC,DOW,COST,OXY,COST,DUK,COST,FOXA,F,PCLN,PCLN,KMI,MET,LMT,LMT,LMT,COP,OXY,DD,BIIB,OXY,ABT,TWX,TWX,TWX,AIG,CB,MET,BIIB,TMO,WBA,NEE,CB,AXP,MS,CRM,BLKFDS,UPS,MS,TWX,EOG,SBUX,AXP,GS,AXP,LMT,UPS,UPS,UPS,ANTM,UPS,ANTM,ANTM,ANTM,BMY,GE,AXP,CAT,UPS,CME,TJX,UPS,SPGI,ANTM,CHTR,BDX,ISRG,MDLZ,FIS,LMT,ISRG,GE,AMD,INTU,INTU,TGT,MMM,NOW,BA,AMAT,CVS,ISRG,IBM,PLD,IBM,AXP,GS,AXP,SBUX,NFLX,NFLX,DE,SBUX,INTU,BA,BLK,MDT,AMAT,GILD,ISRG,DE,PLD,MDT,MDT,BKNG,BLK,UPS
CELG,TJX,GS,NKE,HPQ,COST,DUK,COST,LOW,4XS,WAG,HPQ,SBUX,MWZ,CL,MON,OXY,HAL,UNP,AGN,MDLZ,EMC,EBAY,MET,FOXA,F,SPG,FOXA,HPQ,F,MS,SPG,ESRX,ESRX,ESRX,LMT,CB,CB,DOW,DHR,CB,ABT,DOW,DD,DD,SPG,COP,CB,NEE,CAT,AGN,AXP,CRM,AXP,PNC,UPS,PNC,AXP,AXP,AXP,AXP,BIIB,SBUX,CAT,AMT,CME,AXP,AXP,USB,MDLZ,ADP,UPS,CAT,CME,MO,CAT,BKNG,CAT,BKNG,CME,CAT,ANTM,VRTX,VRTX,CVS,GILD,CAT,BA,GE,GE,GS,MMM,TGT,SCHW,CVS,AMD,MMM,DE,GE,AMGN,AMGN,C,AMT,ANTM,AMT,PYPL,DE,ADP,PLD,CAT,ORCL,CI,ADP,PLD,MDT,AXP,GE,ISRG,ELV,GS,BKNG,GS,SBUX,GS,PLD,ELV
SBUX,ABBV,YUM,TGT,SBUX,HPQ,HPQ,PCLN,LLY,DUK,ACN,ACN,LLY,CL,EMC,SPG,PCP,CL,BRCM,EOG,F,DUK,ESRX,SBUX,EBAY,ESRX,PCLN,OXY,ACN,MS,F,F,F,TXN,OXY,TMO,DUK,DHR,DHR,DD,OXY,OXY,AVGO,DOW,CHTR,LOW,CHTR,MS,CB,PYPL,NKE,CRM,TWX,TWX,NEE,NEE,COP,CVS,MS,SBUX,BIIB,SBUX,AXP,ANTM,WBA,AXP,LMT,CVS,MDLZ,COP,CAT,ADP,GS,INTU,CME,CELG,CHTR,MDLZ,GS,BKNG,BDX,INTU,CI,MDLZ,INTU,MDLZ,BLK,TGT,CVS,BKNG,TGT,BLK,CVS,TGT,DE,CVS,GE,GE,TGT,GE,PLD,ZTS,AXP,SBUX,GS,MO,PYPL,PLD,LMT,SBUX,LMT,GILD,PLD,AMD,LMT,INTC,GILD,BKNG,LMT,ELV,ELV,ELV,ISRG,GILD,BMY,MDT
EMR,BK,BLK,SBUX,DUK,DUK,ACN,ACN,ACN,EMC,LOW,COST,ACN,EMC,SBUX,NKE,AIG,SBUX,UTX,SBUX,SBUX,CL,EMC,MDLZ,ESRX,TXN,TXN,HPQ,OXY,COST,SPG,LMT,MET,F,SPG,TXN,DHR,TWX,TMO,TXN,DOW,AVGO,NEE,TMO,CB,TMO,CB,MET,CAT,COST,MS,CVS,CB,CRM,TWX,AXP,AXP,PNC,EOG,CVS,MS,BDX,EOG,SLB,QCOM,GE,GS,MDLZ,CVS,ADP,DWDP,CVS,BMY,ADP,CB,CHTR,MDLZ,ANTM,USB,INTU,CME,BDX,NOW,MO,ISRG,MO,GILD,MDLZ,MS,GS,DE,AMT,MU,ISRG,SCHW,DE,CAT,CAT,CVS,SPGI,SPGI,SPGI,BA,PLD,NOW,SCHW,MO,BLK,SBUX,C,CAT,BLK,MDT,MDT,GILD,BLK,BKNG,MDLZ,BLK,LMT,BLK,TJX,PLD,MDT,TJX,SBUX
MWZ,NCRA,USB,LOW,LOW,ACN,LOW,DUK,DUK,LLY,LLY,LOW,WAG,SBUX,NKE,HAL,KRFT,NKE,M,NKE,CL,ESRX,F,EMC,MDLZ,MDLZ,MDLZ,ACN,F,DD,CL,DHR,TXN,DD,DHR,DHR,TWC,OXY,DUK,ABT,AVGO,GS,DUK,CB,DOW,ABT,CL,EOG,MDLZ,BIIB,LOW,LOW,LOW,PNC,BIIB,CVS,CELG,LOW,PNC,MS,PNC,TJX,ANTM,TJX,BDX,LMT,DHR,GS,ADP,GS,CME,GS,CVS,GE,CAT,MDLZ,CI,CI,BDX,CAT,VRTX,UPS,MO,BDX,MDLZ,CVS,TGT,ZTS,ISRG,CVS,CHTR,BKNG,NOW,BKNG,AXP,SCHW,DE,MRNA,SCHW,BA,BA,TGT,CAT,LMT,BLK,AMAT,BLK,MDLZ,DE,BLK,CI,AMD,AMT,CI,AXP,GILD,BLK,DE,MDLZ,BLK,ADP,ADP,TJX,MMC,MS,AXP
AAZ,AMT,6COP,MWZ,TGT,NKE,TGT,AAZ,WAG,EOG,EMC,EMC,EMC,ACN,EOG,EOG,ETN,EBAY,MMM,ESRX,COST,SBUX,SBUX,PCLN,CL,CL,CL,MS,MS,FOXA,BLKFDS,CL,DHR,OXY,TWX,F,NEE,AVGO,DD,TMO,DD,DD,CB,OXY,NEE,OXY,SPG,CL,MS,CB,AXP,CHTR,BIIB,CB,CHTR,CELG,BLK,EOG,SCHW,OXY,BDX,EOG,BIIB,AMT,DHR,DHR,BIIB,ADP,QCOM,CVS,CVS,CME,ADP,CB,CELG,CME,ADP,CHTR,ADP,CI,CCI,NOW,BDX,CCI,PLD,BKNG,ZTS,CVS,SPGI,TGT,AMAT,SCHW,SCHW,CVS,ISRG,ISRG,AXP,CVS,AXP,IBM,CAT,ANTM,TGT,BLK,ISRG,C,PLD,AXP,BLK,AXP,BLK,PYPL,BA,AMT,AMT,BKNG,ADI,SYK,BKNG,AXP,T,T,ADP,VRTX,LMT,DE
NKE,AIG,OXY,WAG,NKE,TGT,NKE,NKE,AAZ,SPG,DUK,LLY,DUK,LOW,SPG,SBUX,MA,APC,STI,HAL,HAL,WAG,PCLN,F,MON,OXY,ACN,CL,TXN,CL,DHR,MS,OXY,MET,MET,MET,MET,NEE,CB,CB,NEE,DOW,OXY,EMC,OXY,DUK,EOG,NVDA,LOW,MS,CB,BIIB,PNC,BIIB,CB,BLK,AMT,SCHW,MU,BDX,CVS,ANTM,TJX,WBA,CME,DUK,MDLZ,BDX,INTU,TJX,CB,COP,INTU,CHTR,ADP,ADP,TJX,TFC,SO,ADP,INTU,CCI,CCI,CI,MO,CAT,CVS,PLD,BKNG,FIS,ISRG,TGT,BKNG,AXP,CHTR,NOW,CVS,MMM,CAT,AXP,IBM,CAT,ANTM,GE,LMT,NOW,ADP,CI,AXP,PLD,AXP,AMT,CI,ADP,C,C,AXP,BLK,GILD,SYK,MDLZ,BLK,MMC,PLD,SYK,TJX
TGT,6COP,COF,AAZ,AAZ,LOW,PCLN,SPG,DOW,AAZ,EMR,WAG,COST,EOG,LOW,DUK,VIAB,EMC,BMY,APC,EOG,LOW,WAG,CL,F,SPG,HPQ,MET,MET,DOW,TMO,TWC,TWC,DHR,F,TWC,ESRX,TMO,NEE,DUK,EMC,COP,EMC,NEE,DUK,CHTR,ABT,AXP,PYPL,AXP,BIIB,PNC,CHTR,CL,AXP,CHTR,CB,CELG,BLK,AMT,AMT,PNC,BDX,AET,BIIB,BIIB,BDX,CI,BDX,ANTM,COP,CHTR,CB,GS,DUK,TJX,ANTM,TJX,INTU,DUK,SPGI,PLD,D,PLD,ZTS,ZTS,PLD,GILD,MDLZ,LMT,MU,CHTR,MO,NOW,ANTM,AXP,MRNA,CHTR,SPGI,CAT,ZTS,BA,DE,ISRG,C,ADP,NOW,DE,AMAT,CI,TMUS,TMUS,GE,ISRG,CI,AMAT,CVS,AMT,DE,MDLZ,LMT,LMT,MDLZ,PGR,DE,VRTX
SO,LLY,GIS,SO,PCLN,AAZ,AAZ,DOW,EMR,EMR,TXN,EMR,LOW,COST,TXN,EMC,USB,ESRX,EL,CL,MS,SPG,CL,MS,TXN,EMC,MET,TXN,CL,HPQ,LMT,HPQ,KMI,TWC,TMO,TWX,COP,DUK,F,NEE,COP,EMC,TJX,DUK,ADBE,COP,AXP,PNC,AXP,CRM,PNC,MDLZ,MDLZ,COP,COP,CB,CVS,BLK,BLKFDS,PNC,CB,CELG,DHR,ADP,GS,BDX,CME,BIIB,CELG,CB,CELG,BDX,CME,BDX,SYK,CB,CME,ADP,CAT,USB,D,VRTX,UPS,CAT,CAT,TGT,MO,DE,DE,DE,GILD,CVS,AMD,AMD,AMD,CHTR,SPGI,SCHW,MMM,PLD,GE,MU,GE,AMT,BA,BKNG,BKNG,CB,ADI,BA,C,CB,TJX,CB,TJX,ADI,MDLZ,AXP,AXP,BKNG,ADI,MDLZ,GILD,ISRG,AXP,BMY
DOW,BLK,NCRA,DOW,DOW,PCLN,EMR,EMR,EOG,DOW,DOW,DUK,SPG,SPG,ACN,ESRX,ITW,DUK,STJ,WAG,DUK,DOW,TXN,DUK,PCLN,MON,OXY,SPG,DOW,SPG,HPQ,TMO,DUK,TMO,NFLX,OXY,EMC,EMC,TJX,AVGO,AXP,BIIB,AXP,KHC,COP,ADBE,CAT,ABT,CL,LOW,CL,COP,CL,CHTR,BLK,MDLZ,CL,CB,OXY,BLK,ANTM,MS,AET,CME,MDLZ,CB,DUK,CME,TJX,CELG,CHTR,INTU,BDX,CELG,INTU,SYK,GS,BDX,UPS,CB,PLD,CAT,BKNG,D,VRTX,PLD,VRTX,ANTM,GS,MU,BKNG,AXP,AXP,MU,BKNG,SPGI,CHTR,AXP,BKNG,ANTM,ANTM,GE,ISRG,DE,SBUX,MDLZ,CB,DUK,NOW,NOW,GILD,AXP,AXP,TJX,BKNG,ADP,SYK,AMAT,SYK,TJX,TJX,MMC,SYK,CI,MMC,LRCX
PSX,GIS,FCX,HPQ,EMR,EMR,TXN,HPQ,SPG,ACN,SPG,TXN,EMR,DUK,DUK,ACN,BIIB,SPG,BA,COST,ESRX,F,MON,MON,MET,MET,MS,DOW,MON,TXN,OXY,TXN,TGT,EMC,TWC,EMC,TJX,TJX,OXY,AXP,DUK,KHC,CRM,AXP,KHC,NFLX,TMO,SPG,PNC,CL,CRM,CL,WBA,MDLZ,EOG,COP,SCHW,BDX,CVS,SCHW,OXY,AMT,ADP,BDX,GE,MDLZ,CELG,QCOM,GS,DUK,UPS,CB,COP,SYK,BDX,BDX,BDX,GS,CI,ANTM,ADP,CME,PLD,ISRG,EQIX,XTSLA,CCI,MS,ANTM,MDLZ,LMT,ISRG,LMT,CHTR,LMT,MU,SCHW,SPGI,DE,MMM,MMM,ADP,BKNG,CAT,TGT,BLK,SBUX,PYPL,MDLZ,MDLZ,NOW,C,ISRG,GE,CB,GE,AMT,CVS,ADI,ADI,AXP,SYK,LMT,MS,AMT,SCHW
HAL,ALD,ALD,EMR,PSX,DOW,WAG,EOG,TXN,HPQ,TJX,SPG,TXN,TMO,HAL,COST,COV,TXN,EIX,SPG,LOW,MS,DUK,SPG,EMC,ACN,LMT,MON,SPG,DHR,TWC,TGT,DOW,GM,MS,DUK,DOW,F,EMC,F,CRM,TJX,KHC,TJX,EOG,KHC,OXY,NEE,BIIB,AMT,MDLZ,DUK,DUK,BLK,MDLZ,SCHW,RTN,DHR,BIIB,BIIB,MDLZ,AET,ISRG,MDLZ,ADP,GS,TJX,INTU,DUK,INTU,INTU,CELG,CHTR,CAT,TJX,GS,CB,CME,SPGI,SPGI,DUK,D,ISRG,ANTM,CCI,VRTX,BKNG,ADP,AXP,TJX,MDLZ,FIS,ANTM,FIS,MU,ANTM,ZTS,PLD,PLD,ZTS,DE,AXP,SPGI,MU,GE,CB,ADI,ZTS,BA,TMUS,CB,ISRG,C,MDLZ,AMAT,AMT,ADP,NOW,TJX,GILD,SCHW,GILD,VRTX,MDLZ,MDLZ,CVS
BAX,COF,AMT,TXN,WAG,HAL,DOW,TXN,DHR,TXN,EOG,GM,EOG,TXN,COST,APC,UPS,ACN,MO,LOW,WAG,TXN,SPG,TXN,ACN,DUK,MON,DUK,MCK,TGT,TGT,DUK,TMO,MS,GM,CRM,KMB,TGT,AXP,EMC,F,CRM,COP,ADBE,CAT,MET,PNC,TMO,CRM,MDLZ,COP,AMT,COP,WBA,WBA,RTN,MDLZ,FDX,FDX,MU,CELG,AGN,AMT,BIIB,DUK,ADP,CB,DUK,ISRG,BDX,BDX,DUK,TJX,DUK,GS,ANTM,ISRG,COP,TJX,D,AGN,ADP,CAT,BKNG,ANTM,BDX,DE,DUK,TMUS,SYK,CI,LRCX,FIS,SPGI,LRCX,LRCX,PLD,ZTS,CHTR,COP,AXP,MMM,MMM,TGT,BKNG,SBUX,MDLZ,AMAT,CI,AMAT,PLD,GE,MDLZ,AXP,ADP,CI,NOW,TJX,ADP,MMC,LRCX,AXP,BLK,ADP,PGR,AMT
TXN,YUM,UNH,KMB,TXN,TXN,HAL,HAL,HAL,HAL,DHR,DHR,DHR,HAL,TMO,AGN,ALXN,COST,SHW,DUK,ACN,EOG,DOW,ACN,MS,MS,DUK,EOG,DUK,MCK,EMC,NFLX,TJX,TJX,CRM,NFLX,F,ESRX,COP,TJX,TJX,SO,SO,COP,SO,AXP,NEE,OXY,MET,DUK,DUK,WBA,BLK,EOG,CL,GD,GD,ANTM,AMT,ANTM,DHR,CSX,ATVI,DHR,PNC,TJX,SLB,TJX,CB,CHTR,GS,TJX,SYK,ANTM,CHTR,DUK,D,CB,DUK,BDX,TJX,BKNG,ZTS,ZTS,BKNG,ANTM,GS,CL,CI,ANTM,TJX,LMT,CHTR,LMT,NOW,LMT,ANTM,BKNG,ZTS,BKNG,ADP,LRCX,LMT,MO,ADP,ISRG,NFLX,TMUS,ZTS,DUK,MDLZ,NOW,CB,C,PYPL,MDLZ,C,C,C,C,GILD,LRCX,CVS,SYK,LRCX,SYK
BIIB,MON,ETN,HAL,HAL,PNC,COF,WAG,TGT,TJX,AAZ,PSX,PSX,GM,EMR,TXN,CBS,AGN,ZTS,TXN,APC,LMT,ACN,CAT,LMT,DOW,TMO,EMC,DHR,TMO,TXN,FOXA,MS,DUK,PNC,PNC,KHC,KMB,TGT,MET,MET,KMB,F,CRM,AXP,SO,TJX,CAT,DUK,PNC,AMT,AMAT,AMT,FDX,FDX,AMAT,EOG,AMT,DHR,DHR,AGN,ADP,PNC,EOG,SLB,WBA,ADP,ISRG,D,CME,DUK,SYK,CELG,TJX,D,D,PNC,PNC,D,GS,ANTM,DUK,CME,ADP,D,EQIX,SYK,D,SYK,SPGI,SCHW,MO,ISRG,ANTM,FIS,BKNG,FIS,MO,ANTM,DE,ADI,BKNG,ZTS,MDLZ,MO,DUK,CI,MMC,DUK,SO,MMC,TJX,PYPL,ADI,NOW,TJX,TJX,ADI,MMC,AMT,CVS,ADI,REGN,CB,ADP,GILD
DE,ETN,VIAB,BAX,BAX,SO,PNC,TGT,TJX,DHR,HAL,EOG,PNC,EMR,PNC,PSX,FOXA,LOW,UNH,ACN,SPG,ACN,MS,DHR,DHR,LMT,MCK,CAT,EMC,EMC,DUK,EMC,EMC,KMI,EMC,GM,DD,AXP,KMB,TGT,ADBE,AXP,AMT,F,TJX,AMT,ADBE,DUK,AMT,GD,GD,AGN,ANTM,SCHW,BDX,BIIB,NOC,OXY,CB,MDLZ,BLK,DHR,MDLZ,MS,CB,ISRG,QCOM,CB,CI,CL,TJX,D,CI,SPGI,SO,CI,INTU,ISRG,TFC,ZTS,AXP,ZTS,TJX,REGN,CL,CCI,BDX,BDX,ZTS,SCHW,FIS,SYK,LRCX,LRCX,MO,ZTS,LMT,ANTM,COP,ADP,LRCX,DE,MDLZ,ZTS,CB,NFLX,DUK,NFLX,TMUS,MO,VRTX,MDLZ,AMAT,AMAT,MDLZ,SYK,ISRG,ADP,CVS,VRTX,SYK,ETN,ADI,CVS,GILD,ADI
KMB,VIAB,AIG,-,SO,WAG,EOG,PNC,HPQ,KMB,MS,TJX,KMB,DHR,PSX,LOW,WMB,GM,SYMC,PSX,TXN,DHR,LMT,LMT,TMO,DHR,TGT,MCK,CAT,CAT,MCK,TJX,HPQ,HPQ,BK,MS,AXP,KHC,MET,CRM,MON,F,ADBE,DHR,MET,EOG,DUK,NFLX,AIG,BK,EOG,AIG,AET,AMT,ANTM,NOC,MU,RTN,RTN,AET,CSX,ISRG,CELG,PNC,TJX,PNC,ISRG,SLB,SYK,MS,D,PNC,PNC,CL,COP,INTU,FISV,INTU,CB,UPS,ISRG,AGN,AXP,AXP,REGN,TMUS,ANTM,MO,TJX,AXP,MO,SPGI,CI,MO,SPGI,PLD,LRCX,GILD,ADI,ADI,MU,COP,MO,BKNG,SYK,ZTS,GE,GILD,ISRG,MMC,REGN,MO,TMUS,TMUS,GE,CB,REGN,MMC,LRCX,ADP,MMC,VRTX,AXP,BLK,CB,LMT
DHR,TMO,PRU,PSX,PNC,BAX,BAX,DHR,COF,TGT,PSX,COF,TMO,PSX,DHR,EMR,JCI,PNC,BIIB,MS,LMT,MCK,TMO,DOW,DOW,MCK,DOW,DHR,TMO,MON,DOW,DOW,PNC,TGT,TJX,NEE,TGT,MET,SO,ADBE,KHC,AMT,DHR,EOG,AMT,MS,BK,KHC,COP,COP,FDX,BLK,EOG,DUK,SCHW,FDX,DHR,MDLZ,CELG,TJX,AET,CB,OXY,ISRG,ISRG,SPG,CHTR,CHTR,SLB,D,CL,CL,DUK,NOC,CL,SO,COP,D,SYK,SO,BIIB,AMD,ADP,CL,ATVI,CL,EQIX,BKNG,GILD,AMAT,PLD,TJX,SPGI,CI,CI,MO,BKNG,SYK,SYK,PNC,COP,ADI,MU,SYK,ZTS,MMM,MMM,ADI,MMC,GE,TJX,MMC,ADI,MMC,TMUS,NOW,TMUS,TMUS,AMT,CVS,C,REGN,CB,AXP,ADI,C
WAG,CL,TMO,PNC,KMB,KMB,DHR,TJX,PNC,COF,COF,MS,HAL,TJX,GM,GM,PCLN,DHR,NUE,TMO,TMO,TMO,DHR,EOG,MCK,TMO,DHR,TGT,TWC,KRFT,PNC,PNC,NEE,CRM,DUK,TJX,SO,SO,ADBE,ESRX,ESRX,D,CAT,MS,DHR,CAT,GD,ADBE,GD,AIG,AMAT,EOG,SCHW,AET,AMT,CL,FDX,AET,BDX,CB,SCHW,MDLZ,CB,DUK,EOG,MS,WBA,SYK,CHTR,PNC,PNC,ISRG,CL,D,PNC,PNC,SYK,SYK,FISV,AGN,CL,AXP,SYK,EQIX,CI,AXP,TJX,SYK,AMAT,TMUS,SPGI,GILD,MDLZ,PLD,MDLZ,FIS,ADP,ADP,GILD,SYK,GILD,MDLZ,ADI,CB,MDLZ,GE,MU,BA,MMM,CB,MO,REGN,MMC,SYK,ADI,TMUS,PYPL,VRTX,VRTX,LRCX,VRTX,ZTS,SLB,REGN,VRTX,MDLZ
PCLN,STT,CAT,TJX,TJX,DHR,SO,COF,MS,MS,KMB,HAL,GM,LOM,COF,PNC,NSC,COF,OXY,LYB,DHR,HAL,MCK,TMO,EOG,GM,KRFT,LMT,TGT,TWC,DD,DD,NFLX,NEE,BLK,ADBE,ADBE,ADBE,KHC,KHC,BLK,ESRX,ESRX,SO,MS,TJX,NFLX,BK,BK,RTN,AIG,MET,AGN,ANTM,DHR,ANTM,AMAT,BIIB,MDLZ,ADP,MU,OXY,MS,CB,CSX,CL,EOG,CSX,CL,CSX,CSX,CI,SPGI,FISV,ISRG,ISRG,SPGI,SO,ANTM,FISV,SO,CL,AMD,AMD,APD,D,TMUS,CCI,ADP,ZTS,AXP,TFC,GILD,SYK,PLD,MDLZ,MO,LMT,LMT,CB,BKNG,GILD,PNC,ADI,MU,MMC,CCI,SO,SO,GILD,ADI,EOG,EOG,MO,ISRG,PYPL,PGR,REGN,SCHW,SCHW,AMT,SCHW,ETN,AMT,ETN,ETN
EOG,TWX,WMB,D,DHR,COF,PSX,BAX,VIAB,PSX,PRU,FDX,MS,PNC,LMT,TMO,CAT,TMO,FISV,COF,PNC,PNC,YHOO,TGT,CAT,CAT,EMC,TMO,LMT,LMT,BK,MON,DD,EOG,USD,KMB,PNC,PYPL,CRM,SO,KMB,ADBE,D,AMT,F,CRM,NVDA,GD,EOG,FDX,BLK,AET,DHR,DHR,GD,DHR,BIIB,CL,ADP,ATVI,TJX,SCHW,WBA,CHTR,MS,INTU,PNC,PNC,CME,CI,SYK,BSX,FISV,SO,ANTM,SPGI,SO,SPGI,COP,PLD,BKNG,SYK,GS,GS,TGT,DE,D,GS,MO,MO,BDX,MDLZ,ADP,MDLZ,ZTS,GILD,SYK,ADI,ADP,CHTR,GM,TJX,ADP,ADP,ADI,BA,ISRG,MO,GE,ADI,SO,VRTX,MO,PYPL,MMC,MO,MMC,MO,TMUS,CI,ZTS,CVS,CI,SLB,SCHW,ADP
FCX,ITW,LLY,DHR,MS,PSX,KMB,SO,PRU,PNC,FDX,PRU,TJX,MS,MS,LMT,BHI,EMR,USB,LMT,LYB,COF,EOG,MCK,NEE,EOG,GM,KRFT,PNC,PNC,MON,CAT,BK,PNC,NEE,MCK,D,CRM,ESRX,EOG,BK,EOG,MET,CAT,D,DHR,GM,TJX,ADP,AET,MET,GD,GD,BDX,AET,WBA,CHTR,WBA,AET,CL,FDX,MU,AGN,SPG,CHTR,FOXA,SPG,CELG,CSX,BLK,CI,CSX,ISRG,ZTS,SPGI,COP,DUK,DUK,PNC,TFC,ZTS,SO,DUK,TJX,TMUS,TJX,CL,GE,PLD,ADP,ANTM,CI,SYK,TJX,ADP,SYK,MDLZ,TJX,MO,MDLZ,TJX,CCI,GILD,MMM,MMC,ADI,GILD,MMM,CB,XTSLA,DUK,NOC,VRTX,DUK,SYK,PGR,CB,PYPL,MO,MO,CI,AMT,LRCX,ETN,PANW,BX
TJX,PRU,ITW,AG4,COF,TJX,TJX,KMB,D,FDX,PNC,PNC,COF,AAZ,TJX,DHR,F,PSX,GMCR,DHR,COF,APC,FDX,PNC,TGT,TGT,EOG,PNC,KRFT,DUK,NFLX,MCK,GM,KHC,EOG,BK,CRM,RAI,D,CAT,SO,MON,KMB,MET,PYPL,D,KHC,GM,SCHW,ANTM,BK,DHR,FDX,GD,RTN,AMT,BDX,DUK,CSX,AGN,ADP,FDX,CSX,CSX,SPG,EOG,SCHW,WBA,SPG,SLB,SO,SO,D,CCI,ZTS,ZTS,TGT,FISV,ISRG,ISRG,XTSLA,TJX,CL,TGT,SYK,CI,APD,EQIX,CL,CI,TMUS,ANTM,TJX,ZTS,SYK,TMUS,MU,MDLZ,PNC,TFC,PNC,SYK,TJX,CME,DUK,SYK,ZTS,CME,MO,BKNG,AMAT,BA,NOW,NOW,VRTX,ISRG,VRTX,CB,CB,ZTS,CB,SLB,PGR,ADI,C,REGN
PX,SPG,CSX,DE,BLK,EOG,MS,VIAB,KMB,FCX,TGT,TMO,AAZ,COF,APC,NEE,ANTM,MS,GWW,GM,PSX,EMR,PNC,TJX,SO,PNC,PNC,APC,GM,COF,TJX,BK,CRM,NFLX,TGT,TGT,GM,COP,CAT,KMB,PNC,RAI,MON,BLK,CRM,PNC,ESRX,SO,KHC,MON,RTN,GM,MET,OXY,AGN,BDX,ANTM,NOC,TJX,CELG,CL,CME,SCHW,SCHW,ESRX,CHTR,CL,CL,PNC,ISRG,CCI,DD,BSX,BSX,FISV,FISV,MS,TGT,MS,NOW,FISV,GE,TGT,GE,TJX,APD,AXP,TMUS,SCHW,PLD,ZTS,ADP,TFC,CCI,USB,ADP,GILD,LRCX,MDLZ,MMC,MMC,MRNA,CB,PNC,CME,CCI,MMC,CCI,BKNG,TGT,ZTS,SYK,BKNG,SO,SLB,REGN,SCHW,ZTS,REGN,ETN,PYPL,CI,SCHW,LRCX,REGN,MU
APA,MRO,ABT,NEE,EOG,NEE,PRU,PSX,SO,BLK,T3W1,BLK,LOM,KMB,KMB,MS,MU,NEE,BWA,PNC,MCK,FDX,TGT,GM,TJX,BLK,CAT,GM,EOG,EOG,CAT,GD,MCK,BK,ADBE,MON,RAI,GM,GM,BLK,AMT,CAT,BLKFDS,MON,KMB,PYPL,DHR,D,BLK,DHR,GM,FDX,GM,BK,NOC,EOG,WBA,GD,NOC,FDX,WBA,BLK,RTN,INTU,FDX,SLB,INTU,D,EOG,SYK,BSX,SPGI,NOC,ISRG,NOC,RTN,AGN,ZTS,ZTS,SYK,NOW,BLK,REGN,TMUS,DUK,ATVI,DUK,FDX,MU,CL,SYK,ATVI,PLD,USB,TFC,CCI,TMUS,CCI,LRCX,LMT,MDLZ,MMC,TFC,TFC,MMM,CI,SO,VRTX,CCI,ISRG,TGT,AMAT,REGN,NOC,MO,MMC,MO,SO,MU,TMUS,SLB,CB,ZTS,CME,CVS,MMC
COF,CSX,8686,PCLN,DTV,DTV,NEE,MS,BAX,PRU,BK,BK,MCK,MCK,NEE,KMB,ADBE,WMB,TWX,MCK,BK,GD,COF,NEE,D,TJX,TJX,BK,BK,BK,KHC,NEE,KHC,BLK,GD,KHC,AVGO,D,NFLX,GM,EOG,MET,BLK,KMB,GM,BK,FDX,SCHW,MON,BLKFDS,AET,ANTM,BK,AMAT,BK,BK,AGN,MON,ANTM,CSX,ISRG,WBA,INTU,ESRX,INTU,SCHW,MS,SPG,MS,EOG,SPGI,MS,SO,COP,CCI,CL,RTN,BSX,NOW,CCI,SYK,ISRG,EQIX,DUK,AXP,SYK,ATVI,CI,CCI,GILD,ADP,ZTS,USB,ADP,GILD,COP,CCI,CB,USB,CSX,LMT,LMT,SYK,TJX,CSX,CME,EOG,ISRG,TGT,CCI,NOC,TGT,TGT,BKNG,PGR,SLB,ZTS,SCHW,SO,CB,MO,C,C,SCHW,SNPS,PGR
PNC,8686,NSC,PX,BK,PX,BK,PRU,PX,D,ADP,LOM,FDX,D,D,COF,ADM,MCK,HON,EMR,EMR,PSX,GD,COV,FDX,FDX,BLK,BLK,BLK,DTV,NEE,KHC,GD,GD,MCK,BLK,PYPL,PNC,AMT,AMT,GM,BLK,EOG,ESRX,MON,F,F,DHR,AET,BLK,MON,SCHW,AMAT,AGN,AIG,AET,AET,BK,MON,CME,DUK,CL,FDX,FDX,CL,CSX,SYK,BSX,SO,SO,ISRG,BLK,MS,CI,CI,BSX,BSX,MS,CL,MU,EQIX,FISV,FISV,ATVI,GS,GS,CI,APD,FDX,BDX,ATVI,CB,ZTS,TFC,TMUS,CI,TJX,MU,MU,USB,CHTR,MO,LRCX,LRCX,CCI,SO,SYK,BKNG,GILD,ZTS,SYK,PGR,NOC,REGN,REGN,ZTS,CI,PGR,ZTS,PGR,TMUS,BDX,BSX,C,MU,PANW
HPQ,WMB,TWX,COF,DE,PRU,PX,PX,PSX,PCP,LOM,TGT,NEE,FDX,MCK,D,HPQ,LMT,LB,BK,DTV,TJX,TJX,COF,PNC,NEE,NEE,DTV,COF,TJX,GD,EOG,D,ADBE,PSX,ALXN,AMT,GD,BLK,PNC,NFLX,AET,TGT,D,GD,RAI,SCHW,F,FDX,MET,DHR,MON,RTN,RTN,OXY,CME,CME,SYK,SYK,DUK,RTN,CHTR,CHTR,ATVI,SYK,BSX,D,SCHW,BSX,XTSLA,MS,SLB,BLK,PNC,BSX,MS,CL,AGN,CCI,CL,AMD,GS,SO,CME,CME,CME,FDX,TJX,CSX,ATVI,LRCX,PLD,CCI,GILD,PNC,TJX,DUK,PNC,TJX,GILD,SHW,EL,CME,CI,PNC,MU,TMUS,BDX,SYK,TJX,PGR,BKNG,PGR,PGR,DUK,TGT,SO,DUK,PGR,PANW,ETN,MO,BX,TMUS,BSX,CB
AG4,HNZ,CRM,BLK,PX,MS,DTV,ADP,ADP,PX,BLK,AAZ,D,T3W1,BK,TJX,CTSH,BK,WFM,WMB,GM,BK,COV,FDX,GM,DTV,BK,NEE,DTV,GM,FDX,PSX,ADBE,CAT,KHC,SO,MON,NFLX,PYPL,PYPL,D,GIS,GM,PNC,ESRX,GM,CRM,HAL,RTN,GM,SCHW,BK,AIG,AIG,AMAT,MU,DUK,TJX,GD,RTN,CHTR,RTN,CL,CI,CI,SYK,DE,MS,CCI,SPGI,NSC,NOC,CCI,TGT,CSX,CCI,BLK,RTN,BLK,VRTX,BLK,EQIX,GE,SYK,MMC,MS,CME,SCHW,BDX,CB,DUK,CME,DUK,PNC,CCI,PNC,CI,DUK,TFC,MO,TFC,GM,DUK,MMC,CI,CSX,TGT,GE,TJX,VRTX,GE,ADI,SYK,EOG,TGT,DUK,DUK,FISV,CI,BSX,REGN,TMUS,BDX,BSX,ZTS,ZTS
BK,ACN,CL,AMT,ADP,ADP,BLK,BK,BK,BK,MCK,KMB,PRU,TGT,BAX,SO,DOW,FDX,COG,NEE,FDX,NEE,NEE,BK,BLK,BK,FDX,FDX,FDX,FDX,CRM,COF,SO,MON,CAT,REGN,GD,MON,PNC,BK,USD,MCK,MCK,BK,KMI,MON,AET,ADP,DHR,D,NOC,RTN,D,NOC,ATVI,ATVI,BK,CME,BK,BK,ATVI,DUK,CME,CL,SCHW,DE,BSX,EOG,SPGI,NSC,NOC,ZTS,SLB,MS,AGN,AGN,PLD,MU,RTN,XTSLA,CB,TGT,CSX,MS,AMAT,REGN,ADP,SO,DUK,CSX,CCI,PNC,PNC,DUK,TJX,USB,PNC,TMUS,MMC,LRCX,SYK,SHW,F,BDX,SO,GILD,TJX,NOC,VRTX,BDX,BA,SLB,DUK,SLB,EOG,VRTX,TGT,CI,BSX,FI,BDX,PGR,AMT,EOG,BX,CI
NOV,NSC,MRO,EOG,KRFT,KRFT,ADP,NEE,LOM,ADP,PCP,FCX,BLK,NEE,BLK,LYB,SCHW,KMB,ROST,TJX,BLK,DTV,BK,BLK,DTV,COF,COF,COF,NEE,AET,COF,CRM,EOG,KMB,KMB,AMT,BLK,CAT,FDX,D,FDX,ADP,MS,GM,PNC,GD,D,RAI,SPG,EOG,SPG,SO,OXY,SPG,DUK,MON,SYK,MU,CME,ISRG,GD,SPG,BLK,OXY,OXY,BLK,CSX,BLK,BLK,SCHW,BLK,CCI,ZTS,PLD,TGT,CSX,SCHW,BLK,AGN,BIIB,GS,BIIB,BIIB,MU,MS,ADP,CSX,CSX,CB,CCI,CL,COP,CSX,CB,CME,CME,EL,MMC,GM,CME,CME,PNC,CCI,DUK,BDX,TJX,PNC,PGR,CME,PGR,ISRG,DUK,SLB,VRTX,ZTS,FISV,FISV,BDX,ETN,REGN,SO,BSX,EOG,PANW,FI,BSX
MS,4XS,ALL,BK,D,PCP,-,D,APA,VIAB,D,PCP,T3W1,PRU,PRU,BAX,WAG,D,UPS,PRU,TJX,BLK,BLK,D,GD,GD,DTV,TJX,ANTM,GD,ALXN,D,MON,AMT,COF,GD,BK,BLK,RAI,FDX,CAT,BK,GIS,GD,BLK,FDX,SO,BLK,GM,SPG,ANTM,D,NOC,MET,ADP,DUK,MON,CSX,CL,CHTR,SPG,ATVI,GD,BLK,BLK,D,FOXA,FOXA,RTN,SPG,SPG,ILMN,CSX,ICE,RTN,NOC,ZTS,CCI,CSX,MS,USB,MU,CB,CB,SO,DUK,REGN,AXP,D,LRCX,EQIX,CSX,CME,TMUS,DUK,DUK,CME,FIS,CB,TJX,CB,CSX,USB,USB,TFC,TMUS,BDX,CL,CSX,EOG,EOG,HUM,SO,BDX,SO,SO,LRCX,BSX,FISV,SO,MU,XTSLA,MO,BDX,CI,TMUS
D,CTSH,GD,ADP,FCX,APA,D,APA,FCX,NEE,PX,ADP,BAX,BLK,SO,TWC,DVN,TWC,CHK,BLK,NEE,KMB,GM,YHOO,APC,PSX,GD,CRM,GD,BLK,PSX,AET,KMB,REGN,KMI,KR,NFLX,ADP,ADP,MS,PYPL,TGT,BK,GIS,JCI,ESRX,HAL,MON,ANTM,SCHW,CSX,ADP,CI,GM,GM,TJX,TJX,ADP,DUK,SYK,BK,SYK,DUK,AGN,FOXA,OXY,GM,RTN,DE,DE,SCHW,EOG,DD,ECL,PLD,PLD,CSX,CL,NOC,PNC,NOC,BSX,ATVI,AMAT,CB,MMC,MMC,CB,LRCX,DUK,CB,TMUS,TMUS,CSX,FDX,GM,CB,EL,FIS,GM,MO,CB,MMC,GILD,TMUS,BDX,LRCX,SYK,NOC,MMM,BKNG,ZTS,MMM,APD,BDX,ETN,BSX,TGT,SNPS,BDX,FI,FI,CME,SO,TMUS,FI
DTV,MDT,HNZ,GIS,APA,D,KRFT,LOM,BLK,LOM,BAX,PX,PCP,LYB,PX,TGT,STT,PRU,F,TWC,PRU,AABA,EMR,SO,COF,TWC,PSX,TWC,CRM,PSX,PYPL,GM,CAT,COF,REGN,D,MS,AMT,PSX,MON,MCK,PNC,GD,NFLX,FDX,BLK,BLK,FDX,PRU,AMAT,D,NOC,ITW,D,BLKFDS,SYK,ATVI,AMAT,GM,NOC,CME,INTU,SYK,SYK,BSX,SO,OXY,DE,WBA,CCI,RTN,NSC,GM,GD,MS,BIIB,VRTX,MMC,MU,GPN,TGT,USB,HUM,FISV,ADP,BSX,MS,ATVI,FISV,ADSK,CSX,BDX,GM,GM,CB,TFC,COP,USB,DUK,DUK,CCI,CME,GM,CSX,LRCX,REGN,BA,TJX,BDX,CME,CME,SO,ZTS,ZTS,APD,NOC,BDX,LRCX,PYPL,PYPL,EOG,SO,TMUS,MU,CME,KLAC
NEE,GD,CTSH,DTV,PRU,T3W1,GIS,BLK,NEE,APA,APA,T3W1,ADP,A60,LYB,MCK,CELG,LYB,NTAP,FDX,GD,GM,DTV,DTV,BK,ADP,TWC,GD,TJX,NEE,BLK,FDX,COF,PSX,AMT,PYPL,EOG,KR,PSA,GD,MS,RTN,RAI,RTN,BK,KMB,MON,AMT,D,KHC,SO,SYK,MON,ADP,ITW,AIG,DE,AGN,ATVI,SPG,NOC,GD,NOC,CELG,GD,CCI,BLK,GM,SCHW,BSX,MMC,DE,DE,RTN,DD,DE,CCI,AMAT,GPN,CSX,MU,NOC,ICE,MMC,ILMN,CSX,FISV,REGN,SO,FISV,CME,USB,ATVI,CME,CSX,ATVI,USB,TFC,TMUS,ICE,CSX,F,CI,CHTR,REGN,PNC,CME,TGT,LRCX,NOC,BDX,MMM,CSX,TGT,FISV,BDX,SLB,AON,EQIX,EQIX,PANW,EOG,PANW,ZTS,SO,SNPS
AMT,DD,CB,PA9,NEE,BK,T3W1,DTV,FDX,BAX,GM,AABA,PX,PX,TGT,BK,AFL,COV,HPQ,D,D,COV,KMB,GD,KMB,APC,APC,PSX,PSX,ANTM,D,SO,CTSH,D,MON,DAL,RTN,BK,EOG,RAI,GD,PYPL,RTN,MCK,NFLX,NOC,RAI,PRU,SO,SO,OXY,CI,BDX,ITW,MON,DE,ADP,ATVI,AMAT,FOXA,SYK,BK,SPG,BSX,CELG,CELG,SO,SO,NSC,GM,ZTS,AGN,ECL,CSX,DE,TGT,NOC,PLD,PLD,BLK,ATVI,CSX,GPN,SO,FISV,ICE,SO,TFC,CME,CME,TFC,CCI,COP,BDX,COP,EL,MMC,EQIX,CCI,CCI,EL,DUK,CSX,TMUS,GILD,VRTX,USB,PNC,MU,SYK,CCI,BDX,BDX,MMM,MU,EOG,MU,SLB,DUK,MU,EQIX,MU,MU,MO,EQIX,SO
PA9,ALL,CELG,EXC,-,BLK,YUM,DE,GM,SO,TMO,BAX,BK,DTV,TWC,PX,ABT,SO,DVA,KMB,KMB,D,SO,KMB,ADP,D,D,D,APC,CRM,GM,AMT,AET,MCK,FDX,CAT,CTSH,DAL,BK,ADP,TGT,NOC,PNC,TGT,AET,RTN,NOC,PYPL,AMAT,ADP,ATVI,ATVI,SO,MON,DE,AGN,OXY,CHTR,WBA,GD,PSX,NOC,ILMN,RTN,RTN,ILMN,VRTX,NOC,OXY,RTN,SLB,MMC,SCHW,MMC,BLK,BLK,BIIB,VRTX,VRTX,AMAT,BSX,HUM,ECL,ILMN,MU,ITW,SHW,SHW,TFC,SO,GM,FISV,CB,EL,GM,FDX,BDX,COF,COF,MU,F,EW,SO,ICE,ICE,EOG,REGN,D,PNC,CSX,HUM,PNC,HUM,BSX,EQIX,BSX,CME,EOG,BDX,AON,BSX,EQIX,SO,SNPS,XTSLA,EQIX
BLK,CRM,AABA,YUM,PA9,DE,TMO,TMO,NOV,MCK,FCX,D,SO,AG4,ADP,FDX,GLW,BLK,PCLN,BAX,TWC,SO,D,EMR,DAL,AMT,ANTM,HAL,AET,CI,EOG,KMB,BLK,CTSH,SO,SCHW,ADP,AET,AET,AET,RAI,GD,PYPL,FDX,ADP,ADP,TGT,CRM,OXY,NOC,ADP,OXY,CSX,CI,SYK,ADP,CSX,AIG,VLO,WBA,VLO,ILMN,MPC,GD,AGN,GM,CCI,SPGI,GM,EXC,EOG,GM,PLD,DD,ICE,ICE,MMC,CSX,BSX,AMD,ICE,TFC,MMC,CSX,NEM,CB,ICE,ITW,APD,ICE,ILMN,EL,BDX,FDX,ATVI,CSX,EQIX,COP,EQIX,XTSLA,DUK,CHTR,CHTR,CCI,EW,SHW,CSX,EOG,TFC,D,PNC,FISV,PNC,CL,USB,CME,ETN,MU,CSX,SLB,PGR,CME,SNPS,FI,CDNS,CME
FDX,CELG,DC7,KRFT,TMO,GIS,ETN,GIS,TMO,TMO,NEE,MCK,TGT,BAX,AGN,BLK,MDT,DTV,ESS,DTV,ADP,TWC,AMT,TWC,EMR,SO,ADP,LYB,D,LYB,KMB,REGN,FDX,FDX,SCHW,FDX,PSX,PSX,MON,PSX,ADP,GM,ADP,AET,RTN,HAL,USD,AET,NOC,CI,CI,MU,ADP,DE,CME,GM,AIG,MET,ISRG,SPGI,SPGI,SPGI,ESRX,GM,GM,GD,SPGI,OXY,EXC,NOC,ICE,PLD,NSC,BLK,MMC,MMC,GPN,SLB,MMC,COP,CSX,GPN,ILMN,APD,DE,AMAT,ITW,MU,EQIX,TFC,SO,GM,FDX,ATVI,COF,EQIX,TFC,CSX,EW,SHW,USB,TFC,BDX,EW,FCX,D,PGR,REGN,PGR,CL,MMM,CME,APD,CSX,PNC,LRCX,EOG,ETN,XTSLA,CSX,DUK,PANW,FI,DUK,KLAC,DUK
6COP,PSA,4XS,MS,PCP,YUM,VIAB,NOV,PCP,GM,SO,NEE,ETN,PCP,FDX,ADP,SE,BAX,ABT,ADP,TGT,PRU,TWC,APC,PSX,KMB,CRM,EMR,EMR,ALXN,REGN,PYPL,ADP,SO,ALXN,ADP,KR,MS,GD,NFLX,AET,MS,FDX,RAI,TGT,TGT,RTN,ESRX,BDX,TJX,TJX,ITW,CME,SYK,CI,OXY,SPGI,ISRG,SPGI,GM,INTU,VLO,BSX,FOXA,DE,RTN,NOC,CCI,ZTS,ZTS,EXC,ECL,RTN,MU,ECL,MU,AMAT,GPN,TGT,MMC,APD,ICE,APD,ADSK,BSX,FISV,PGR,VRTX,SHW,GPN,ICE,CL,FISV,NSC,CL,MMC,CSX,BDX,BDX,EQIX,ICE,ICE,FIS,FCX,TJX,EW,NOC,TFC,D,PNC,WM,CSX,XTSLA,HUM,AON,ITW,ITW,ITW,CDNS,ITW,ITW,PYPL,DUK,EQIX,MO,SLB
YUM,LUMN,PSA,CB,ETN,ETN,PCP,FDX,LYB,NOV,AABA,SO,LYB,ADP,PCP,PRU,CL,PX,ESV,GD,SO,ADP,ADP,PRU,YHOO,CRM,SO,SO,ADP,NFLX,ANTM,ALXN,AMT,ADP,ADP,EOG,PSA,RTN,MS,MCK,RTN,NFLX,AET,PYPL,RAI,KMI,PYPL,COF,SYK,CSX,F,SPG,SPG,CME,TJX,ITW,ITW,SPG,SPG,INTU,AIG,PSX,MU,MPC,ILMN,EXC,GD,NSC,MMC,GD,ECL,APD,MMC,APD,EQIX,PSX,NOW,DE,ICE,RTN,KMB,APD,BSX,HUM,LRCX,PGR,HUM,AMAT,ADSK,USB,ADSK,ILMN,NSC,SO,NSC,CB,COF,EW,CME,EL,EQIX,EQIX,EL,F,USB,USB,VRTX,CSX,CL,WM,FISV,BSX,FISV,FISV,BSX,CSX,NOC,EQIX,CME,DUK,CME,SNPS,EQIX,NOC,SLB,CDNS
CB,EMR,VTR,COV,AMT,CB,DE,YUM,ETN,T3W1,CB,ETN,AG4,CBS,DTV,DTV,TFC,APA,CAT,SO,COV,TGT,PSX,DAL,KRFT,EMR,AMT,ANTM,LYB,D,SO,CTSH,PSX,DAL,D,PSX,MCK,PSA,CTSH,COF,COF,HAL,NOC,ADP,HAL,SCHW,PRU,RTN,CSX,OXY,KHC,F,SYK,CSX,SPG,SPGI,SPG,VLO,AGN,VLO,SO,ESRX,CI,NSC,D,ICE,BK,VRTX,VRTX,PLD,PLD,SPG,GD,AGN,APD,GPN,DE,SCHW,NSC,TGT,MMC,MMC,MU,GPN,CSX,GE,NSC,CME,ATVI,EQIX,PNC,NSC,CL,COP,EL,BDX,ILMN,SHW,EL,EW,BDX,CI,XTSLA,SO,AON,ICE,D,USB,EOG,OXY,CL,CL,ETN,PNC,LRCX,USB,EQIX,CME,AON,EOG,KLAC,DUK,ATVI,BX,EOG,SHW
ADP,ADM,ECL,VIAB,AG4,TMO,LOM,FCX,T3W1,ETN,NOV,CBS,AABA,SO,ACT,PCP,CMI,ADP,HP,APA,BAX,LYB,APC,ADP,AMT,ANTM,KMB,ADP,KMB,APC,SCHW,BLK,RAI,RAI,CTSH,COF,CAT,USD,DAL,RTN,NOC,FDX,NFLX,KMI,ITW,JCI,ADP,NOC,TJX,ATVI,CME,BDX,PRU,F,CSX,MET,MET,CTSH,INTU,AIG,AMAT,NSC,NSC,D,SO,BK,RTN,BK,BIIB,MMC,PGR,GD,APD,DE,KMB,AMAT,ICE,NOC,AMAT,BSX,DE,CB,NOC,TFC,GPN,SO,BSX,PGR,ITW,PNC,NSC,DUK,EL,FISV,MMC,COF,GM,CME,CI,CI,REGN,USB,ICE,EL,EOG,LRCX,CL,MU,EQIX,MU,TFC,PXD,AON,AON,TFC,EQIX,AON,NOC,EOG,CME,CSX,ITW,AON,HUM,DUK,ICE
VIAB,TGT,DD,APA,YUM,VIAB,STT,T3W1,YUM,LYB,YUM,VIAB,DTV,BK,ETN,FCX,LLY,GD,MDT,COV,AABA,AMT,BAX,BAX,TWC,YHOO,EMR,KMB,SO,PRU,AMT,ADBE,ANTM,AET,PYPL,RAI,AET,CI,GIS,NOC,PSX,PSA,HAL,ITW,BDX,NVDA,AMT,KMB,CI,BDX,ITW,PRU,USD,PRU,MET,CTSH,CTSH,SPGI,PSX,PSX,PX,BSX,VRTX,SPGI,NSC,NOC,EXC,USD,MU,MU,ILMN,RTN,SPG,GM,SCHW,VRTX,MU,BIIB,APD,NOC,GPN,ATVI,AMAT,USB,ITW,HUM,GE,NSC,NSC,FDX,VRTX,ICE,SO,MMC,BDX,ILMN,ADSK,CI,SHW,AON,AON,SO,CL,GM,D,CL,TFC,ATVI,USB,REGN,D,ITW,BSX,ETN,ITW,HUM,CL,HUM,KLAC,KLAC,SNPS,KLAC,PYPL,CDNS,BDX,ITW
KRFT,VTR,DELL,ETN,GIS,PA9,PA9,PCP,CB,CBS,LYB,CB,GD,GD,GD,ACT,MPC,FCX,JNPR,AMT,PX,BAX,DAL,PSX,BAX,CTSH,YHOO,AMT,CTSH,AMT,PRU,ANTM,REGN,PYPL,PRU,AVGO,COF,FDX,KR,ANTM,CTSH,SYK,BDX,NOC,NOC,AET,KMI,TGT,F,PRU,SYK,CME,F,TJX,MU,CI,COF,PSX,DE,SO,GM,EMR,SPGI,ILMN,CCI,SPGI,MPC,GD,GD,ITW,APD,ICE,EOG,KMB,AIG,ITW,APD,NOW,AMD,ICE,PGR,NEM,MS,ITW,GE,NSC,AMAT,USB,VRTX,VRTX,D,FDX,ITW,CL,SHW,CL,EW,FISV,CSX,NSC,EW,NSC,SHW,EOG,NSC,EQIX,SHW,EQIX,EL,TFC,CSX,ETN,CL,ITW,ETN,PNC,APD,CL,NOC,APD,APD,AON,ITW,KLAC,NOC,MO
GIS,CMI,BIIB,FCX,CB,STT,APA,KRFT,PA9,ITW,JCI,JCI,FCX,AABA,FCX,GD,NBL,TJX,DOW,PX,WMB,ALXN,PRU,AMT,ANTM,ACE,CTSH,AET,AMT,YUM,AET,PRU,DAL,ALXN,RAI,ACE,FDX,MCK,RTN,GIS,PSA,PSX,ITW,SCHW,GIS,COF,COF,KMI,ITW,KMB,PRU,KHC,KHC,SO,COF,CSX,ISRG,SO,CHTR,AMAT,NSC,COF,FOXA,SO,BK,VRTX,AGN,EXC,NOC,ECL,DE,SCHW,MU,USD,SPG,EW,PSX,ITW,SCHW,DE,AMAT,ECL,USB,BSX,ICE,SHW,GPN,FISV,ICE,D,FISV,TWTR,ICE,COF,FISV,ICE,SHW,REGN,SO,ADSK,ITW,BDX,EW,NOC,EQIX,TFC,SLB,HUM,WM,USB,AON,MU,ITW,EQIX,NOC,APD,CSX,APD,SLB,SNPS,ATVI,ICE,APD,AON,ITW,EOG
T3W1,DELL,BEN,TMO,STT,COV,FDX,STT,AABA,CB,ETN,LYB,CRM,VIAB,CBS,ETN,MET,ETN,AMG,TGT,AMT,WMB,ALXN,ACE,ALXN,KRFT,AAL,BAX,YUM,WMB,ADBE,APC,ALXN,FOXA,RTN,AET,DAL,EOG,COF,PSA,GIS,BDX,KMI,BDX,SCHW,HPE,JCI,CME,KMB,SYK,BDX,CSX,DE,COF,PRU,ISRG,GM,GM,MET,CTSH,CTSH,FOXA,VLO,NOC,ICE,AGN,NSC,MMC,AGN,ICE,AIG,MET,ICE,AON,GPN,DD,ITW,APD,AEP,ITW,PNC,ITW,ITW,ICE,PGR,NEM,CB,ICE,USB,NSC,APD,ADSK,APD,ITW,XTSLA,NSC,FISV,SO,FISV,BDX,NSC,CL,ITW,COF,F,NOC,FIS,EW,REGN,ATVI,BSX,WM,CME,CME,CME,MU,HUM,CSX,CL,NOC,SHW,ATVI,CDNS,APD,AON,BDX
EXC,ISRG,TGT,PRU,COV,NOV,CB,PA9,ITW,KRFT,PA9,DE,VIAB,ETN,VIAB,DE,MRO,TGT,TIF,FCX,MU,CRM,MU,PX,ACE,ADBE,KR,YUM,HAL,KMB,CTSH,ADP,KR,PRU,ACE,CI,CI,GIS,ANTM,CTSH,SCHW,MMC,SYK,YHOO,HPE,PRU,KMB,APC,ATVI,CCI,MU,BLKFDS,TJX,ATVI,D,SPG,CCI,HAL,AIG,PX,ILMN,AIG,DE,CCI,VRTX,ZTS,MET,ILMN,ILMN,AGN,MET,VRTX,AGN,EQIX,SLB,ECL,NSC,ICE,AON,EQIX,HUM,KMB,PNC,NEM,SHW,ADSK,DG,HUM,PNC,APD,USB,SO,MMC,SHW,SO,SHW,FDX,ADSK,AON,FIS,CI,ITW,NSC,REGN,VRTX,WM,PXD,LRCX,ATVI,HUM,MU,TFC,WM,CCI,FCX,AON,MPC,ICE,ITW,CL,AON,APD,ICE,ITW,SHW,CSX
PRU,HPQ,IP,PCP,VIAB,FDX,CBS,ETN,KRFT,GIS,DTV,ITW,DE,ALXN,AABA,CB,NKE,PCP,FOXA,NOV,APA,PX,ACE,MU,PX,BAX,AET,YHOO,PRU,ADBE,KR,CI,CI,ACE,DAL,RTN,ANTM,NOC,MCK,HAL,HAL,KR,YUM,YUM,YHOO,GIS,ITW,JCI,COF,F,MMC,CTSH,MU,MU,ISRG,D,SO,INTU,COF,DE,FOXA,CCI,EMR,ICE,SPGI,MPC,MMC,MU,PLD,ILMN,USD,PGR,AIG,LHX,MU,EQIX,EW,AMD,ITW,AON,ITW,ILMN,TFC,ECL,ADSK,KMB,MU,MMC,GPN,EL,DD,GPN,D,ICE,ITW,ADSK,SO,ETN,ICE,TMUS,FIS,ETN,D,CL,PGR,XTSLA,EW,EL,EW,LRCX,USB,AON,MPC,WM,CSX,TFC,ATVI,WM,HUM,ICE,ICE,CDNS,KLAC,CL,ICE,PYPL
ITW,MMC,SE,NOV,NOV,AMT,NOV,CB,DE,PA9,CBS,APA,A60,CRM,DE,APA,CI,YUM,NRG,AABA,CB,CB,PX,KRFT,PRU,USD,HAL,PRU,AVGO,REGN,YUM,USD,YUM,KR,KR,PRU,GIS,COF,NOC,CI,PRU,TRV,EMR,HAL,MCK,YHOO,HPE,ITW,CME,CME,CTSH,COF,ATVI,KHC,HAL,COF,D,PRU,SO,BSX,DE,VRTX,PSX,HUM,ZTS,NSC,ICE,ZTS,ECL,PGR,KMB,EXC,PGR,WM,NSC,NSC,SLB,NSC,EQIX,USD,BAX,PNC,SHW,DE,HUM,NOC,TFC,DG,MMC,SHW,FDX,MMC,ADSK,D,APD,EW,ICE,ICE,CL,COF,ETN,TMUS,EOG,D,NOC,PGR,EQIX,WM,FIS,F,DG,D,EQIX,MRNA,EL,CL,WM,HCA,TGT,WM,NOC,SHW,NOC,ICE,CL,USB
PCP,ECL,PSX,T3W1,ITW,LOM,ITW,ITW,CBS,DTV,ITW,NOV,CBS,FCX,KRFT,YUM,ESRX,KRFT,WAG,CB,NSC,CSX,CSX,ALXN,TRV,PX,BAX,DAL,REGN,SO,APC,DAL,PYPL,SCHW,FOXA,CTSH,NOC,CTSH,CI,EMR,BDX,CTSH,PSX,PSX,NVDA,ITW,CME,HPE,CTSH,ITW,KMB,TJX,CCI,CCI,KHC,EMR,PRU,COF,EMR,COF,D,MET,AIG,TGT,NOC,MET,PLD,MET,BK,FDX,GM,AON,MET,EW,GM,SCHW,DD,EQIX,DE,APD,TFC,COP,DG,KMB,KMB,EW,NEM,ADSK,EL,MMC,SHW,ITW,EQIX,EQIX,EQIX,SO,CL,ILMN,REGN,REGN,SO,APD,EQIX,AON,CHTR,AON,OXY,AON,AON,EQIX,ETN,DG,MU,USB,CCI,MMM,FCX,MMM,APD,CDNS,CDNS,CSX,MPC,MCK,CSX,NOC
ETN,BIIB,CMI,FDX,CBS,FCX,FCX,CBS,GIS,JCI,VIAB,DTV,ITW,JCI,YUM,KRFT,CB,AMT,FLS,PCP,PCP,MU,HAL,CSX,KR,DAL,DAL,ADBE,NFLX,BAX,ADP,SCHW,PRU,ANTM,AET,PSA,ALXN,ANTM,EMR,PRU,KR,ANTM,PSA,COF,COF,PSX,APC,PSX,CCI,CTSH,COF,CCI,ISRG,EMR,EMR,PRU,EMR,DE,F,CCI,BSX,DE,BK,PSX,HUM,MMC,FDX,PLD,FDX,APD,GD,AIG,KMB,NSC,EXC,APD,AON,PSX,KMB,NSC,ILMN,MS,KMB,DG,USB,GPN,ADSK,NEM,GM,ITW,ITW,EQIX,GPN,ADSK,ICE,FISV,HCA,ITW,ADSK,F,TMUS,REGN,REGN,EQIX,GM,NSC,WM,DG,FISV,AON,ATVI,CCI,TFC,ICE,MMM,MPC,ICE,ORLY,WM,HCA,CL,NOC,FDX,WM,PYPL,TGT
TMO,HES,CCI,ITW,LOM,ITW,COV,COV,DTV,AMT,STT,YUM,NOV,ITW,NOV,VIAB,ICE,NOV,EBAY,KRFT,FCX,ANTM,KRFT,TRV,HAL,PRU,ACE,CSX,ADBE,SCHW,CI,RAI,SCHW,RTN,VLO,ANTM,VLO,KMI,TRV,KR,SYK,AEP,HPE,CME,SYK,SYK,ANTM,BBT,MMC,MMC,CCI,DE,COF,PX,PX,CCI,F,PX,PX,D,MET,TGT,HUM,MU,EXC,KMB,MU,ITW,ICE,BIIB,AON,KMB,ITW,VRTX,LHX,SHW,EQIX,ILMN,ECL,SCHW,LHX,AMAT,NEM,NOC,TFC,FDX,KMB,LRCX,ECL,PGR,MMC,ADI,SHW,APD,ADSK,APD,ATVI,HCA,BSX,APD,APD,FIS,PGR,ATVI,CL,EL,ATVI,FIS,HUM,FISV,APD,USB,LRCX,EL,HUM,FCX,CCI,CDNS,ICE,TGT,FCX,CL,HUM,CSX,WM,WM
STT,BHI,ISRG,CBS,T3W1,CBS,8686,JCI,MCK,DE,GIS,AG4,APA,CB,CB,AABA,LO,MU,TXT,MU,SCHW,NSC,TRV,CRM,ITW,HAL,PRU,CTSH,YHOO,ADP,LYB,YUM,GIS,NOC,LYB,GIS,REGN,TRV,SCHW,ITW,ITW,KMI,CTSH,SYK,PSX,BDX,PSX,ANTM,ICE,VRTX,ICE,ISRG,PX,PSX,SPGI,SO,ICE,F,CTSH,MET,COF,D,MET,DE,MMC,HUM,HUM,FDX,ITW,MET,BIIB,BIIB,AMAT,SPG,AMAT,GM,SHW,EOG,LHX,ECL,MS,DE,DE,LRCX,NOC,ILMN,EW,EL,DG,EW,ADI,APD,COF,GPN,FCX,ITW,ITW,CL,ATVI,SO,MCO,AON,TMUS,SHW,EL,FIS,CHTR,CHTR,NSC,EL,EQIX,GM,USB,NSC,CL,CCI,SNPS,EL,ORLY,SHW,TGT,FDX,CSX,MPC,MCK,CL
LUMN,BEN,SWG,STT,FDX,8686,GD,GD,STT,STT,DE,PA9,AMT,COV,COV,NOV,BEN,CB,LLY,DAL,KRFT,TRV,WLP,SCHW,ADBE,ALXN,ADBE,PX,SCHW,CTSH,DAL,GIS,ACE,TRV,TRV,NOC,TRV,EMR,SYK,BDX,ANTM,CCI,CME,HPE,PRU,CME,BBT,SYK,SPGI,SPGI,SPGI,PX,MMC,SPGI,CTSH,MAR,INTU,ITW,ITW,EMR,CCI,CTSH,TGT,BK,MU,FDX,ITW,ICE,KMB,KMB,WM,ITW,BIIB,EXC,AEP,AEP,ILMN,EW,BIIB,KMB,AEP,BAX,EW,PGR,NSC,TFC,ECL,BSX,REGN,ADI,COP,D,ADI,BSX,D,ADI,BSX,AON,HCA,ETN,CL,KLAC,ETN,BSX,NEM,BSX,FISV,FDX,ETN,NSC,PXD,MPC,CCI,LRCX,MPC,ICE,EL,CMG,CMG,ATVI,FDX,MPC,SHW,ORLY,TGT,CMG
MPN,TXN,PPG,LOM,MPN,EXC,AMT,MCK,AMT,AABA,KRFT,STT,CB,YUM,APA,ITW,VFC,VIAB,COL,ALXN,CRM,DAL,ADBE,ADBE,CSX,LYB,SCHW,SCHW,CI,EMR,RAI,KR,RTN,GIS,PSA,TRV,PCP,ALXN,ITW,SYK,MMC,YUM,ANTM,MMC,CME,PX,GIS,GIS,KMI,COF,EMR,MMC,CTSH,HAL,CCI,PX,MMC,D,HAL,VRTX,EMR,HUM,PX,ZTS,MET,ITW,ZTS,AGN,EMR,OXY,VRTX,WM,LHX,SCHW,ITW,SPG,COF,AON,WM,ATVI,EW,EW,NSC,SHW,EW,DG,EL,PNC,XTSLA,HUM,EL,SHW,PGR,EW,ADI,BSX,APD,FDX,ETN,ITW,COF,WM,FISV,NSC,BSX,FCX,ITW,NSC,ITW,BSX,EW,GD,NSC,TFC,MRNA,WM,CDNS,SNPS,ATVI,F,MMM,HUM,MCK,PYPL,CMG,PNC
8686,ADBE,WAG,WMB,EXC,GD,MCK,AMT,GD,8686,COV,KRFT,JCI,NOV,GIS,GIS,MHFI,ADBE,EMC,ITW,ADM,KRFT,WMB,PCP,CRM,TRV,ALXN,ACE,BAX,HAL,HAL,LYB,FOXA,LYB,NOC,VLO,FOXA,FOXA,YUM,SCHW,ALXN,ITW,EXC,PRU,EMR,MMC,EMR,DAL,BBT,ICE,DE,EMR,SPGI,KMB,SO,BBT,PX,ESRX,CCI,ESRX,VRTX,CI,CCI,VRTX,MPC,ECL,ILMN,ECL,PGR,EMR,AEP,TGT,WM,AIG,PSX,AIG,KMB,HUM,PGR,AEP,REGN,PGR,ADSK,ADI,DG,MU,USB,GPN,HUM,ILMN,GPN,BSX,ILMN,PGR,BSX,D,NSC,BSX,ILMN,MCO,KLAC,D,COF,PGR,ATVI,ATVI,EL,SHW,BSX,PXD,SLB,MCK,ICE,EMR,ICE,EL,MMM,ATVI,HCA,CMG,WM,WM,CL,PXD,HUM,FCX
MCK,DC7,MX4A,MPN,MCK,MCK,GM,8686,8686,YUM,8686,GD,COV,KRFT,AMT,AMT,PPL,ITW,AES,SCHW,ANTM,ITW,ITW,ITW,CTSH,ITW,PX,AAL,KR,KR,ACE,HAL,AVGO,CI,CI,BDX,PRU,SYK,EXC,FOXA,DAL,EMR,COF,PX,MMC,EMR,DAL,EMR,EMR,EMR,BSX,SPGI,KMB,ESRX,MAR,ICE,VRTX,EMR,NSC,EA,ESRX,GM,D,EMR,COF,EMR,EMR,MPC,TGT,BK,ITW,AEP,AON,AMAT,AON,LHX,ECL,ECL,SLB,LHX,ECL,DG,COP,COP,AON,USB,NOC,ECL,EW,ECL,REGN,VRTX,NXPI,XTSLA,EW,ETN,ETN,ATVI,ITW,CL,WM,XTSLA,APD,ITW,WM,FISV,AON,APD,OXY,ICE,ITW,APD,MRNA,SHW,XTSLA,GM,HCA,MPC,SHW,FDX,NXPI,TGT,ABNB,SHW,APD,MCO
CBS,SE,SO,8686,8686,GM,JCI,CRM,CRM,-,AMT,GIS,KRFT,DE,CRM,COV,M,JCI,EOG,CRM,ALXN,XTSLA,NSC,ANTM,LYB,YUM,LYB,WMB,PX,PX,WMB,ACE,PCP,APC,GIS,BRCM,ICE,BDX,KMI,PX,TRV,EXC,MMC,CTSH,APC,APC,BDX,BDX,VRTX,REGN,PX,BBT,ICE,CTSH,ESRX,ESRX,MAR,ICE,ESRX,F,ITW,USD,COF,MMC,ITW,PLD,PSX,EMR,APD,COF,TGT,MU,EW,AEP,EW,KMB,SPG,SHW,COF,WM,AON,NSC,AON,NSC,ECL,EL,LRCX,KMB,ADI,GM,EW,COF,VRTX,HUM,ILMN,MCO,ADI,EMR,D,WM,NXPI,MCO,VRTX,ETN,FIS,NEM,MPC,BSX,SHW,EW,ICE,LRCX,GM,GD,WM,SNPS,KLAC,SHW,MMM,MCK,HUM,ORLY,WM,FDX,MPC,APD
VLO,IP,S,CSX,CSX,LYB,AG4,LYB,JCI,COV,GD,AMT,ALXN,AMT,SCHW,TRV,TXN,DE,WYND,ADBE,NOV,ADBE,CRM,NSC,AET,AET,TRV,ALXN,DAL,YHOO,GIS,AVGO,CME,PSA,ANTM,PCP,SYK,CME,AEP,MMC,YUM,CME,SCHW,TRV,EBAY,ICE,MMC,TRV,DE,BSX,HAL,KMB,PSX,NSC,PSX,MMC,HAL,CCI,USD,NSC,CI,PX,CTSH,COF,PLD,AEP,ECL,PGR,CTSH,AON,EQIX,COF,TGT,ITW,PGR,AON,HUM,COF,XTSLA,PGR,DG,SHW,BAX,PNC,PNC,LRCX,AON,NOC,PGR,DD,PGR,XTSLA,ETN,ILMN,NEM,F,EMR,NSC,NSC,HCA,FISV,FDX,ATVI,HCA,MRNA,ETN,HUM,OXY,F,APD,LRCX,ADM,PXD,DG,NSC,ATVI,VLO,EW,MCK,ORLY,ORLY,HCA,EMR,GD,USB,MCK
LYB,PPG,EMR,AEP,GD,AG4,AABA,GM,COV,CRM,ECL,COV,GIS,ADBE,ITW,CBS,XTSLA,AABA,MON,ETN,ADBE,SCHW,PCP,ADM,NOC,KR,GIS,KR,ACE,AVGO,EMR,WMB,PSA,HAL,HAL,FOXA,YUM,ITW,PX,YUM,EMR,CI,AEP,EBAY,PX,SPGI,YHOO,AMAT,REGN,EA,PSX,PSX,EMR,MMC,BBT,VRTX,CI,CI,D,ICE,HUM,SO,SO,EXC,EMR,CTSH,CTSH,AON,AEP,PRU,COF,WBA,ILMN,SLB,SHW,SLB,AIG,DD,EXC,EW,SCHW,SCHW,PGR,AON,MCO,ECL,MCO,EW,ETN,DG,ECL,AON,BSX,AON,NXPI,REGN,MCO,D,WM,BSX,D,ADSK,BSX,VRTX,ETN,HUM,BSX,ICE,KLAC,GM,EL,OXY,DG,MU,KLAC,KLAC,ORLY,FCX,FDX,XTSLA,HCA,MMM,ORLY,CMG,ORLY,MMM
MRO,DHR,BDX,KMI,JCI,ANTM,EXC,AG4,AG4,GD,AG4,8686,RTN1,GIS,JCI,ALXN,DUK,PXD,MAC,NSC,CSX,ETN,ADM,RTN,GIS,CSX,YUM,REGN,WMB,DAL,TRV,EMR,NOC,VLO,AVGO,YUM,BRCM,AEP,CME,KMI,CME,YHOO,TRV,EMR,YUM,ANTM,SYK,MMC,PX,PX,ISRG,ICE,EXC,MAR,NSC,EBAY,ZTS,MMC,BSX,ITW,TGT,ICE,GM,MET,CTSH,PSX,PGR,CTSH,AON,VRTX,WBA,EQIX,EXC,PGR,WM,EXC,EMR,KMB,EW,BAX,NSC,LHX,LHX,MCO,ROP,MCO,PNC,AEP,KMB,BSX,BSX,ETN,HUM,ETN,PGR,EMR,D,GM,MCO,D,FDX,FISV,AON,FISV,FISV,PSA,FCX,FISV,ICE,FIS,MPC,NSC,SHW,FCX,PXD,CDNS,FDX,KLAC,EW,FCX,MPC,FCX,PSX,ROP,FDX,ANET
KMI,SYY,BRCM,MCK,AABA,JCI,LYB,EXC,ECL,ECL,RTN1,CRM,YUM,APA,RTN,DAL,TROW,CBS,MET,TRV,TRV,RTN,YUM,HAL,YUM,JCI,WMB,NFLX,JCI,GIS,NOC,PCP,LYB,AVGO,EBAY,EMR,BDX,SCHW,PRU,DAL,KMI,COF,YHOO,ICE,CI,BBT,AMAT,CI,ESRX,BBT,VRTX,BSX,BBT,ICE,ICE,F,BBT,BBT,ICE,MMC,ICE,ZTS,ZTS,PGR,ECL,COF,AEP,PSX,MET,WBA,KMI,AMAT,ADI,EL,ILMN,COF,GM,AEP,SHW,LRCX,SHW,REGN,EL,BAX,BIIB,PNC,ILMN,ADI,AON,REGN,HUM,ECL,EMR,VRTX,ETN,XTSLA,REGN,MCO,APD,ILMN,XLNX,COF,FDX,FIS,HCA,ITW,ICE,ITW,DG,SHW,NSC,ORLY,GD,ATVI,SHW,ORLY,SHW,CCI,MCO,EW,MCO,MCK,PXD,EMR,MCO,ABNB
WMB,WAG,APD,GD,LYB,MRO,MRO,AABA,CSX,PXD,CRM,CTSH,PA9,CTSH,CTSH,-,IP,DAL,PVH,GIS,YUM,STT,LYB,LYB,NSC,NSC,ITW,GIS,ETN,ACE,VLO,NOC,TRV,ECL,CME,LYB,SCHW,REGN,BDX,TRV,YHOO,PX,PRU,PSA,SPGI,AEP,CI,YHOO,HAL,ESRX,EBAY,EXC,NSC,ISRG,F,TGT,VLO,MAR,CI,ZTS,PRU,AMAT,ITW,PLD,AON,ATVI,KMB,KMB,WM,ADI,FIS,HRS,COF,EOG,BAX,WM,WBA,EMR,BAX,SHW,NEM,ADSK,MCO,BIIB,XTSLA,BIIB,BIIB,GM,BSX,XTSLA,NEM,EW,ECL,ADI,AON,PGR,AON,WM,XTSLA,ATVI,ADSK,FCX,MRNA,HUM,SHW,F,NSC,GD,MRNA,ITW,MCK,ICE,EMR,MPC,ATVI,HCA,GD,FDX,F,HUM,USB,EMR,FCX,AJG,ROP,NXPI
CTSH,SYK,SRE,NSC,MRO,KMI,ANTM,ANTM,PXD,ADM,SWG,SWG,STT,RTN1,ADBE,SCHW,PSX,CRM,DD,ADM,RTN,GIS,JCI,STT,MU,SCHW,RTN,JCI,GIS,JCI,RTN,TRV,APC,CME,EMR,VRTX,CME,MMC,YHOO,EXC,CI,BSX,PX,CI,PSA,PSA,PX,CTSH,PSX,JCI,NSC,JCI,MAR,USD,MMC,INTU,PSX,NSC,BBT,CI,MMC,MMC,ICE,CTSH,KMB,MU,AMAT,AEP,MPC,DOW,AFL,ADI,AEP,SHW,EL,ILMN,AEP,GM,SRE,HUM,DLR,AEP,AEP,EW,EL,AON,WM,ILMN,NEM,AON,COF,EMR,EW,ECL,EMR,HUM,IDXX,APD,EMR,DXCM,HCA,HCA,KLAC,EMR,ITW,GM,GM,SLB,SNPS,ETN,SHW,SHW,MCK,PXD,VLO,SHW,PNC,GIS,GIS,MMM,MCK,PXD,ROP,TGT,GD,APH
LOM,MX4A,ALXN,PEAK,NSC,AET,CSX,CSX,EXC,NBL,CTSH,A60,CTSH,SWG,ALXN,BHI,PLD,TRV,CSC,ANTM,STT,PCP,RTN,ETN,EXC,ETN,CI,ITW,CSX,DE,PX,RTN,HAL,PX,PX,CME,KMI,PRU,MMC,YHOO,FOXA,PCG,REGN,ANTM,TRV,EXC,CSX,CSX,BSX,HUM,BBT,NSC,AEP,VLO,VRTX,HAL,STZ,ZTS,PRU,EXC,ZTS,ITW,PLD,ITW,PSX,APD,AIG,APD,PSX,AEP,TRV,EMR,PSX,BIIB,VRTX,EMR,LHX,EL,ATVI,ADSK,RTN,AON,WM,EL,BAX,ROP,ADI,AON,ILMN,NEM,DG,PGR,AON,FCX,GPN,NXPI,WM,NXPI,F,HUM,ECL,BSX,WM,WM,PSA,DG,ETN,ETN,FDX,MPC,GD,F,F,KLAC,HCA,NSC,EW,PNC,PXD,MCO,PNC,PH,VLO,PSX,ANET,PH
ISRG,PCLN,PCAR,AABA,KMI,AABA,TFC,WMB,ANTM,AG4,A60,CSX,8686,PA9,NSC,VLO,VTR,BHI,SBUX,JCI,ECL,YUM,CTSH,JCI,JCI,RTN,REGN,ETN,ADM,CSX,VRTX,VRTX,VLO,PCP,PCP,ICE,EMR,YUM,ALXN,ALXN,ICE,PRU,CI,SPGI,ANTM,AMAT,CTSH,ICE,JCI,KMI,JCI,STZ,INTU,STZ,VLO,KHC,ESRX,HUM,MMC,ILMN,EXC,PLD,PRU,PRU,BBT,PGR,COF,WM,EW,AMAT,AGN,PRU,VRTX,MET,EOG,ATVI,WM,SPG,HUM,EXC,WM,ADI,ADI,WM,DLR,BAX,SCHW,MCO,NOC,EMR,EMR,HUM,KLAC,NOC,HCA,GPN,GPN,IDXX,NOC,FISV,FCX,NXPI,HCA,SLB,EMR,SLB,KLAC,PXD,APD,DG,SRE,ATVI,ORLY,MCK,MCK,VLO,GM,PXD,MPC,GM,NSC,ROP,NXPI,ABNB,PH,FDX
CSX,INTU,DHR,JCI,WMB,TFC,ECL,RTN1,RTN1,NSC,CSX,RTN1,SWG,8686,STT,EXC,WM,GIS,NWL,YUM,GIS,JCI,STT,GIS,REGN,NOC,JCI,TRV,ALXN,VLO,AVGO,PX,SYK,EBAY,VRTX,ECL,AEP,PX,FOXA,AEP,AEP,ECL,BSX,AMAT,AMAT,DAL,ICE,PX,DAL,ISRG,AON,EBAY,VLO,BBT,KMB,NSC,KMB,STZ,ZTS,HUM,KMB,EXC,EXC,ECL,PRU,WM,TGT,COF,KMI,CTSH,PRU,AFL,WBA,BAX,BIIB,MPC,EL,ATVI,AIG,COF,EXC,MCO,SCHW,ROP,AEP,WM,ROP,DD,DD,ETN,ETN,FCX,TWTR,EMR,F,TWTR,NXPI,XTSLA,FDX,EMR,DXCM,PGR,EXC,GD,SLB,GD,APD,CNC,CNC,SLB,GM,EQIX,ADM,ORLY,SNPS,GD,GIS,AZO,FCX,NXPI,GM,CMG,MMM,MMM,PSX,LULU
CRM,PPL,HCN,PSA,DC7,CSX,SWG,MRO,WMB,A60,ANTM,NSC,NSC,ECL,TRV,RTN,EMR,NSC,HAL,VIAB,ITW,EXC,SCHW,CTSH,RTN,WMB,CSX,CI,ITW,STT,YHOO,VLO,PX,AAL,ECL,EBAY,ITW,EXC,HAL,CME,HPE,ICE,EBAY,ECL,APD,TRV,TRV,PSA,EA,PSX,KMI,MAR,HUM,INTU,TRV,USD,NSC,BSX,MAR,TGT,BBT,PRU,MMC,VLO,HCA,AON,PRU,PRU,ADI,WM,BK,KMI,EQIX,ILMN,COF,WBA,EXC,AIG,EMR,EL,EL,DLR,ROP,AEP,WM,USD,DD,WM,WM,NOC,AON,KLAC,WM,WM,NOC,NOC,TWTR,PGR,IDXX,FDX,PGR,HUM,MCO,PXD,PXD,EMR,FDX,MRNA,EMR,MCK,SNPS,EMR,FCX,D,EMR,USD,USB,MCK,CCI,NSC,CMG,NXPI,XTSLA,FCX,MMM,GD
PSA,BRCM,PNC,ALL,ANTM,SWG,DC7,ECL,MRO,RTN1,NSC,ADM,WMB,STT,DAL,JCI,HUM,SCHW,CNX,CSX,DAL,NOV,GIS,YUM,AEP,MU,VLO,RTN,TRV,ETN,BDX,EBAY,ECL,EMR,BDX,ITW,CCI,VLO,HPE,ECL,EXC,SCHW,CCI,BSX,BSX,CTSH,MCK,EXC,AON,AON,ESRX,HAL,ESRX,VRTX,STT,VLO,FOXA,TGT,FOXA,HAL,EA,HPQ,PGR,HPQ,PGR,AFL,BBT,ADI,BAX,AIG,OXY,EL,SHW,PSX,GD,GD,PGR,WM,EL,ADI,LRCX,EL,LRCX,DD,ADI,ADI,ETN,ETN,EMR,MCO,KMB,REGN,NOC,NXPI,HUM,FCX,PGR,ECL,DXCM,KLAC,BSX,ILMN,ADSK,FDX,FDX,PXD,NEM,AEP,PXD,SNPS,PSA,DVN,VLO,ADM,DG,MCK,MCK,DG,NSC,EMR,ROP,MCO,CMG,USB,ABNB,PSX
GD,AG4,FE,LUMN,HNZ,DC7,AET,AET,CTSH,CSX,ADBE,ECL,VLO,PXD,ECL,NSC,PEAK,EXC,LH,STT,ETN,DE,BLKFDS,EXC,LUV,GIS,AVGO,STT,STT,PPG,DE,CME,EMR,YHOO,MPC,CB,ECL,CCI,VLO,BSX,PX,HPE,KR,CCI,ICE,BLKFDS,PXD,KR,EBAY,EQIX,EA,EA,TRV,EXC,TGT,ZTS,EBAY,VRTX,EA,PRU,F,KMB,HPQ,BBT,AEP,TGT,WM,BBT,COF,MPC,F,F,BK,COF,WBA,DG,AMD,EXC,ADSK,SRE,CNC,WM,CNC,SCHW,EA,DLR,BAX,BIIB,MCO,KMB,NOC,DG,HCA,HCA,WM,HCA,FCX,NOC,PGR,IDXX,HUM,ECL,EMR,PSA,HUM,APD,F,PSA,GM,GD,FIS,MRNA,KLAC,HCA,D,PSX,EMR,KMB,ROP,ROP,PXD,MAR,TGT,XTSLA,APH,ROP
AEP,SRE,WM,VTR,TFC,MX4A,SE,KMI,DC7,CTSH,ADM,ADBE,ADBE,DAL,CSX,GLW,PNC,CSX,NKE,ECL,DFS,ADM,ETN,PPG,PPG,DE,ETN,ADM,HUM,ITW,STT,STT,BRCM,YUM,YUM,EQR,PX,LYB,PPG,PPG,ECL,AFL,SPGI,AEP,ECL,PCG,HUM,MCK,TRV,EBAY,EXC,HUM,STZ,ALL,INTU,STT,EXC,FOXA,ILMN,BBT,MAR,BBT,ECL,AON,AIG,AIG,AON,HUM,EQIX,F,EMR,FIS,PRU,ADI,ADI,EL,GD,WBA,LRCX,MCO,WBA,CNC,GIS,DLR,FDX,EMR,AEP,BAX,ROP,WM,BIIB,F,DG,DG,VRTX,WM,ECL,CMG,NXPI,PGR,ILMN,JCI,NOC,MRNA,APD,HCA,USD,KLAC,GD,CNC,OXY,FIS,ATVI,GIS,GM,FDX,MRNA,MSI,MSI,PNC,APH,APH,USB,MCO,PXD,AON
NSC,PNC,AG4,HNZ,ALL,MPN,ADM,PXD,SWG,SWG,PPG,MPN,CSX,NSC,GLW,CTSH,A,ALXN,BBY,DE,DE,ECL,EXC,DE,DE,PPG,NOC,NSC,DE,RAI,BBT,BDX,AEP,LUV,ITW,BBT,EQR,BLKFDS,ECL,REGN,REGN,FOXA,PCG,BBT,CCI,CCI,SPGI,NSC,EXC,AEP,STT,VRTX,ALL,TRV,HUM,KMB,TRV,EXC,EXC,APC,HPQ,PGR,KMB,F,DAL,FIS,HCA,AIG,AMAT,TGT,FDX,FDX,FDX,DG,EMR,SYY,ROST,ADI,ILMN,ROST,MCO,LRCX,TMUS,EA,DXCM,ETN,DXCM,ROP,USD,COF,WM,HCA,REGN,MCO,MCO,IDXX,HUM,JCI,ECL,ECL,JCI,NOC,SLB,NEM,GD,SRE,VLO,MCK,SLB,SRE,GIS,PSX,PSX,AEP,GD,AZO,F,MCO,PNC,APH,F,USD,HCA,APH,MSI,HUM
DVN,S,AMAT,MRO,AET,SE,KMI,TFC,REGN,PPG,MMC,ANTM,ECL,WMB,EXC,CRM,COF,DVN,EXPE,BHI,JCI,CTSH,DE,KR,GLW,AVGO,NSC,DE,RTN,TRV,MMC,SYK,BDX,VRTX,BRCM,CAH,LYB,ICE,LYB,ETN,BXLT,BBT,ICE,EXC,AEP,CI,APD,APD,EQIX,PCG,HUM,INTU,VRTX,DAL,EBAY,HPQ,TGT,ECL,HUM,MAR,APC,BLKFDS,BAX,ROST,ATVI,PRU,VLO,TGT,PRU,PSX,AMAT,TRV,EL,XTSLA,BBT,PGR,ATVI,LHX,EOG,ILMN,ADSK,GIS,DLR,GIS,COP,DD,DLR,CTSH,CTSH,ROP,KLAC,NOC,NEM,REGN,ECL,AON,DG,FCX,CMG,FCX,XTSLA,PSA,FCX,KLAC,KLAC,COF,EMR,NEM,SRE,AEP,ADM,VLO,OXY,SNPS,F,DG,PXD,SRE,NXPI,PH,EMR,PSX,GD,PH,FCX,TDG
NEM,ALXN,PCLN,LYB,CRM,NSC,ALL,MPN,ADM,BHI,NTH,VLO,TFC,PPG,AFL,WMB,PH,ANTM,APC,RTN,VIAB,FCX,AET,AET,ADM,VLO,ECL,NOC,NOC,NOC,EBAY,ECL,CB,ITW,SYK,SYK,MMC,PCG,PCG,CCI,BSX,STZ,ECL,NVDA,PXD,PXD,NSC,CCI,ETN,EXC,PCG,AEP,HAL,EBAY,EA,HUM,BSX,STT,TGT,KHC,MPC,ECL,MAR,AIG,TGT,BBT,ADI,AMAT,AIG,ADSK,MU,BK,KMI,WBA,SYY,BBT,BAX,SYY,GM,EMR,COP,EXC,DD,DXCM,DD,SCHW,EMR,EXC,COP,CTSH,MCO,MCO,MCO,NEM,REGN,VRTX,F,A,KLAC,MSCI,EMR,EXC,PSA,APD,ILMN,MCO,COF,EMR,CDNS,KLAC,CDNS,XTSLA,MET,PSX,SRE,SRE,APH,GD,GM,DXCM,XTSLA,GD,PH,MAR,AJG,MPC
JCI,D,CAM,CCI,GLW,ADBE,MPN,ADM,ADBE,ANTM,MPN,PPG,MPN,CSX,ADM,ADM,GM,ECL,TSO,PXD,EXC,MMC,MMC,MMC,ETN,CI,PPG,MU,MMC,MMC,ECL,PSA,BBT,SYK,APC,PX,HAL,HAL,CCI,AFL,CCI,AON,BBT,PCG,BBT,YUM,PSA,BLKFDS,AEP,NSC,EQIX,TRV,EQIX,FOXA,HPQ,FOXA,EA,KMB,VRTX,HPQ,HAL,MPC,AMAT,KMB,WM,HCA,AFL,AFL,AFL,BBT,SRE,PSX,HUM,PSA,DG,EOG,BK,BAX,MCO,GM,ADI,ROP,EXC,EMR,GIS,COP,CTSH,DLR,AEP,ROST,HCA,IDXX,FCX,KLAC,DOW,BIIB,NOC,DG,MSCI,EOG,DG,SNPS,NXPI,MCO,MCO,CHTR,SRE,SRE,AEP,PSA,ORLY,AZO,HCA,SRE,PSX,XTSLA,NSC,ROP,GD,CCI,MAR,USB,MCO,MSI,PNC,TT
TFC,PCAR,K,ADBE,ECL,ECL,CRM,DC7,NSC,ADBE,DC7,DC7,DAL,BHI,TFC,ADBE,MYL,CTSH,ESRX,AET,AET,APA,REGN,REGN,STT,GLW,STT,MMC,VRTX,ECL,CSX,MMC,MMC,BDX,LUV,HAL,EXC,YHOO,ETN,BBT,SPGI,JCI,AFL,AFL,EXC,ECL,LYB,VLO,PCG,ECL,AEP,AON,BSX,STT,FOXA,EA,KHC,EA,STZ,KMB,ECL,DAL,ETN,AEP,F,BAX,APD,HCA,FIS,KMI,PSA,BAX,EMR,KMI,ATVI,VLO,BBT,SRE,SYY,DG,ROP,DD,EMR,LHX,SCHW,EA,GIS,EMR,LHX,HCA,CTSH,MET,DOW,MET,DG,ECL,KLAC,HUM,DG,NOC,NOC,IDXX,ILMN,XTSLA,COF,MPC,GD,XTSLA,CHTR,FDX,CNC,MET,SRE,VLO,CDNS,EMR,MCO,D,AZO,MPC,DXCM,AJG,APH,LULU,NXPI,ORLY
ALL,HCN,STI,ECL,VLO,ALL,ADBE,SWG,NBL,MMC,MX4A,MMC,ADM,GLW,BHI,AFL,OMC,PPG,HAR,MMC,MMC,DFS,DFS,AMAT,SCHW,ECL,MMC,ECL,PPG,VRTX,SYK,BBT,STT,JCI,BBT,MMC,PCG,LUV,LUV,PCG,PCG,INTU,DAL,REGN,PCG,BSX,KR,EBAY,ISRG,DAL,INTU,EQIX,HPQ,AEP,LYB,TRV,HUM,EBAY,MPC,STZ,ETN,MAR,HCA,HCA,AMAT,HPQ,ATVI,XTSLA,TRV,MAR,BBT,MAR,BAX,OXY,SRE,BK,ADI,LRCX,GD,SPG,ETN,SRE,XTSLA,CNC,EXC,DXCM,EA,XEL,EXC,TWTR,EA,DOW,F,ROP,MET,DG,CMG,MSCI,HUM,NXPI,MSCI,VRTX,JCI,USD,SRE,AEP,AEP,LHX,MCO,ADM,F,PSA,AZO,MET,MCO,GIS,MSI,DXCM,PSA,FTNT,PH,PNC,MAR,TDG,TDG,EMR
PEAK,MS,DE,ADM,AEP,ADM,WMB,ADBE,KMI,DC7,AET,WMB,PPG,DC7,VLO,ANTM,WY,AET,SPG,DFS,BHI,AET,PPG,WMB,WMB,STT,ADM,PPG,BRCM,ADM,CME,ITW,EBAY,MMC,JCI,YHOO,CAH,ECL,AON,HPE,BBT,SPGI,JCI,KR,REGN,EBAY,ECL,AEP,ECL,INTU,MAR,HPQ,STT,LUV,BSX,PSX,STT,TRV,ECL,ECL,SHW,SHW,BBT,WM,HPQ,SHW,BAX,BAX,EL,TRV,ROP,EW,BBT,SRE,MPC,ROST,SYY,PGR,SPG,SLB,GIS,EMR,EA,EXC,CNC,AEP,GM,IDXX,HCA,IDXX,CMG,NEM,KMB,DOW,KLAC,NEM,VRTX,VRTX,ALGN,DG,SNPS,EMR,HUM,ILMN,XTSLA,ADM,MRNA,SNPS,PSA,EMR,AEP,CNC,EL,GM,ORLY,PXD,NXPI,AEP,APH,MSI,MCHP,CARR,AJG,PNC,TT,MAR
CCI,FE,OMC,VLO,S,WMB,RTN1,NSC,MMC,MRO,MRO,TFC,DC7,NTH,ANTM,CSX,MJN,STT,PWR,DVN,PXD,REGN,ALL,NOC,ALL,PCP,CME,AVGO,ECL,BDX,ITW,CCI,EQR,CB,CB,CCI,STZ,EQR,REGN,LYB,AON,DAL,FOXA,ETN,ATVI,STZ,AON,PCG,MCK,STZ,REGN,ETN,AON,APD,STZ,BSX,HPQ,APD,LYB,BAX,APD,HCA,SHW,DAL,FIS,AMAT,EW,KMI,HUM,EQIX,ADI,ROP,AFL,ROST,KMI,HUM,EOG,BK,KMI,ETN,SRE,ETN,SRE,ETN,ETN,LHX,LHX,SRE,IDXX,COP,F,KMB,MET,ROST,JCI,ROP,ROP,KLAC,JCI,JCI,IDXX,DG,PXD,AIG,AIG,ROP,DG,GM,MCK,CDNS,EMR,GIS,D,AIG,AEP,EW,SRE,EMR,DG,GD,EW,NSC,F,HCA,MAR,HCA
AABA,FDX,PX,ANTM,MMC,PSA,NSC,MMC,PPG,CCI,NBL,PXD,NTH,ANTM,WMB,ECL,LYB,DFS,COST,CBS,NOC,NOC,ECL,AEP,PSA,ADM,BDX,VRTX,VLO,CME,JCI,YHOO,ITW,BBT,STT,AEP,EBAY,CAH,APD,BXLT,AFL,PPG,APD,APD,SE,ATVI,ETN,ECL,LUV,DE,ETN,ESRX,APD,LYB,ZTS,STZ,DAL,MPC,PGR,ADI,AFL,F,ROST,FIS,APD,EW,HPQ,SHW,XTSLA,VLO,CTSH,SRE,ROST,ATVI,ROST,SRE,AFL,ROST,ADI,GD,XEL,TMUS,SBAC,GD,EMR,GIS,XEL,GIS,COF,EA,ROP,WM,JCI,IDXX,IDXX,KLAC,JCI,TWTR,TWTR,INFO,EXC,IQV,GD,NXPI,DG,DOW,NXPI,KMB,MPC,CHTR,KLAC,SRE,SNPS,XTSLA,MET,F,PSX,PSA,MAR,PXD,PSX,VLO,PNC,AZO,LULU,NSC
CMI,AMAT,EL,CRM,PPG,MMC,MMC,ALL,AET,GLW,BHI,ALXN,ANTM,AET,DFS,STT,EIX,ADM,NAVI,VLO,CTSH,AEP,NOC,DFS,MMC,MMC,LUV,BHI,AAL,BBT,PSA,BRCM,JCI,BRCM,MMC,ILMN,ORLY,EBAY,ICE,ICE,PPG,APD,STZ,AON,ETN,AON,CCI,LUV,INTU,TRV,STZ,VLO,ECL,HUM,DAL,TEL,ECL,AFL,HPQ,LYB,KHC,ADI,AON,KHC,AFL,ADI,SHW,ADSK,BBT,AFL,EW,BBT,TRV,TRV,OXY,ADI,SRE,GD,PSX,KMI,ROST,XEL,ETN,EBAY,CTSH,GM,SBAC,PSA,DOW,AEP,IDXX,TEL,TEL,KMB,ROP,JCI,NEM,DXCM,A,EXC,INFO,INFO,NEM,LHX,SNPS,OXY,ADM,GIS,XTSLA,VLO,VLO,DXCM,GIS,AZO,PSA,MET,PSA,NSC,SRE,MCHP,GD,MSI,CARR,ANET,EMR,PXD
HES,WM,NEE,DC7,PSA,AEP,PSA,CI,TFC,NTH,ALL,ICE,AET,ADM,AET,MU,KMB,RTN,DUK,EXC,PPG,ALL,AMAT,ALL,CCI,REGN,CAH,BDX,MU,RTN,MPC,ADM,HUM,CCI,YHOO,LUV,YHOO,ETN,BXLT,LUV,JCI,WM,ETN,PXD,AON,KR,EXC,PXD,HUM,HAL,VLO,KMI,ZTS,TGT,ETN,EXC,PGR,ILMN,ADI,PLD,WM,APD,APD,SYY,TRV,VLO,F,FIS,ROP,EL,ADSK,OXY,OXY,HUM,BK,AFL,DG,KMI,ROST,EOG,GD,EA,ROST,SRE,EBAY,XEL,TWTR,LHX,KLAC,EXC,XTSLA,BIIB,ROST,F,EOG,EOG,DXCM,F,FCX,ROP,EOG,APH,DG,ADSK,AEP,MAR,HCA,EXC,HCA,GIS,CMG,LHX,AEP,EW,EW,D,AEP,GM,KMB,MAR,FTNT,ADSK,TDG,NXPI,CCI,ADSK
PPG,PA9,LO,TFC,SWG,NBL,PPG,HES,ALL,ALL,AON,GLW,BHI,TFC,MMC,PXD,AVGO,GLW,HRS,NFLX,NFLX,PPG,KR,GLW,PCP,AMAT,DE,MYL,PCP,HUM,PPG,CB,CSX,PPG,EQR,MPC,PPG,HUM,EQR,AON,ETN,ETN,NVDA,STZ,STZ,SE,FOXA,HUM,STZ,PLD,TRV,APD,DAL,EQIX,EXC,ETN,ETN,HPQ,APC,FIS,ADI,BAX,EA,APD,SHW,TRV,FIS,MAR,VLO,FIS,JCI,SHW,MAR,ROP,TRV,BAX,MPC,MAR,ROP,ROP,SBAC,ALL,EBAY,FDX,SRE,EBAY,COP,EA,APH,DOW,EXC,ROST,BIIB,JCI,TWTR,DOW,ALGN,ROP,EXC,SNPS,TEL,TEL,SPG,MET,ADM,AIG,PSA,MPC,NXPI,MCO,AZO,CTVA,CNC,ROP,JCI,PSA,DG,PSX,EMR,KMB,CARR,F,TT,VLO,HCA,CTAS
ANTM,NTH,AMP,HES,RTN1,LUMN,MX4A,PPG,MX4A,EXC,GLW,NTH,MMC,MMC,PPG,MPC,NEE,SE,ACN,PPG,CCI,VIAB,NOV,LUV,EQR,CME,PCP,PCP,CME,SYK,ADM,HUM,CCI,STT,ICE,HPE,BBT,AON,HUM,SPGI,LYB,REGN,ALXN,INTU,DAL,ALXN,PCG,ETN,ALL,MU,PLD,STT,PLD,JCI,APD,DAL,TEL,PGR,EBAY,PGR,BAX,ETN,EW,MAR,ADI,RHT,KMI,ROST,MAR,ROP,APC,MPC,ROP,FDX,AFL,LRCX,MET,DOW,DG,AIG,PSA,ROST,PSX,SBAC,LHX,SRE,EXC,CNC,BAX,BAX,DLR,ALGN,BAX,IQV,IQV,IQV,BIIB,BIIB,VRTX,PSA,SPG,XLNX,XLNX,CNC,OXY,FDX,DOW,F,ADSK,ORLY,CTVA,HCA,CTVA,KMB,AIG,AEP,D,F,EL,TDG,MSI,EW,AZO,SRE,NSC,XTSLA
BHI,NEE,DTV,BEN,PEAK,RTN1,ALXN,SE,PSA,WMB,DAL,AON,GLW,NFLX,PXD,MMC,FITB,MMC,FDO,APD,TFC,TFC,VIAB,VRTX,ECL,APD,ALL,VLO,MYL,MPC,INTU,DE,AAL,EQR,CCI,KMI,INTU,PPG,CAH,APD,APD,HCN,AMAT,JCI,AFL,ETN,AFL,DE,STT,ALL,ECL,PLD,JCI,ZTS,JCI,AON,APD,AON,APD,EQIX,LYB,ROST,DAL,TRV,BAX,ROST,ROST,EW,SHW,SHW,EL,DOW,F,AFL,MET,KMI,VLO,ADSK,ETN,NEM,ALL,SBAC,DXCM,XEL,XEL,CTSH,CMG,APH,ROST,TEL,AEP,SYY,EXC,TEL,AIG,PSA,MSCI,SNPS,ROP,AIG,PSA,SPG,AIG,MPC,ROP,KLAC,MCK,ADM,ADM,MRNA,MET,ADSK,USD,CNC,OXY,NXPI,ROP,USB,FTNT,JCI,JCI,AZO,ANET,PCAR,WELL,MSI
VTR,CAM,TYC,GLW,DVN,CCI,APD,CTSH,CMI,AON,VLO,AET,EXC,REGN,NOC,PPG,BRCM,TFC,TXN,MRO,VRTX,KR,LUV,ECL,APD,ALL,MU,EXC,BDX,AON,CB,CAH,ICE,ICE,NSC,STT,HPE,AAL,INTU,VLO,AMAT,APC,PLD,DAL,CTSH,APD,EBAY,FOXA,NSC,AFL,HPQ,ECL,ETN,HPQ,BAX,APD,ILMN,ALL,KMB,APD,STZ,LYB,AFL,STZ,VLO,DAL,REGN,TRV,HCA,ATVI,DOW,ROST,MPC,BK,ROP,DOW,ADSK,MET,MET,REGN,EA,PSX,GD,GM,ORLY,EXC,EBAY,CMG,BIIB,KLAC,TWTR,JCI,ROP,GD,DD,EBAY,TT,ALGN,EOG,CMG,IQV,DXCM,MET,SNPS,DXCM,MRNA,SNPS,MCO,LHX,HCA,ADSK,EL,AIG,APH,APH,APH,CMG,MAR,MNST,AJG,CCI,TDG,MSI,CTAS,ECL,PCAR
HNZ,FCX,MHFI,PCG,ADBE,S,AEP,NBL,SE,DVN,CI,ALL,NFLX,EXC,CMI,DVN,D,AFL,SNA,AMAT,REGN,AFL,AEP,NOV,CI,MPC,APD,ALL,CAH,BRCM,AON,CSX,PCG,ADM,PPG,AAL,AFL,APD,ORLY,STZ,INTU,SRE,INTU,ALXN,CSX,CSX,AEP,BSX,MAR,STT,ALL,ALL,AFL,ECL,TEL,AFL,MPC,APC,STT,AEP,DAL,WM,F,AFL,EW,MAR,TRV,ETN,WMB,EW,MAR,ATVI,ATVI,EMR,PSA,MET,DOW,DG,ALL,WBA,FDX,WBA,XEL,PSX,SBAC,HCA,DOW,DOW,TEL,LHX,TEL,APTV,EOG,TWTR,ROST,KMB,TEL,TROW,AIG,IQV,CDNS,EOG,APH,ROP,MPC,CNC,AIG,MET,ROP,CMG,APH,FCX,EW,F,NXPI,MRNA,MCHP,APH,DXCM,USB,ADM,TT,GM,AIG,PCAR,ECL
DC7,CAH,BBBY,S,BEN,GLW,NBL,PSA,AON,PSA,PXD,MX4A,MU,VLO,MPC,SE,SHW,NBL,CINF,SE,ALL,PXD,VRTX,SYK,PCG,LUV,TEL,CME,EXC,MYL,ETN,AAL,EXC,AEP,CAH,MHFI,AAL,ORLY,STZ,PXD,LUV,EQIX,AON,PPG,NSC,MCK,DE,AON,PLD,MAR,APD,LRCX,EBAY,ETN,ECL,LYB,AON,PLD,BAX,STT,TRV,AFL,STZ,ALL,ETN,PSA,ETN,EL,ATVI,BAX,BAX,HCA,SRE,BBT,WELL,AMD,ETN,HCA,WBA,ALL,EMR,CTSH,GM,ORLY,GD,CNC,SRE,COF,GIS,SNPS,ROST,CMG,GD,AEP,TEL,SLB,PSA,IQV,INFO,EBAY,ROP,ROP,SNPS,FTNT,MET,KMB,MCO,SYY,ORLY,CTVA,LHX,APH,APH,OXY,GIS,MCO,OXY,VLO,USD,PSA,SRE,ANET,CHTR,TT,CTAS,WELL
DELL,BXP,SHW,SE,LUMN,PPG,GLW,MX4A,ALXN,ALXN,TFC,MRO,AON,AON,DVN,TFC,FDX,AMAT,TMO,REGN,AFL,AMAT,FCX,CME,AMAT,TEL,EXC,MHFI,INTU,INTU,ALL,APD,VRTX,MPC,AFL,PPG,APD,INTU,AFL,NSC,STZ,HUM,HCN,PLD,PLD,AFL,LUV,WM,HPQ,ETN,MCK,LYB,LYB,KMI,EQIX,WM,LYB,BLKFDS,AFL,PSA,PLD,SYY,FIS,KMI,MAR,SYY,FISV,VLO,FISV,APC,ROST,CTSH,CTSH,WELL,PRU,PRU,LRCX,ETN,MAR,FDX,BK,BK,USD,WBA,IDXX,GD,ORLY,TWTR,INFO,APH,BAX,HPQ,AEP,EXC,LHX,TEL,IQV,TEL,GPN,TROW,VRTX,ATVI,ECL,MAR,NXPI,MCK,EXC,VLO,APH,MET,MRNA,AEP,PSA,A,AZO,MAR,AZO,AJG,PSX,SRE,VLO,GM,NSC,NSC,AZO,CCI
MMC,OMC,AZO,PPG,ADM,CRM,HES,CMI,APD,TFC,CCI,CMI,PXD,APD,NBL,NOC,WYNN,APD,XRAY,CTSH,SE,VRTX,SYK,BBT,VLO,EXC,GLW,CBS,SYK,CAH,CAH,JCI,ADM,ORLY,CSX,HUM,LB,AFL,MHFI,JCI,EBAY,DG,ORLY,STT,KR,FOXA,SE,SE,GIS,ALXN,LYB,ADI,BLKFDS,AFL,AON,JCI,AFL,BAX,DAL,KMI,PGR,FIS,HAL,SHW,STZ,F,WMB,F,SRE,ROST,SHW,HUM,APC,F,F,WELL,FDX,MPC,AFL,SYY,WEC,GD,WBA,BK,HCA,ORLY,CNC,SBAC,TWTR,DLR,FCX,MCHP,MCHP,BAX,TT,TROW,LHX,EBAY,IQV,SPG,USD,CDNS,IQV,TEL,CNC,ILMN,CNC,AZO,FCX,APH,DVN,KLAC,MCO,PSA,MAR,ROP,TFC,OXY,VLO,ECL,AJG,CHTR,PCAR,WELL,NEM,COF
NBL,K,FITB,MMC,CMI,CI,CI,NTH,HES,SE,ICE,CCI,SE,MU,AON,DFS,BK,AEP,LOW,AFL,AMAT,PSA,CCI,VIAB,CAH,CAH,PSA,BLKFDS,BBT,AAL,PRGO,PRGO,CAH,AFL,INTU,PCG,LUV,BBT,AVB,APC,APC,SYY,PPG,NSC,ISRG,PLD,REGN,LYB,AFL,HPQ,TGT,DAL,FOXA,WM,ALL,BAX,ADI,AEP,TRV,EBAY,AON,AON,WM,AMAT,ROST,ETN,MAR,EQIX,ROST,DAL,PSX,ADSK,PSA,YUM,ALL,ETN,MAR,AFL,DD,HCA,KMI,EBAY,ALL,CTSH,INFO,SBAC,PSA,HCA,SRE,CMG,SNPS,BAX,LHX,DLR,KMB,A,DOW,PSA,SNPS,TEL,APH,MSCI,TEL,JCI,LHX,MET,MET,FCX,EXC,LHX,HCA,EW,ROP,MCO,ADM,AIG,KMB,CTVA,ANET,AZO,TDG,ECL,ADSK,ADSK,AIG,TFC
ECL,ADP,PA9,DVN,CCI,PEAK,CTSH,DVN,DVN,KMI,ALXN,BHI,ICE,CMI,ALL,AEP,AVB,MRO,FTR,GLW,DVN,CME,CAH,APD,SYK,CCI,VRTX,CCI,MHFI,PCP,MHFI,ETN,WMB,INTU,AEP,JCI,HUM,DE,BBT,EBAY,PXD,ALL,APC,HCN,PPG,VLO,VLO,SYF,TGT,APD,AFL,WM,LUV,PLD,WM,ECL,ALL,LYB,PLD,SHW,EQIX,TRV,SYY,FISV,KMI,SRE,ADSK,FISV,F,STZ,FISV,FISV,DAL,MCO,DOW,FDX,KMI,MCO,BK,MAR,TMUS,FDX,COF,ALL,MSCI,CMG,IDXX,SNPS,EA,ALGN,DOW,ROP,IDXX,LHX,EXC,LHX,A,EXC,EBAY,VRTX,DLR,DLR,INFO,SRE,MAR,VLO,LHX,ROP,IQV,ADSK,FCX,SNPS,A,CDNS,ADSK,PH,DXCM,MRNA,AJG,GIS,IDXX,OXY,OXY,AFL,SRE,USD
BEN,STI,ADI,IP,MX4A,BHI,LUMN,APD,NTH,WFM,WMB,NBL,CI,CCI,APD,CMI,TWC,VLO,PSX,NOC,CBS,VLO,APD,AFL,CME,VRTX,EQR,AEP,AON,MHFI,AFL,AEP,LUV,CAH,ETN,AFL,AON,ALL,EBAY,CSX,DG,ALXN,WM,APC,LYB,NSC,STT,DFS,APD,MCK,DAL,AFL,ILMN,BSX,MCK,PGR,EL,PXD,AON,AON,AEP,ALL,AEP,ADI,SYY,FISV,SRE,EBAY,ETN,ETN,DG,PSA,DOW,SYY,VLO,OXY,PRU,VLO,NEM,BK,GM,COF,ORLY,ROST,ROST,DOW,ROST,CMI,DLR,CDNS,ALGN,MAR,DD,SYY,GD,MET,TROW,GPN,GD,A,CARR,NEM,KMB,DG,ADSK,EXC,PSX,ORLY,GIS,DVN,BIIB,MAR,JCI,TRV,A,ADM,MSCI,ADM,BIIB,EL,AZO,MCHP,AIG,WMB,ADSK,GM
ADM,AVB,ADP,PLD,VTR,VTR,NTH,ALXN,WFM,HES,KMI,KMI,AEP,MPN,MU,AET,VRTX,AON,CTAS,KMI,AEP,CAH,PSA,AON,TEL,AON,MHFI,CAH,APD,CCI,AAL,MHFI,YHOO,WMB,TEL,EXC,DE,STZ,PPL,HUM,SYF,ORLY,CAH,SYY,ALXN,LYB,WM,AFL,PSA,LUV,PSA,SHW,TEL,SHW,AFL,ILMN,AEP,DAL,KHC,AFL,JCI,AEP,TRV,BAX,JCI,KMI,PSA,ROP,ADSK,SRE,ATVI,VLO,ALL,CTSH,ETN,MCO,ROP,PRU,HCA,MET,ED,KMI,FDX,DOW,APH,SNPS,COF,ORLY,SYY,SYY,APH,CDNS,CTSH,ALGN,USD,TT,EXC,LHX,PSA,CDNS,CMG,CMG,ROP,APH,CTSH,LHX,DVN,CDNS,VLO,NXPI,NXPI,SYY,KMB,JCI,ROP,CTVA,MAR,EXC,USB,ADSK,ECL,SRE,HES,OXY,MCHP,MCHP
ADBE,FITB,VNO,SYY,NBL,ISRG,IP,IP,BHI,AET,HES,CI,CCI,SE,SE,NBL,DTV,NFLX,COF,TFC,AON,GLW,CI,CI,HCN,PSA,BBT,INTU,NSC,EXC,AEP,EXC,AFL,APD,HPE,INTU,SYF,MHFI,ALL,INTU,CAH,AMAT,SYY,CSX,INTU,SRE,INTU,STT,VLO,WM,ADI,TEL,WM,GIS,PLD,STI,PLD,KHC,FIS,TRV,HCA,WMB,EQIX,EW,PSA,REGN,EQIX,REGN,JCI,HUM,HUM,APC,HCA,MAR,FDX,HCA,MCO,ROP,CNC,CTSH,HPQ,ORLY,BK,INFO,TROW,IDXX,HCA,TEL,CMG,FCX,EBAY,CTSH,PH,EOG,SLB,ROST,KMB,TT,TEL,BK,A,FTNT,AEP,AEP,DOW,NXPI,XTSLA,O,O,EXC,PSX,ROP,CDNS,DXCM,CTVA,MCHP,ADSK,TT,OXY,MNST,ON,PSA,ECL,KMB,DXCM,PSA
SYY,DTV,COH,NBL,SE,SYY,CMI,AEP,CI,MX4A,DVN,SE,MX4A,NBL,MRO,AON,ROK,CMI,ETFC,ALL,KR,CBS,GLW,PSA,BLKFDS,NFLX,AFL,AFL,MPC,PRGO,CCI,AON,ORLY,CSX,ILMN,SYF,BSX,HPE,BSX,CAH,PPL,PLD,CSX,ORLY,SRE,WM,BSX,PLD,ALXN,PSA,WM,BAX,KMI,AON,KMI,ADI,WM,EQIX,ETN,ETN,FIS,HAL,APC,ETN,EL,YUM,RHT,SRE,PSA,WMB,RHT,ETN,VLO,DAL,JCI,ALL,HCA,OXY,PRU,PSX,TRV,HCA,KMI,KLAC,GM,APH,SNPS,EBAY,A,BIIB,MET,EA,SRE,HPQ,TROW,MSCI,APTV,DOW,MET,GD,ATVI,A,CNC,CTSH,EXC,SNPS,MAR,COF,KMB,PSX,MCO,TRV,MAR,MSI,CMG,MSI,ADM,XTSLA,MRNA,TEL,TT,MNST,MCHP,ECL,WMB,F
APD,AZO,KRFT,BHI,IP,PCG,TEL,GLW,TEL,APD,EXC,APD,ALL,ALL,AMAT,ALL,PX,HES,MS,HES,MRO,CI,AFL,CAH,NFLX,SYK,MPC,APD,CBS,AFL,EXC,EQR,MPC,HUM,AON,CSX,PPL,AZO,JCI,ORLY,VLO,PPL,DG,LYB,HCN,INTU,BHI,SPGI,ZTS,FIS,BAX,TGT,BAX,TEL,SHW,ALL,EQIX,EL,EL,SYY,KMI,JCI,ADI,PSA,FISV,EL,JCI,JCI,RHT,JCI,SYY,DG,MCO,ETN,STZ,ROP,ALL,F,XEL,XEL,CTSH,SYY,PSA,KMI,KLAC,ROST,APH,TT,CNC,STZ,A,SLB,SYY,CTSH,CNC,CMG,GD,CARR,CARR,APTV,MCHP,GD,BK,IDXX,IDXX,SYY,ROP,IQV,MET,KMB,MAR,AIG,TRV,EXC,FIS,TRV,PH,BIIB,JCI,PSX,TEL,ADM,SRE,HES,AFL,CARR
SE,NOV,ESV,RTN1,BHI,AON,PXD,BHI,CCI,AEP,CMI,DVN,CAH,DVN,AEP,PSA,ABC,NOC,PNW,CCI,CME,SE,BBT,BDX,BDX,CBS,CBS,SYK,PSA,BHI,APD,PPG,AON,ETN,SYF,AON,AVB,JCI,DG,SYF,ORLY,CAH,NSC,FOXA,ILMN,REGN,ALXN,SYY,FOXA,ZTS,ZTS,ZTS,SHW,ADI,FIS,SHW,LRCX,ETN,AEP,MPC,ALL,STZ,KHC,EL,KHC,ALL,DAL,ALL,XLNX,FISV,HCA,WMB,ETN,STZ,HUM,MAR,TRV,ALL,OXY,DD,ES,WEC,EOG,EOG,CDNS,INFO,TEL,WEC,MET,MSCI,SYY,DXCM,AIG,PSA,PSA,ALGN,CARR,AIG,KMB,LHX,TROW,ALGN,CTSH,SPG,ORLY,HLT,ADSK,AIG,MAR,FCX,ROP,KMB,DVN,CTVA,FDX,JCI,CTVA,MNST,PH,TT,ADSK,CTAS,EW,CARR,ROST,AJG
AON,MAT,ES,ISRG,HES,HES,BHI,AON,GLW,DAL,REGN,HES,TEL,AEP,TEL,MRO,SO,ALL,IRM,MPC,KMI,SYK,BDX,CBS,VRTX,AEP,AMAT,BBT,ALL,PSA,BRCM,MPC,HCA,AON,APD,NSC,ALL,CSX,NSC,PPL,HUM,LYB,BAX,HUM,ORLY,ISRG,SYF,INTU,WM,GIS,ALXN,PSA,TGT,PGR,ILMN,FIS,APC,WM,ALL,WM,STI,EA,ALL,HAL,RHT,EQIX,SYY,RHT,REGN,HCA,WMB,YUM,DG,ALL,YUM,JCI,CTSH,FDX,MPC,PSA,DD,MET,WEC,SNPS,DOW,PSA,GD,JCI,XLNX,SRE,CDNS,LHX,CMG,CMG,SRE,EXC,EBAY,KMB,TROW,ALGN,ALGN,MCHP,SRE,SYY,FTNT,APH,CTVA,TRV,CMG,ROP,KMB,MCO,MSI,FDX,TRV,OXY,FTNT,NXPI,MCHP,D,D,CCI,AFL,CHTR,VLO,NEM
PLD,APA,APA,DELL,ISRG,PXD,AON,TEL,AEP,MPN,AEP,DAL,SYK,PSA,CCI,APD,EQT,TEL,BK,AEP,CAH,CCI,AON,CCI,VTR,BDX,BHI,LUV,TEL,NSC,HUM,ICE,APD,PCG,MHFI,APD,AZO,PPL,CSX,WY,ALL,EIX,SRE,WM,HPQ,HUM,DFS,REGN,FIS,ADI,FIS,FIS,EA,MCK,AEP,AEP,JCI,ADI,WM,PXD,ROST,KHC,ADSK,RHT,ADSK,DG,EBAY,SYY,EBAY,EBAY,ALL,DAL,YUM,JCI,XEL,TRV,F,NEM,FDX,AFL,AFL,GM,CTSH,STZ,VRSK,TWTR,STZ,A,F,A,WBA,GD,HPQ,AIG,DLR,SPG,AEP,NEM,LHX,APH,FTNT,KMB,MSCI,ADM,MCK,CTSH,WMB,PSX,SYY,MAR,ENPH,MSI,NXPI,NXPI,COF,DXCM,TT,TRV,ADSK,PCAR,OXY,KMB,WMB,HLT,CARR,DXCM
PCG,ESV,LTR,CTSH,PLD,IP,DVN,CCI,AMAT,REGN,APD,EXC,KMI,CAH,PSA,HES,TJX,KR,NFX,KR,GLW,APD,CME,INTU,CBS,AFL,SYK,PSA,BHI,ALL,EQR,AFL,INTU,TEL,ORLY,AVB,ETN,AVB,AAL,DE,ADM,ADM,PXD,ISRG,HUM,DE,SYY,BHI,LYB,VLO,LUV,REGN,GIS,BAX,ADI,PLD,SHW,MCK,PXD,ROST,TEL,EQIX,KMI,EQIX,SRE,ADSK,ALL,WMB,DAL,PSA,DAL,ALL,ADSK,XEL,MAR,CTSH,OXY,TRV,WELL,CNC,MSCI,PSA,STZ,PSA,ES,TEL,SYY,COP,XEL,MCHP,JCI,AIG,EBAY,SRE,ALGN,GD,INFO,DLR,APH,FTNT,AIG,CNC,MAR,IQV,JCI,GIS,KMB,CTVA,COF,AZO,MSI,CMG,DXCM,AFL,KMB,KMB,XTSLA,TFC,AEP,AEP,PCAR,MSCI,CTAS,CCI,CPRT,AIG
ALXN,CB,ROST,HCN,AON,DELL,REGN,DELL,KR,VLO,BEN,BEN,MRO,TEL,SYK,CCI,NUE,SYK,AIV,NBL,APD,MPC,INTU,EQR,AVGO,MHFI,CCI,TEL,AEP,APD,HCA,HCA,TEL,MHFI,AAL,CCL,BXLT,WM,HCN,STT,CSX,EQR,ADM,VLO,ZBH,EQIX,PLD,ALXN,BAX,BAX,LRCX,MPC,PSA,EA,MPC,LUV,BAX,TEL,TEL,ALL,PSA,STI,FISV,SRE,ALL,ROP,DG,ATVI,SYY,SYY,ETN,SYY,EBAY,EBAY,DAL,F,WELL,CTSH,F,HPQ,KR,EOG,APH,TRV,PSA,KLAC,CMI,DXCM,TT,GIS,DXCM,EOG,DLR,TT,PPG,DLR,SNPS,APH,MTCH,MET,ORLY,TT,MPC,ECL,CDNS,NUE,TRV,NXPI,TEL,SYY,EXC,ENPH,SYY,ADSK,NUE,ADSK,EXC,PH,D,CTAS,PSA,PCAR,PSA,ROST,HLT,SPG
TROW,SHW,NOV,FE,SYY,DVN,CCI,LUMN,BEN,KR,SE,MU,PSA,ICE,CAH,TEL,GD,PSA,GM,AON,INTU,KMI,CBS,VFC,MPC,EQR,AEP,AON,AFL,HCA,PCP,VFC,ETN,BLKFDS,PCG,ORLY,JCI,SYY,WY,EQR,EQR,NSC,ISRG,CAH,WM,ADM,ROST,STZ,MU,TGT,GIS,GIS,MPC,MPC,STI,APC,FIS,FIS,LRCX,DAL,STT,ADSK,WMB,JCI,WMB,ORLY,EL,PSA,DG,DG,YUM,RHT,JCI,NEM,LRCX,ORLY,JCI,DAL,VLO,MPC,STZ,MSCI,DOW,APH,WEC,MSCI,A,KLAC,SNPS,MET,APTV,DLR,TT,DD,AEP,APTV,ROST,MET,NEM,CARR,TT,ORLY,DOW,KMB,APH,ECL,ORLY,APH,PSX,WMB,STZ,CDNS,LHX,FIS,O,TT,IDXX,ECL,TFC,VLO,MNST,NUE,WELL,AEP,GM,SRE
IP,KRFT,GWW,PPL,PCG,NTH,SYY,PPL,DAL,CMI,PSA,CAH,REGN,SYK,PCAR,CAH,MTB,CCI,ALLE,TEL,HES,SRE,TEL,VLO,SRE,INTU,HCN,MPC,CCI,TEL,VFC,LUV,HCN,CCL,ALL,TEL,ILMN,BSX,SYY,HCN,WM,ISRG,ZBH,ZBH,FOXA,ALL,STZ,ALL,HPE,HPE,SHW,ILMN,ADI,ILMN,GIS,MPC,STI,JCI,PSA,EL,PXD,KMI,LYB,DG,ROP,JCI,KHC,XLNX,ALL,ALL,WELL,STZ,WELL,PRU,CTSH,XEL,ORLY,XEL,DOW,TT,MET,STZ,VRSK,COF,SNPS,TROW,WEC,PPG,GD,TRV,LHX,DD,MAR,EA,MCHP,CNC,DLR,GD,DOW,SLB,GD,AIG,ORLY,ORLY,PRU,CTVA,SYY,XEL,AZO,COF,A,BIIB,CMG,ROST,CNC,NUE,TEL,ADSK,ECL,OXY,GIS,HES,MSCI,MCHP,TFC,ROST
SWG,COH,MS,DISCA,TROW,BDX,KR,VLO,DELL,BEN,INTU,AEP,DVN,MRO,REGN,KR,FIS,CI,DHR,CI,NBL,EQR,VFC,SRE,AFL,DFS,AON,EQR,EQR,AEP,NSC,BLKFDS,PPG,ALL,EXC,BSX,MHFI,SRE,SRE,HCA,SYY,SE,STT,ALL,ZTS,ORLY,HPQ,STI,MPC,ILMN,TEL,LUV,FIS,FIS,LUV,KMI,LUV,STI,STI,TEL,SYY,APC,EL,WMB,EQIX,KHC,ROP,HPQ,GIS,MCO,MPC,WELL,STZ,MPC,MCO,PSA,XTSLA,WELL,PSA,TRV,INFO,AFL,HCA,MSCI,WBA,MNST,JCI,TRV,PPG,DXCM,SRE,APH,WBA,STZ,PRU,INFO,APH,INFO,SPG,DLR,KMB,CARR,GPN,DOW,CMG,JCI,CDNS,ECL,WMB,O,TRV,A,CHTR,WMB,MSI,A,JCI,FTNT,CTAS,COF,MSCI,ON,KMB,F,COF,HLT
SYK,VNO,CTXS,ALXN,APD,CMI,PCG,SYK,MPN,SYK,SYK,TEL,NBL,PCAR,CME,ICE,ORLY,KMI,R,PSA,VLO,TEL,SRE,TEL,AON,BBT,INTU,GLW,USD,EQR,ICE,BHI,MHFI,LB,DLPH,APC,ROST,HCN,WM,ALL,SRE,LUV,EQIX,BAX,ALL,STT,BLKFDS,MPC,ADI,LYB,ILMN,PPG,LRCX,PSA,APC,MCK,PSA,ROST,KMI,JCI,LRCX,FISV,JCI,ROP,LYB,WMB,YUM,DG,YUM,RHT,EBAY,JCI,SYY,GIS,GIS,NEM,DAL,ORLY,TRV,WELL,PSX,DOW,MET,TROW,STZ,COF,VRSK,ALGN,STZ,PSA,STZ,EXC,APH,BIIB,SPG,AEP,MET,CDNS,BIIB,XLNX,EBAY,CTSH,IDXX,CMG,TRV,CDNS,AZO,HCA,CTVA,AIG,AJG,CHTR,FDX,O,HES,MSCI,ECL,JCI,AIG,AIG,KMB,WMB,ADM,COF,DLR,EW
EQR,MPN,MPN,SYK,NTH,APD,BEN,BEN,IP,CI,CAH,AMP,APD,MX4A,CI,REGN,PRU,SRE,LYB,CAH,SRE,CMI,VLO,AVGO,BBT,BHI,HUM,DVN,PRGO,DFS,BHI,ORLY,ALL,BSX,HUM,STZ,STT,BXLT,AZO,SRE,STT,BAX,VTR,ADM,EA,LUV,ORLY,MAR,TEL,SRE,STI,PCG,MCK,ROST,ROST,LRCX,USD,SHW,EQIX,EW,ROP,LUV,LUV,STI,DG,STZ,WELL,DAL,EA,TEL,MCO,EBAY,HPQ,HCA,ADSK,ADSK,XEL,VFC,CTSH,PRU,HCA,TROW,TROW,ES,A,A,IQV,GD,ALGN,APTV,TROW,USD,ALGN,TROW,BK,SNPS,EOG,AEP,MCHP,MAR,NEM,MSI,MCHP,BAX,IQV,WMB,APH,WMB,PAYX,ECL,SYY,COF,BIIB,AJG,IQV,COF,CTAS,HSY,TDG,CARR,AEP,IDXX,ON,ADM,MSCI,IDXX
MX4A,LTR,DG,CI,CTSH,HCN,SYK,KR,SYK,AMAT,MU,SYK,CMI,FRX,ICE,AMAT,HOG,FRX,CVC,CMI,SYK,INTU,ICE,PCG,BHI,HCN,ICE,DFS,GLW,CBS,PCG,TEL,AVB,DFS,WMB,LB,CSX,SYF,AMAT,WM,NSC,CSX,HUM,EQIX,EW,ROST,STI,ZTS,SRE,CCL,SRE,SRE,PGR,STI,PGR,EL,ROST,PSA,SHW,SRE,LUV,TEL,STT,YUM,YUM,PEG,USD,ALXN,ORLY,YUM,PEG,TEL,GIS,DOW,HCA,DAL,GIS,GIS,TDG,DOW,COF,INFO,SYY,MET,ALL,STZ,KLAC,CDNS,PH,XEL,GIS,CMI,TROW,A,A,SRE,ORLY,BK,ORLY,KMB,BK,MAR,BAX,PRU,ECL,ADSK,GIS,STZ,ECL,MSI,AIG,WMB,ADSK,DVN,CHTR,CMG,USD,IDXX,TRV,IQV,TFC,AIG,STZ,EXC,F,DHI
GLW,PCP,EXC,BRCM,DELL,PCAR,BDX,SRE,PCAR,TEL,TEL,VFC,HES,AMAT,HES,SYK,TT,SNDK,MCK,SYK,PSA,AON,EQR,MPC,INTU,ICE,VFC,PRGO,ICE,ICE,TEL,ALL,VFC,DE,DE,ETN,SRE,ROST,SYF,BAX,EQIX,AVB,LYB,NWL,EQIX,PPG,ALL,ADM,CCL,FOXA,MPC,MCK,SRE,PPG,PXD,EQIX,FISV,LRCX,SYY,STI,FISV,EBAY,REGN,LYB,CNC,LYB,STZ,PEG,ALXN,LRCX,GIS,MCO,LRCX,LRCX,TWTR,PEG,IR,APH,YUM,SBAC,SYY,APH,INFO,IDXX,CMG,CDNS,MSCI,ROST,MSCI,PH,MCHP,SNPS,EA,MCHP,BAX,BK,SPG,SPG,CDNS,NEM,APTV,AEP,CDNS,TRV,PAYX,IQV,HPQ,FTNT,AIG,TEL,PAYX,JCI,WMB,MAR,NEM,EXC,AJG,MET,COF,IDXX,STZ,STZ,HLT,OKE,KMB,AZO
PPL,SWK,SWK,AET,CI,TROW,PPL,SYY,INTU,INTU,KR,TROW,IP,HES,BDX,PCAR,APA,CAH,DNB,SRE,MPC,BDX,MPC,HCN,DFS,VFC,PCG,APA,LO,GLW,DFS,PCG,LB,AZO,DFS,HCN,VRTX,EIX,PEG,AVB,PLD,EBAY,ALL,DE,ROST,HPQ,PPG,ORLY,PXD,TEL,PGR,STI,PPG,LRCX,LRCX,ROST,EW,SYY,JCI,FISV,EBAY,PSA,SRE,ADSK,STI,WELL,LUV,ORLY,PEG,GIS,XEL,NEM,TEL,ADSK,AMD,STZ,STI,PSA,DAL,GIS,EBAY,YUM,KLAC,RMD,PCAR,CMI,MNST,F,JCI,MAR,CNC,A,STZ,PPG,ALL,DXCM,BK,MCHP,SLB,TWTR,MSI,MET,A,CDNS,SPG,TRV,TEL,DOW,A,XEL,O,HES,AJG,BIIB,MCHP,O,ANET,A,CTVA,CTVA,COF,IQV,CCI,MSCI,EW,MSCI
RTN1,CTXS,ZBH,AON,DISCA,VLO,PEAK,DISCA,DISCA,SRE,NFLX,NFLX,SRE,BDX,KR,SRE,HIG,BEN,PNC,CME,CI,MHFI,SE,ICE,MHFI,VIAB,SRE,PXD,DFS,DLPH,ZTS,DFS,DE,NSC,BSX,ALL,MPC,VFC,HCA,SYY,DE,PXD,PPL,ROST,STT,SYY,FIS,ROST,STI,SHW,PPG,GLW,ROST,APC,PPG,FISV,PXD,KMI,ROST,OKE,SRE,STT,ALXN,CXO,REGN,TEL,XLNX,YUM,WELL,HPQ,VLO,GIS,TWTR,VLO,ED,EQR,PSA,TEL,IR,EA,MSI,ED,MSCI,SYY,MNST,SYY,CDNS,INFO,PSA,CNC,PSA,AEP,A,PH,EA,DD,SRE,FTNT,BK,TT,MET,APTV,DLR,MCK,TEL,DLR,IQV,MAR,MSI,IQV,ECL,STZ,MCHP,CTAS,EXC,TEL,MNST,TDG,EXC,NUE,AIG,ROST,MET,GIS,TEL,VLO
INTU,ES,FDX,CMI,SYK,TEL,PCAR,PCAR,SRE,DISCA,AMP,PSA,BEN,INTU,INTU,CME,ZTS,INTU,RDC,AMP,LUMN,MRO,MHFI,CMI,VFC,PCG,NFLX,VIAB,PCG,ZTS,HCN,NSC,NSC,SRE,LB,DLPH,CCL,STT,ILMN,DG,AVB,VTR,AVB,SRE,NWL,HCN,DVN,EQIX,PGR,MPC,FOXA,PGR,STI,PXD,EL,HPE,MCK,DXC,FISV,TWTR,EL,REGN,STI,EA,LUV,EBAY,TEL,STI,MCO,VFC,STZ,HPQ,XEL,EQR,PEG,YUM,NEM,STZ,STZ,OXY,ORLY,ES,MNST,WEC,CLX,JCI,PCAR,ES,CMI,TT,CMI,EBAY,CMI,BK,SYY,APH,EA,RMD,PRU,PRU,HPQ,BK,HPQ,HLT,AZO,ORLY,WBD,ADSK,STZ,STZ,TEL,AJG,FIS,LHX,AFL,CHTR,A,MCHP,ADM,BIIB,CTAS,TEL,MNST,EW,PSA,TEL
CCL,EXC,HST,TROW,BDX,DISCA,SRE,BDX,BDX,BDX,WFM,IP,BDX,CI,FRX,FRX,TGT,BDX,WMB,INTU,LUV,PCG,CMI,AMP,LO,HUM,DFS,PCG,DLPH,BSX,ORLY,SYY,PRGO,EXC,AZO,DE,TEL,CCL,CCL,PLD,HCN,ED,EIX,ILMN,FIS,FIS,MAR,HPQ,FISV,PGR,APC,CMI,GLW,SYY,SYY,DXC,ROP,FISV,TROW,ADSK,VFC,EL,ROP,APC,PEG,XEL,EA,MCO,HPQ,ALXN,ORLY,XEL,NEM,TWTR,TEL,IR,TEL,PPG,INFO,WEC,VRSK,VLO,TRV,VRSK,RMD,VRSK,ALL,IQV,FCX,XLNX,TRV,SPG,CDNS,INFO,BIIB,EA,CDNS,ROST,TT,ORLY,LHX,TROW,ADM,EXC,HLT,PRU,ECL,WELL,XEL,PAYX,FDX,TEL,ENPH,TT,ROST,LHX,BIIB,HES,TEL,TFC,NUE,D,NUE,TRV,AEP,AFL
MOS,BBBY,T3W1,SRE,M,CTSH,AMAT,PEAK,PPL,LUMN,BDX,INTU,INTU,PRGO,SRE,CI,GMCR,AMP,GHC,LUMN,AMP,LUMN,CB,CB,VIAB,SRE,VIAB,HCN,DVN,VFC,CBS,INTU,CCL,USD,AVB,PPL,BLKFDS,ILMN,APC,ADM,NVDA,DE,EQR,DFS,SYY,EIX,ADM,SRE,SHW,LRCX,FISV,APC,YUM,REGN,FISV,PSA,SYY,RHT,MCK,HCA,EW,ROP,EBAY,PEG,ORLY,PPG,PEG,EA,STZ,XLNX,IR,IR,WMB,TEL,NEM,GIS,STZ,IR,HPQ,STZ,PEG,TRV,AZO,A,TEL,PCAR,INFO,PCAR,MCHP,BK,TT,TRV,BK,APH,STZ,MCHP,AIG,SRE,DLR,PXD,CNC,PAYX,PRU,MSCI,WELL,CMG,XEL,DLR,FTNT,TRV,COF,IQV,AFL,HES,SPG,DOW,TRV,YUM,IDXX,ADM,IQV,WELL,TEL,PSA,NUE,TRV
FE,ZBH,MTZ,MX4A,HCN,BEN,TROW,REGN,ACT,TROW,TROW,REGN,PRGO,KR,BEN,KMI,RF,MHFI,FDX,PPL,MHFI,ICE,BHI,SE,CMI,APA,PXD,LO,LUV,AMAT,LUV,AZO,SRE,DLPH,STZ,DFS,HCN,TEL,ROST,CBS,HCA,FISV,ROST,HPQ,VTR,USD,APA,PPG,PPG,HCN,GLW,ADSK,SYY,EL,CMI,PXD,DXC,YUM,EW,MCO,ALXN,SRE,TEL,OKE,EBAY,APH,ALXN,VFC,XEL,PEG,HPQ,XLNX,ORLY,PEG,EBAY,ED,APH,JCI,GIS,INFO,KLAC,KLAC,A,CLX,MET,BK,TT,PEG,EBAY,GD,GD,PH,TRV,MSCI,APTV,AIG,SLB,MSI,MAR,AEP,CTSH,AZO,DXCM,GIS,CTVA,PAYX,MCHP,PAYX,WELL,ENPH,XEL,PRU,ROST,SYY,AJG,SPG,O,O,STZ,O,EL,AFL,AEP,STZ,MNST,NUE
S,MHFI,HOG,ED,ALXN,PLD,VLO,PCG,LUMN,PLD,AMAT,WFM,VFC,IP,M,BDX,AMT,MPC,BAX,BEN,VFC,LUV,AMP,FCX,PPL,LO,SE,ICE,ZTS,PCG,CCL,BSX,BHI,AVB,BHI,AZO,GLW,FISV,EIX,ISRG,EA,ZBH,SE,VTR,CAH,VTR,ATVI,CBS,HCN,PPL,CMI,FOXA,DLPH,SYF,CCL,GIS,KMI,SRE,HCA,ROP,BLKFDS,EW,CXO,EBAY,STT,EQR,ORLY,LUV,OKE,IR,TEL,EA,IR,WEC,STI,STI,YUM,HLT,WEC,TMUS,TROW,PEG,VLO,CMG,COF,WEC,TROW,MET,MAR,F,IQV,IQV,SLB,SPG,TRV,BAX,PH,EA,AEP,SIVB,DOW,HLT,CMG,BK,MCHP,TEL,STZ,TEL,MSCI,A,WMB,ECL,STZ,CMG,BIIB,CNC,SYY,CTAS,TT,MRNA,WMB,AEP,TRV,MNST,TRV,AEP
SRE,T3W1,PCP,SWG,PCAR,EQR,DISCA,VTR,PLD,CAH,IP,BDX,MHFI,MHFI,VFC,LO,RIG,REGN,TWC,BDX,TEL,AMP,APA,BHI,APA,AMP,VTR,SE,SRE,DG,DG,ZTS,DFS,STZ,MNST,PLD,WM,NSC,STT,PEG,ISRG,VLO,VLO,EA,DE,BHI,ZTS,ATVI,GLW,PPG,CCL,FISV,EL,DFS,PSA,PPG,SRE,LUV,RHT,LRCX,OKE,VFC,VFC,VFC,HAL,GLW,VFC,APH,VFC,ORLY,EQR,PEG,STI,ORLY,ORLY,AVB,USD,OKE,ED,MSI,A,IQV,YUM,AIG,TRV,MET,CTAS,MSCI,AIG,TROW,PH,TROW,GIS,PRU,MPC,ALXN,CNC,PRU,EA,GPN,SIVB,HPQ,GIS,DXCM,SYY,PSX,PRU,CMG,DOW,AJG,JCI,NXPI,TT,USD,DOW,ECL,NEM,AFL,CPRT,WELL,EXC,JCI,FTNT,GM,CHTR,CPRT
BRCM,ROST,ICE,EQR,BRCM,SYK,VTR,WFM,SYY,IP,VFC,AMAT,AMP,BEN,KMI,VFC,FCX,PPL,PRU,M,CMI,NFLX,HCN,WDC,NOV,VTR,AMP,VFC,AMAT,VIAB,SRE,HCN,CMG,CMCSK,CCL,MNST,HCA,HCA,GLW,DFS,BAX,NVDA,FISV,GLW,ADM,ZTS,SRE,FIS,AVB,STI,DLPH,CCL,PCG,GLW,SYF,MTB,PPG,TROW,ADSK,TROW,TROW,CNC,PSA,APH,ALXN,AVB,HAL,XEL,APH,APH,AVB,ALXN,EQR,AVB,OKE,TEL,PPG,EA,EA,JCI,MCK,KR,SNPS,TEL,BK,TRV,MET,BLL,TRV,IQV,XEL,TT,SNPS,MAR,APH,PPG,DD,ORLY,BAX,MSI,PXD,BAX,AZO,DD,KMB,AZO,FTNT,A,DVN,JCI,MSCI,O,EXC,XEL,DVN,HLT,NUE,ANET,MSCI,EXC,O,MET,ROST,TFC,SPG,IQV
CI,CERN,ABC,PEG,TEL,SRE,WFM,TROW,TROW,AMP,MHFI,MHFI,TROW,SRE,TROW,TROW,BWA,CME,APA,EQR,EQR,VFC,PCG,PPL,ICE,BRCM,ABC,HUM,HCN,HCN,GLW,CCL,AZO,PRGO,SRE,MYL,DG,AMAT,CBS,AMAT,DFS,AZO,ILMN,EW,GLW,EA,MPC,ISRG,WMB,GLW,SYY,SYY,REGN,CMI,DFS,DFS,YUM,WY,ROP,WY,MCO,MCO,CNC,CNC,WELL,STT,LYB,GIS,EQR,TWTR,EA,ORLY,AVB,MSI,EQR,APH,HLT,ZBH,TROW,ZBH,CLX,PRU,TEL,CDNS,JCI,ANSS,PPG,VRSK,ORLY,ALXN,ALXN,VIAC,PSA,TRV,PH,PRU,RMD,APTV,SRE,MPC,AEP,SRE,CARR,A,VLO,STZ,PAYX,PRU,MCHP,DOW,MCHP,EXC,TEL,MNST,DXCM,AJG,TDG,AIG,HSY,STZ,CHTR,TFC,OKE,MET,OXY,WMB
ED,CBS,DTE,BDX,REGN,M,PLD,AMAT,PEAK,PCAR,PCAR,SYY,SYY,KMI,STI,INTU,NOV,VRTX,D,PCAR,SYY,PPL,PCAR,MHFI,DVN,CMI,BSX,SRE,VIAB,SRE,BSX,DG,BSX,PPL,GLW,SRE,MYL,BAX,PLD,AZO,WY,PEG,WY,SE,VLO,GLW,ISRG,TEL,PPL,FISV,BLKFDS,WY,FISV,YUM,HCA,SYY,ADSK,ADSK,MCO,ALXN,REGN,PXD,PXD,ADM,APC,ED,STT,TEL,AVB,XEL,ED,APH,DFS,SBAC,AVB,WEC,PEG,HPQ,TEL,ES,WLTW,CMI,IQV,KR,TWTR,ALL,ES,XLNX,TROW,MNST,HPQ,STZ,SPG,APTV,EBAY,SYY,MAR,SYY,APTV,MTCH,MAR,SBAC,TT,HPQ,MSI,WBD,DLR,DLTR,ENPH,MSCI,IQV,FDX,HES,MCHP,PH,MNST,DOW,PCAR,PCAR,ANET,HES,EXC,CPRT,CPRT,MET,MNST
PCAR,APTV,CBS,TEL,SRE,ALXN,STI,SYMC,VLO,PPL,DISCA,PCAR,AMAT,M,SYY,SYY,ES,PCG,ADP,SNDK,ICE,PCAR,SYY,PCAR,CB,IP,BRCM,AMAT,BSX,DVN,M,SRE,PPL,VFC,PPL,WM,FISV,DG,DE,EIX,FISV,HCA,ED,AVB,AVB,AVB,CBS,HCN,CMI,EIX,HCN,ED,ED,FISV,MTB,EW,MTB,MTB,WY,PEG,APH,APH,DG,REGN,TEL,EA,XEL,STZ,ED,STI,PAYX,ED,OKE,OKE,WEC,PPG,AVB,YUM,OKE,AVB,FE,VRSK,ES,AZO,CMI,ZBH,ZBH,TROW,VRSK,PPG,MSCI,PSX,APTV,ORLY,INFO,PH,PRU,ALL,SYY,DOW,SLB,SLB,LHX,AZO,MSCI,WELL,CMG,MNST,TRV,MCHP,TT,PAYX,IQV,IQV,MSCI,IQV,PCAR,XEL,O,ON,HLT,GIS,EXC,NUE,OKE,O
WFM,VLO,RN7,APD,PXD,KR,SYMC,WM,PCG,MHFI,SRE,KR,PCAR,MYL,NFLX,AMP,ISRG,PCAR,KMB,LUV,SNDK,DVN,PPL,USD,AMP,SE,LO,FCX,VFC,ORLY,MYL,CMG,DLPH,BHI,HPQ,ZTS,VFC,LB,PXD,ROST,EIX,SHW,AZO,WY,APA,BAX,AAL,MTB,SYY,SYY,PPL,ALXN,APH,CCL,ROP,HCA,WDC,ROP,OKE,LUV,ADSK,LRCX,YUM,TEL,XEL,CNC,EQR,WELL,TEL,WELL,NEM,VFC,XLNX,IR,IR,OKE,HPQ,INFO,ORLY,ORLY,AWK,MSI,AFL,YUM,PEG,IQV,BK,MNST,IQV,VRSK,ALL,PSA,CNC,XEL,ALXN,ORLY,BAX,CTSH,FTNT,CNC,PRU,DD,TRV,CARR,WMB,HPQ,CTSH,MSI,MNST,TT,ALL,MSCI,PRU,SPG,LHX,IDXX,CARR,TEL,IQV,WMB,SPG,DXCM,TFC,DLR,ADM,DLR
DISCA,DG,STT,NTH,WM,PPL,DELL,INTU,NFLX,VTR,M,PRGO,STI,AMP,AMP,M,ROP,TROW,COV,SYY,AVGO,HCN,AVGO,APA,SYY,CB,IP,BRCM,HCA,M,CMG,AVB,SYY,HCN,WM,ADM,EQIX,PEG,TEL,EQIX,CBS,EA,EW,EQR,LUV,PPL,EQIX,AVB,LRCX,AVB,APH,DLPH,DXC,DXC,YUM,ROP,HPE,MCO,LUV,MCK,CXO,ADM,GLW,GIS,MCO,LUV,AVB,GLW,LRCX,EA,TWTR,OKE,PEG,ED,WMB,EA,ZBH,ED,ZBH,TEL,DOW,MAR,ALXN,PCAR,AZO,YUM,ANSS,YUM,SBAC,JCI,BK,MPC,IQV,ALL,MSCI,CARR,MCHP,TRV,MPC,CTSH,AZO,LHX,HLT,MCHP,GIS,DXCM,HLT,CTSH,AJG,KMI,CHTR,AFL,COF,STZ,TT,BIIB,MET,NEM,AFL,TRV,PAYX,FTNT,PAYX,CNC,IQV,MET
BDX,MCK,MYL,WM,AMAT,AMAT,M,PLD,MU,LO,WM,DISCA,M,TROW,PPL,BEN,GIS,LO,FCX,VRTX,BDX,BHI,CTL,DVN,BRCM,DVN,CMI,DLPH,RAI,AMP,PCAR,DLPH,STZ,SYY,FISV,STI,PRGO,SHW,FISV,EW,GLW,ROST,VRTX,EIX,WY,NWL,TEL,AAL,APC,ED,WY,APH,ROP,SRE,DXC,MCO,HCA,PPG,SRE,VFC,GLW,YUM,ALGN,STT,PPG,MCO,STI,STT,PPG,EQR,STI,AVB,VFC,WMB,VFC,ZBH,EA,REGN,JCI,TDG,EQR,ZBH,IDXX,MNST,IQV,ES,PEG,BK,APTV,HPQ,INFO,WBA,INFO,WBA,SNPS,STZ,PPG,EOG,MSI,SRE,PH,DOW,FTNT,OXY,NUE,XEL,EA,ALL,DLR,EA,CTAS,FTNT,MSCI,MSCI,IDXX,FTNT,HSY,SYY,ON,CPRT,WELL,HLT,HAL,FTNT,D,OKE
TEL,SWN,LOM,KR,EQR,WFM,WM,HCN,MHFI,SYY,SYY,SRE,WFM,SYY,PRGO,PPL,YUM,SYY,SO,MHFI,PPL,SYY,BRCM,PRGO,AVB,NOV,CB,ABC,SE,PCAR,STI,STZ,DG,GLW,AMAT,ROST,ADM,UAL,EQIX,SHW,HPQ,XEL,HPQ,LUV,EIX,MPC,EA,APA,EIX,DLPH,WDC,WDC,APC,APH,APH,APH,MCO,EW,YUM,REGN,PPG,TROW,APH,GLW,APH,FOX,CNC,EQR,ZBH,OKE,LRCX,HLT,HLT,ZBH,APH,INFO,EQR,PEG,HLT,OKE,APH,TEL,KR,AFL,ZBH,PPG,YUM,SYY,CDNS,TDG,AIG,BK,LUV,SLB,GIS,ALL,YUM,SLB,ROST,MCHP,ROST,EBAY,PH,GPN,PSX,O,WELL,HPQ,PH,PRU,MNST,PH,CTAS,NEM,TEL,AFL,LHX,HLT,HLT,YUM,MET,KVUE,GIS,TEL,PAYX,A
MSI,APH,STJ,M,WFM,BRCM,HCN,AMP,VTR,NFLX,STI,STI,PLD,VFC,MHFI,PCG,LB,IP,GD,VFC,BRCM,BRCM,SNDK,BRCM,PLD,WDC,PRGO,BSX,ABC,CCL,AMP,GLW,PEG,UAL,STI,GLW,NSC,ISRG,BAX,CCL,AZO,MNST,NWL,PPL,EQR,CBS,WY,USD,NWL,WDC,YUM,ROP,SYF,PH,WY,YUM,CCL,HCA,VFC,APH,GIS,GLW,ADM,ORLY,AVB,VFC,GLW,LRCX,STI,PXD,VFC,LRCX,APH,AMD,EA,AZO,REGN,AVB,MSI,HLT,MNST,AZO,AIG,MCHP,AIG,TT,AZO,RMD,BK,CMI,MNST,MSCI,PRU,SNPS,CMG,MPC,ALL,DD,CTSH,ROST,ROK,PH,SYY,PH,DLR,GPN,KMI,AJG,DLTR,HLT,NEM,HLT,SPG,PH,SYY,TDG,AIG,CNC,YUM,HLT,TRV,PAYX,CNC,CEG,CEG,KMB
HCN,ALTR,ORLY,PCAR,KR,WM,EQR,ACT,AMP,WM,PPL,M,PPL,PLD,PLD,PEG,FTI,ICE,TGT,BRCM,LO,HES,IP,SYY,HUM,DLPH,DVN,CMI,SHW,STI,AVB,WM,EA,FISV,CBS,SYY,SYY,VRTX,ED,TEL,VRTX,CBS,GLW,VRTX,PPL,ED,FISV,DVN,ED,YUM,PCAR,DXC,CCL,ALXN,REGN,CCL,REGN,HPE,APH,GIS,ADM,ALGN,MCO,PPG,VFC,GIS,GIS,AVB,IR,AVB,OKE,EQR,ED,EA,MSI,HLT,OKE,WEC,AVB,TROW,BLL,PCAR,WLTW,SLB,KMI,CTAS,TRV,STZ,ALL,ALL,XLNX,PRU,XEL,CMI,MAR,WBA,CTSH,YUM,RMD,HLT,MPC,PXD,DD,PAYX,A,SPG,O,SBAC,JCI,CTAS,HLT,TT,O,PAYX,MNST,HES,CHTR,DOW,ROST,AFL,CTVA,COF,BIIB,PAYX,IDXX,BK
WY,LOM,ALTR,EIX,PPL,REGN,AMP,STI,WM,VFC,TT,WM,A,PPL,IP,IP,ADS,VFC,AMT,ICE,BEN,LO,M,M,SE,RAI,LB,PCAR,PPL,ABC,MNST,BAX,CMCSK,WM,PLD,AMAT,PEG,CBS,ISRG,ED,SHW,WY,LUV,ZTS,BAX,DFS,AZO,EA,ILMN,XEL,ROST,EIX,PEG,WY,MNST,SRE,RHT,VFC,PEG,PPG,CNC,ORLY,ORLY,LUV,CXO,HAL,OKE,LYB,GLW,PPG,HLT,STI,ZBH,HPQ,ZBH,EBAY,TROW,WMB,ES,APH,AIG,ALXN,CMI,CMI,YUM,WBA,BLL,ALL,YUM,INFO,ZBH,LUV,ORLY,GIS,XEL,CDNS,MSI,SBAC,SIVB,TRV,DD,PPG,O,DLR,HPQ,FTNT,ALL,EA,PRU,NUE,KMI,CTAS,NUE,TEL,HLT,ROST,HES,LHX,HES,CHTR,AFL,DOW,DXCM,HAL,DHI,HES
AET,ICE,VLO,AMAT,STI,ED,INTU,CAH,EQR,PEAK,LO,EL,PCG,STI,PCG,STI,DAL,STI,TJX,LO,WDC,BEN,LO,IP,PXD,SHW,ZTS,AMP,CMI,LUV,DLPH,PCAR,GLW,EA,HCN,HPQ,PLD,ADM,LB,FISV,PEG,DLTR,STJ,SYF,DVN,STI,GLW,EQR,MTB,EQR,PXD,YUM,PXD,ROP,DLTR,TROW,WY,PEG,DXC,ADM,APTV,PPG,OKE,PXD,EQR,ADM,APH,PPG,LUV,ED,XLNX,MSI,PPG,TSN,HPQ,MSI,INFO,STT,PEG,F,RMD,A,CLX,HCA,KR,KR,WLTW,ROK,BLL,EBAY,PPG,HLT,PSX,LUV,CMI,PXD,SYY,DFS,PXD,BIIB,SRE,STZ,MCK,WMB,CARR,TWTR,A,USD,EA,AFL,AFL,MNST,MNST,PRU,PRU,SYY,HLT,NUE,SYY,DOW,DHI,ODFL,COF,BKR,HES,LHX
MHFI,KMI,HIG,MOS,NEM,INTU,ED,M,HCN,PCG,EL,PH,TYC,WFM,LO,PLD,SWK,EQR,NOV,PCG,PCG,AVGO,WDC,LO,IP,WM,WM,VTR,M,CMI,EA,ABC,WM,PLD,ADM,UAL,CBS,EQIX,SHW,MNST,MNST,NWL,SHW,FISV,ED,SYF,ADI,EIX,BLKFDS,CMI,EIX,ROK,WY,ED,TROW,SYF,TROW,ALXN,DFS,YUM,PEG,DG,ZBH,ALXN,GLW,STI,MCO,HAL,HAL,LUV,APH,PPG,SBAC,STI,PPG,TROW,CMI,AZO,APH,VLO,PCAR,IDXX,ZBH,WLTW,EOG,FAST,MSI,CTAS,TDG,YUM,PCAR,CNC,PPG,ALXN,CTSH,PSX,STZ,BAX,TRV,EA,PAYX,GIS,STZ,CTVA,O,SBAC,JCI,DVN,CTAS,SBAC,HSY,ILMN,PAYX,YUM,PCAR,FIS,XEL,MSCI,CHTR,SPG,DOW,BIIB,BKR,SPG,STZ,OXY
NTH,PNR,MCK,SYMC,MOS,STI,VFC,EQR,EL,HCN,PLD,OMC,KR,PCG,FITB,LUMN,CAG,TYC,AABA,WDC,CMG,WDC,DVN,CTL,EIX,ZTS,DLPH,IP,AMP,SE,AZO,STI,MNST,HCA,VFC,EA,ED,ED,VFC,STJ,VTR,STJ,DFS,ED,TEL,HCA,PPL,PPL,YUM,APH,ED,PPL,CMI,SWK,GLW,WY,APH,CCL,APTV,CNC,WY,GIS,PEG,MCK,ADM,IR,LRCX,OKE,LYB,LYB,WEC,AMD,AZO,VTR,ES,SBAC,ED,TROW,EQR,YUM,PRU,MNST,PEG,JCI,WLTW,HPQ,CLX,ZBH,MNST,ORLY,CARR,ZBH,MPC,DXCM,WBA,TRV,DFS,PH,ALL,BAX,STZ,PRU,MSI,ALGN,GPN,IDXX,BAX,ED,NUE,DLR,FTNT,KMI,HLT,ECL,WMB,CTAS,STZ,STZ,XEL,USD,ROST,CPRT,D,BIIB,EXC,CHTR
BXP,ABC,ETR,WY,PEG,VFC,ACT,COG,CAH,MU,LUMN,TYC,OMC,STJ,TYC,MHFI,DE,M,PCP,TROW,TROW,IP,ZTS,TROW,SHW,SYY,AVB,CB,APA,CB,ABC,PPL,EIX,STI,SHW,VFC,AMAT,WY,ADM,ZTS,STJ,DFS,NEM,HCA,DFS,EQR,NWL,FISV,EQR,WY,ROP,PXD,EIX,MNST,MCO,CMI,GIS,APH,MTB,DG,ALGN,DFS,MCK,TWTR,EA,PXD,PPG,IR,PXD,REGN,ALXN,AZO,EA,AZO,SBAC,CMI,AZO,EQR,PPG,EBAY,TEL,SNPS,CMG,ANSS,PSX,AZO,KR,AWK,CTAS,AIG,PRU,CTVA,IFF,CDNS,ORLY,GIS,TRV,XLNX,XLNX,PAYX,SBAC,ROK,AFL,NUE,ALL,DVN,SPG,MSCI,SBAC,GPN,PRU,SPG,XEL,CHTR,CTAS,PCAR,PAYX,WELL,DOW,DHI,MRNA,DLR,ODFL,CTVA,CNC,CNC
WM,ETR,LIFE,EL,ED,PEG,CAH,ED,VX1,TT,OMC,PPL,EQR,TYC,EQR,EQR,ETR,LUMN,MU,CMG,WM,PRGO,BEN,PXD,M,PXD,SHW,PPL,PCAR,SHW,SHW,LB,PLD,SHW,PRGO,HCA,MNST,GLW,UAL,VFC,TEL,GLW,PEG,TEL,STJ,APA,CAH,CAH,WY,WMB,WMB,MTB,DFS,PEG,KR,ALXN,DFS,ADM,ALXN,MTB,YUM,ALXN,TROW,XEL,IR,OKE,ADM,ED,PAYX,PAYX,AZO,PAYX,MSI,BLL,VTR,ES,VFC,KLAC,SBAC,DAL,EOG,CLX,SLB,PPG,TT,CLX,AWK,AIG,CARR,ZBH,MAR,IFF,ALL,ZBH,CARR,MSI,XLNX,PPG,DFS,O,HLT,YUM,PAYX,DVN,XEL,DLTR,ILMN,JCI,NEM,WELL,RMD,XEL,PH,ALL,ECL,CARR,YUM,COF,A,ROK,SYY,MRNA,IDXX,DOW,O,D
PEG,GPC,KMI,INTU,AMP,LO,PEG,TT,TT,EL,FITB,A,FITB,EQR,WDC,VTR,OKE,PEG,SCHW,IP,M,TROW,TROW,HUM,CMG,PCAR,DG,RAI,CB,APA,ROST,EA,FISV,ROST,HCA,PRGO,SHW,EL,HPQ,EL,STI,ZTS,SYF,TSN,AZO,WY,AVB,GLW,AAL,VTR,ADSK,PCAR,XEL,MTB,DG,MNST,PEG,DFS,PPG,ALGN,ZBH,OKE,AMD,WELL,GIS,APC,MCK,ZBH,A,DFS,PPG,WEC,AMD,HLT,IQV,LUV,PCAR,TDG,IQV,EQR,JCI,WMB,MCK,IQV,FAST,MAR,HPQ,CARR,ZBH,ANSS,SLB,GIS,CTVA,MPC,ADM,IFF,IFF,MPC,HLT,SYY,GIS,O,WELL,O,AFL,MCHP,GPN,AFL,HLT,ED,DOW,HSY,KMI,ENPH,XEL,WMB,IQV,ROST,CARR,ROST,ODFL,O,IQV,ODFL,A,JCI
EIX,LTD,DLTR,BXP,MJN,AVB,TT,PEG,VFC,STI,PCG,LUMN,VX1,WYNN,PEG,PRGO,TRV,BRCM,ETN,AVGO,IP,HUM,MYL,WM,WM,PPL,APA,SHW,STI,SYY,CERN,CBS,ROST,PEG,PXD,BXLT,ISRG,PLD,XEL,HPQ,ZBH,HPQ,HCA,DVN,HCA,TEL,STJ,STJ,WDC,DXC,AVB,XEL,MNST,DLTR,PH,RHT,CMI,GIS,CCL,DFS,MCK,PEG,PPG,MCO,PXD,TROW,IR,MNST,AZO,DLTR,MSI,PXD,WEC,VFC,DLR,WMB,TDG,ES,FLT,ED,CMI,SLB,CDNS,HPQ,AWK,MCHP,F,MSI,DXCM,SBAC,ORLY,INFO,MSCI,CTVA,PSX,MAR,FTNT,ROK,CNC,RMD,BAX,SYY,XEL,AFL,BAX,MSI,MSI,KMI,SPG,PH,DXCM,CMI,CARR,KMI,PAYX,BK,AFL,WMB,WMB,LHX,BIIB,EL,JCI,PCG,BK,URI
CAM,RN7,LB,COH,COH,K,MHFI,VFC,STI,WY,A,LO,VTR,OMC,LUMN,NFLX,MAT,PLD,VIAB,HCN,HCN,WM,DLPH,STI,HCP,LB,PPL,NOV,BLKFDS,AZO,BAX,AMP,UAL,MNST,SYY,DG,EIX,XEL,VTR,BHI,NWL,STT,DE,MPC,CBS,STJ,MTB,MU,ZBH,EL,MTB,AVB,SWK,TROW,SRE,ADSK,ALXN,CMI,WDC,APTV,MTB,WY,DXC,PCG,OKE,DLR,PXD,A,DLTR,STT,DFS,LYB,TROW,TDG,EIX,KLAC,EBAY,IQV,STT,PEG,IDXX,STT,PCAR,MCK,ANSS,KMI,ED,PH,RMD,PRU,YUM,SRE,CARR,EBAY,HPQ,CTSH,SBAC,IFF,AZO,AZO,O,ROST,EBAY,MSI,KR,KR,SBAC,CTAS,ED,MNST,MTB,NUE,DOW,DOW,STZ,STZ,COF,SPG,WELL,SYY,YUM,TRV,CTVA,YUM,GIS,STZ
M,AEP,SJM,MJN,FE,AMP,FITB,DG,SYMC,EQR,TYC,FITB,WM,FITB,APTV,WM,PFG,HUM,ADBE,TYC,STI,SNDK,STX,STX,PEG,FCX,PCAR,ZTS,ORLY,CERN,WM,CMI,STI,CBS,ROST,FISV,EA,EA,DFS,STI,ZTS,VRTX,ZTS,SHW,TSN,MAR,HCN,AZO,CAH,EW,DXC,EL,MTB,FCX,EW,WDC,VFC,DG,SYF,ED,RHT,RHT,DFS,AVB,ED,KR,TWTR,CNC,WEC,HLT,DLR,TROW,PAYX,XLNX,TROW,VFC,WEC,MSI,FE,TWTR,ZBH,HPQ,ROK,PEG,SYY,ROK,PH,SWK,HPQ,CTAS,ANSS,ALXN,DXCM,CNC,AFL,HPQ,HLT,OTIS,SBAC,FRC,RMD,SIVB,PPG,PSX,STZ,A,AFL,BAX,CTSH,SPG,PH,MCHP,NEM,COF,HAL,PRU,WMB,CHTR,PAYX,MSCI,ROK,SPG,DLR,D,SYY,DOW
A,RL,CHK,LO,INTU,OMC,K,BBBY,A,OMC,WY,PLD,WDC,VX1,WFM,SNDK,LNC,STJ,KRFT,PLD,PCAR,PEG,PRGO,BEN,ZTS,BSX,SYY,ORLY,DG,AVB,VTR,MYL,ED,AMP,ZTS,BAX,BAX,DFS,EL,SE,ROST,EW,EA,STJ,SHW,CAH,EIX,ADI,DLPH,CBS,DLR,DFS,MCO,ROK,ALXN,PCAR,ADM,ED,ADM,RHT,ORLY,MCK,CCL,EQR,MCK,WEC,A,MCK,STT,AZO,SBAC,GLW,MCK,VRSK,DLTR,PAYX,STT,EBAY,EIX,VRSK,YUM,WLTW,ED,ALXN,XLNX,PRU,MCHP,MCHP,PCAR,HLT,SPG,MNST,HLT,YUM,LUV,RMD,XEL,WBA,YUM,PH,FRC,MPC,EA,EA,CTAS,ALL,HAL,MCHP,RMD,HES,ALB,ALL,PCAR,HAL,BK,DD,ROST,OTIS,VRSK,HES,CPRT,AME,DOW,DD,DOW,AMP
AMAT,CHK,LYB,K,WY,CAH,BBBY,A,BBBY,PH,PH,WY,LO,A,OMC,PEAK,AABA,PRGO,PXD,STX,PRGO,PLD,HUM,SNDK,HCA,AVB,CERN,DG,PXD,LB,CMI,PEG,ABC,FIS,CMCSK,SHW,PXD,SE,DLPH,AAL,APA,SYF,DLTR,AZO,SYF,AZO,CCL,WY,CBS,ADM,EQR,PEG,PH,WMB,VFC,GLW,GLW,OKE,GIS,SYF,FTV,CXO,FTV,MTB,LRCX,ALXN,ED,HLT,DLR,FTV,GPN,SBAC,EIX,MCK,INFO,DLR,MSI,PCAR,VFC,MSCI,AVB,AVB,WMB,ZBH,F,F,SWK,AZO,ES,CARR,TDG,ALL,ALXN,HLT,YUM,XLNX,PAYX,CNC,PH,PPG,CTAS,GPN,PSX,TT,SBAC,KMI,NUE,YUM,HPQ,ALL,SBAC,DOW,ALL,CARR,AMP,AMP,ILMN,ED,CNC,AME,ANET,DHI,SPG,FAST,PCG,PCG
MJN,LYB,NFLX,PXD,EL,ACT,OMC,CCL,DG,M,EQR,STX,BSX,DISCA,A,PH,XLNX,WY,ALXN,WM,HUM,STI,WM,ZTS,PRGO,ROST,PLD,M,SYY,PXD,SYY,MNST,AMP,PXD,MYL,CBS,APC,PXD,SE,VTR,CCL,APA,MNST,STI,STI,FISV,YUM,ED,EW,SYF,EL,ROST,PPL,AMP,PCAR,FCX,ED,XEL,HPE,AVB,DFS,DXC,GIS,DFS,DFS,XLNX,CXO,PAYX,FTV,NEM,DLTR,IQV,GPN,PAYX,HLT,IQV,LUV,CMI,PAYX,MCK,MAR,MCK,PRU,ROK,ED,WLTW,FAST,PAYX,WEC,RMD,ES,ORLY,MNST,CARR,DFS,DFS,OTIS,XEL,GIS,CTAS,PPG,CTAS,APTV,XEL,DD,BAX,MSCI,WEC,KMI,CARR,EA,DLTR,ECL,PCAR,TDG,XEL,ON,PAYX,MET,CSGP,DG,BKR,O,SYY,JCI,ADM
STI,NFLX,JCI,NEM,OMC,MJN,DG,MHFI,LO,DG,MJN,PCG,DISCA,APTV,STJ,MYL,KEY,WM,JCI,STI,TYC,NBL,PLD,AVB,PCAR,DG,HCA,LB,AVB,EA,AMAT,SHW,HIG,BAX,EA,ISRG,ZTS,HPQ,PGR,NWL,ED,CAG,XEL,FIS,FISV,AAL,CMI,PCAR,PCAR,PEG,DFS,HCN,AVB,PCAR,HPE,DG,DG,PCG,ALGN,MNST,DG,MTB,IR,KR,CCL,A,FOX,FOX,HLT,ZBH,MNST,MCK,ALXN,TROW,AZO,PCAR,PAYX,SBAC,REGN,DLR,AZO,EQR,JCI,FAST,OTIS,SLB,WBA,ED,PRU,PSX,VRSK,XLNX,GLW,MNST,KMI,CMI,WELL,PAYX,PAYX,SBAC,TRV,MTD,WMB,WELL,DVN,PEG,DLTR,PH,YUM,CTSH,KDP,AMP,YUM,HSY,CARR,YUM,CNC,CARR,AME,CNC,A,CTVA,CEG,JCI,AMP,PAYX
LO,AABA,MU,MSI,VFC,COH,CCL,APTV,WY,ED,RIG,STJ,PEAK,PEG,STX,TYC,KSU,WDC,ITW,HUM,MJN,APTV,PEG,DLPH,BXP,M,MYL,SYY,IP,STJ,PLD,FISV,ZTS,CERN,UAL,ABC,DFS,APC,EA,VRTX,SE,NEM,TSN,MNST,USD,PEG,EQR,VTR,XEL,ROP,ADM,SWK,HCN,HCA,FCX,REGN,SYF,SYF,ED,FTV,DLR,KR,AVB,ED,MTB,DLTR,APC,MTB,ADM,TROW,AMD,TWTR,TMUS,APH,PAYX,TDG,WMB,TSN,WLTW,IQV,PAYX,CDNS,ANSS,MPC,CTAS,PH,ADM,APTV,PAYX,BLL,SBAC,PPG,ZBH,IFF,CDNS,TDG,GIS,MAR,DD,GIS,VRSK,TRV,YUM,DFS,KMI,AJG,KR,PEG,TT,HSY,HES,CARR,AMP,NUE,YUM,DVN,SPG,KMI,SPG,HSY,OTIS,YUM,VRSK,LHX,LHX,AME
SYMC,SJM,BEAM,STI,SHW,BXP,AVB,FITB,PEG,PEG,BBBY,DG,STJ,LUMN,EIX,APTV,EXC,MYL,TRV,PRGO,A,STX,AVB,PLD,WDC,CERN,M,CERN,VTR,VTR,PPL,ROST,FIS,AMAT,BAX,BHI,XEL,TSN,ZTS,GLW,ILMN,ILMN,FIS,PEG,MAR,CCL,PCAR,PEG,ADM,INCY,XEL,EQR,EW,MCO,WDC,SWK,FTV,GLW,GLW,EQR,MNST,FTV,WY,IR,TROW,HLT,MTB,WEC,TWTR,GLW,CNC,DLTR,MNST,PPG,FE,FE,DFS,USD,VRSK,PPG,ANSS,CMG,TWTR,PAYX,AFL,EOG,TDG,CLX,ROK,SLB,EOG,PCAR,AFL,PSX,TDG,KMI,ROK,MNST,STZ,IFF,YUM,IFF,ALGN,RMD,BK,CTAS,CTAS,HSY,GPN,WEC,ED,PCAR,DD,ED,DD,PAYX,OTIS,DVN,OTIS,OTIS,CMI,A,YUM,BK,ALL,CTSH
CAH,FLR,AEP,DG,BXP,EL,WY,LO,APTV,TYC,CERN,WDC,EL,VTR,DISCA,EL,NRG,HCN,DE,PEAK,AA,AVB,MJN,SHW,CTL,PRGO,ORLY,HCA,PEG,TROW,PEG,PLD,VTR,DG,ABC,EL,DLTR,K,MNST,ZBH,DLTR,WEC,BXP,BXP,VRTX,XEL,BAX,YUM,VTR,BCR,HPE,ZBH,ROK,ZBH,PEG,IP,MNST,WDC,EQR,WELL,WMB,DLR,EQR,TROW,FOX,MCK,WEC,PXD,PCAR,ADM,PXD,VTR,WLTW,GPN,LUV,TMUS,SBAC,EIX,PPL,STT,ALXN,JCI,MAR,ED,PPG,PEG,BBY,ANSS,PEG,PCAR,CTVA,ADM,PXD,ADM,IFF,XEL,TDG,WELL,OTIS,ROK,MTCH,KEYS,OTIS,YUM,AJG,ROST,ED,SPG,CARR,NEM,YUM,YUM,CMI,CMI,KMI,WBD,KMI,IQV,NUE,DG,AME,CTSH,KVUE,DXCM,CTSH,FTNT
AVB,HIG,XLNX,MAT,AVB,FITB,AZO,NFLX,OMC,FITB,DG,CCL,WYNN,AZO,SNDK,WDC,TSN,A,ANTM,AA,PLD,M,STI,DG,RAI,HCA,ROST,STI,AZO,MU,STJ,STJ,PCAR,CMG,AMP,BXP,BHI,OMC,OMC,PCAR,VFC,STI,CBS,BHI,BHI,ZBH,SHW,CCL,ROP,NWL,ZBH,SYF,PCAR,AVB,WMB,DLTR,FCX,REGN,REGN,FCX,ED,HPE,PH,ZBH,ZBH,ZBH,DLTR,DFS,TROW,A,TROW,XTSLA,LUV,DFS,DFS,O,ES,PAYX,ETR,AZO,CERN,ANSS,PPG,PRU,SLB,MSI,XLNX,TDG,SWK,PAYX,PSX,VLO,KMI,DFS,DXCM,SBAC,MPC,MTD,WELL,YUM,KEYS,ADM,WBA,SIVB,PH,PH,YUM,HLT,ILMN,MTB,ILMN,NEM,IDXX,HLT,WELL,HSY,ED,DHI,LHX,MET,LHX,ROK,PRU,PRU,AME,GIS
ESV,PEAK,LUV,VFC,LO,EIX,EIX,WY,BXP,BBBY,MYL,EQR,WY,WDC,WM,WFM,COH,APTV,CRM,EL,PEG,EIX,NFLX,EIX,LB,CTL,AZO,AVB,LB,ADI,FISV,AMAT,CERN,ABC,MTB,PEG,EL,DLTR,MPC,MPC,EW,K,TEL,CBS,MPC,TSN,ED,IP,APH,PCAR,USD,DLR,EQR,KR,ZBH,PEG,SWK,CXO,XEL,WDC,IR,AVB,RHT,FTV,MNST,AZO,VTR,TROW,DFS,WEC,LUV,DFS,IQV,FLT,TDG,DLTR,MCK,PH,KLAC,PAYX,TT,FE,FAST,XLNX,ROK,RMD,FTV,BBY,AFL,ES,AFL,TDG,YUM,AFL,ZBH,WELL,AZO,AFL,FRC,ALL,SYY,EPAM,SBAC,STZ,DLTR,AFL,PH,BK,AFL,FTNT,CARR,ROST,ED,DD,CMI,WELL,WELL,VICI,DHI,PAYX,CNC,SYY,AME,IDXX,YUM,BIIB
EL,DLTR,NE,SHW,CAH,MSI,BXP,NEM,M,A,STJ,VX1,MYL,CERN,MYL,EIX,RTN,PEAK,YUM,DG,STX,PEAK,EIX,LB,TROW,BLKFDS,STI,AZO,WM,IP,VIAB,M,WDC,ZTS,PEG,ATVI,K,MNST,BLKFDS,APA,XEL,VFC,STI,ATVI,PEG,APH,VTR,SHW,SYF,ZBH,IP,PH,HCA,XEL,IP,VFC,OKE,ZBH,CNC,CCL,AVB,ZBH,HLT,CCL,DLR,LRCX,CCL,FTV,MSI,HAL,REGN,GPN,VTR,ES,CMI,HPQ,IQV,DFS,LUV,KLAC,PPG,TWTR,BLL,VLO,HPQ,AFL,ROK,ADM,MSI,PEG,RMD,YUM,SWK,GLW,SWK,YUM,MNST,HPQ,ROK,STZ,IFF,RMD,USD,APTV,EBAY,MSCI,PEG,GPN,IDXX,DXCM,GPN,EA,HSY,IDXX,ALL,OTIS,MTD,FIS,EA,GWW,AMP,AMP,CTSH,ALL,PRU,PRU
FITB,XRX,DPS,OMC,MSI,SYMC,TYC,EL,PH,ROST,PEAK,BBBY,STX,WM,AZO,HCN,ESS,EIX,ADM,MJN,DG,VTR,CMG,CMG,DLPH,MYL,CCL,WDC,ADI,ROST,STZ,FIS,EL,EIX,TROW,MTB,STI,ZTS,VRTX,DLPH,FIS,FIS,BHI,XEL,CCL,EW,APH,BAX,BCR,ROST,PEG,MNST,TROW,DG,SWK,APTV,PCAR,FITB,AVB,KR,DXC,MNST,XEL,EIX,KR,VTR,PCAR,ADM,PPL,PCAR,ES,PCAR,VRSK,DLR,VRSK,DFS,FLT,A,PCAR,WLTW,EIX,RMD,MSI,F,PRU,BLL,PAYX,USD,MCK,EOG,AWK,AFL,TDG,TDG,HLT,PAYX,CTAS,STZ,PPG,HPQ,EA,MCK,STT,ALL,TT,DD,DD,KR,WBD,RMD,WELL,KDP,EA,BK,EA,NEM,CMI,CPRT,ROK,A,EA,OTIS,DD,O,FTNT,CEG
NUE,DVA,NYX,BBBY,DG,MAT,LO,OMC,GWW,SNDK,VTR,NUE,CCL,LO,WYNN,A,WHR,MJN,STT,EIX,ZTS,MJN,HCP,MYL,DG,TROW,BXP,TROW,WDC,SWKS,SE,SE,BXP,PGR,ROP,EIX,SE,EW,TSN,XEL,EL,TEL,MPC,PCAR,WMB,CAG,WMB,HCA,DFS,APC,SYF,BCR,AMP,TSN,ROK,KR,XEL,MNST,MCHP,XEL,EQR,IR,HPE,HPE,FTV,PAYX,MNST,AZO,IQV,DLR,MCK,CMI,FLT,EIX,KLAC,FLT,TSN,FE,DLR,EIX,HSY,AIG,PH,MSI,MCHP,AWK,OTIS,PRU,ANSS,ROK,ROK,XEL,PCAR,WLTW,MNST,ADM,AFL,NUE,XEL,DD,BIIB,WBA,CTVA,TDG,RMD,YUM,BK,RMD,HSY,PEG,CTSH,CSGP,FTNT,AMP,ED,KMI,BK,RMD,ED,AMP,BKR,DD,PCG,VRSK,OTIS,LEN
PXD,LIFE,EW,XEL,FITB,FE,COG,FE,TYC,GWW,ROST,MJN,CMG,PH,BSX,STJ,TXT,RAI,CSX,APTV,AVB,MYL,VTR,PEG,ED,STI,RAI,WM,TROW,PEG,TROW,HIG,PXD,TROW,EIX,ROP,VTR,BHI,BXP,LB,BHI,BXP,K,CCL,BXP,ILMN,HCA,NWL,HCA,MTB,VTR,MCO,ALXN,VFC,ADSK,PH,AVB,DLTR,HLT,DXC,CCL,EQR,PCAR,LRCX,XLNX,TWTR,PAYX,PCAR,VTR,AMD,ZBH,MNST,ES,LUV,TSN,IDXX,KLAC,CNC,MCK,FE,ADM,AWK,DLTR,PH,MPC,OTIS,PRU,ALXN,SLB,AFL,BLL,DAL,ADM,SWK,MSI,CTAS,HPQ,CTAS,WBA,STT,TWTR,MTCH,ALL,EBAY,PEG,EA,HES,TT,OTIS,ILMN,TWTR,HAL,HAL,OTIS,OTIS,CMI,ROK,EA,AMP,CMI,DLR,HAL,AMP,IQV,KVUE,FAST
COH,JCI,WHR,CCL,TT,WY,FE,BXP,ED,VX1,PEG,VTR,LUMN,PEAK,PH,AZO,PXD,EL,BHI,A,APTV,CMG,PXD,VTR,BEN,PLD,PEG,PEG,SWKS,WM,IP,BXLT,CMI,BXP,ADI,ED,PGR,DLPH,CAG,OMC,OMC,EL,VFC,DG,XEL,WMB,PEG,WMB,PEG,HCA,BCR,IP,BCR,EW,APTV,ZBH,PH,EQR,PH,DLR,XEL,CCL,WELL,FOX,A,CXO,DFS,PH,CMI,CMI,VTR,LUV,PCAR,WLTW,MCK,MCK,FE,PPL,EBAY,A,XLNX,XLNX,RMD,AWK,MCK,PSX,ALXN,FCX,GLW,WEC,PEG,PXD,MSI,KMI,FRC,MNST,ZBH,GIS,ADM,ADM,GPN,WELL,TROW,KMI,EA,VRSK,AJG,IFF,WEC,VICI,SPG,ALB,ANET,MTD,MTD,ALL,WBD,PPG,NEM,PPG,DD,VRSK,SYY,AMP,VRSK,KVUE
K,CMG,PEAK,RAI,A,BBBY,EL,ISRG,FITB,CERN,APTV,APTV,APTV,DG,VTR,BXP,DLTR,VTR,ECL,PEG,VTR,AA,AA,NFLX,CERN,ABC,TROW,MRO,CCL,PPL,HIG,EIX,XEL,ED,DG,EQIX,DLPH,PGR,DLTR,ILMN,ATVI,ATVI,EL,K,NEM,DVN,DLTR,UAL,INCY,MNST,PH,AMP,DLTR,IP,AMP,FTV,APTV,NTRS,FCX,GLW,HPE,WELL,PCG,WEC,WEC,ES,KR,KR,DTE,MSI,VRSK,WLTW,DLTR,IDXX,TMUS,STT,PH,ADM,A,PH,STT,CERN,MCHP,TWTR,SWKS,MKC,DHI,KR,HLT,CTVA,MSI,CARR,AZO,SBAC,CTVA,AFL,MTD,HLT,MNST,XEL,MTD,FRC,ROST,VLO,TROW,CARR,CARR,CARR,VICI,YUM,ROST,RMD,BK,TDG,CTSH,ANET,AME,CMI,FIS,EA,FIS,DG,BK,XEL,GWW,SYY
CF,TFC,SLM,CAM,ACT,TT,RAI,K,SHW,MJN,AZO,RIG,PH,EL,PEAK,VNO,KSS,PH,DFS,AVB,PEAK,BXP,SHW,VNO,STI,PEG,NOV,PLD,STJ,STZ,MU,CERN,PGR,HIG,ISRG,VTR,CAG,MYL,K,BXP,CAG,MPC,PCAR,VFC,PCAR,CMI,OMC,CMI,IP,DFS,EW,WMB,ADSK,HCN,ED,FITB,PCG,AVB,COL,DVN,KR,ED,LRCX,XLNX,CMI,PPL,PPL,DLR,WLTW,MCHP,DTE,REGN,GLW,TMUS,WLTW,REGN,ALXN,WLTW,O,MNST,IQV,ROK,XLNX,OTIS,MKC,XLNX,APTV,FAST,CTVA,MSI,HLT,MSI,PAYX,AZO,WLTW,HLT,WBA,FRC,IFF,CBRE,ADM,FAST,CTAS,IFF,VRSK,HSY,MNST,BIIB,PEG,KR,PCAR,CTSH,ILMN,KHC,FTNT,ROK,DVN,ROK,CSGP,KMI,PRU,PRU,MRNA,AME,FIS,ODFL
TT,BFB,ADM,WFM,TYC,RAI,GWW,TYC,ROST,STJ,COH,MYL,PEG,KORS,CMG,MJN,VLO,VNO,RTN,STJ,EIX,RAI,RAI,CCL,MJN,MJN,EIX,ROST,CERN,FISV,EL,TROW,BAX,SE,BXP,PXD,UAL,VTR,PCAR,K,PCAR,TSN,AAL,OMC,TAP,ADI,ZBH,APH,IR,MCO,MCO,ADM,WMB,EQR,OKE,ROK,EQR,APTV,ZBH,ZBH,ROK,XEL,MTB,PPL,PAYX,DTE,ZBH,MSI,ES,ALGN,PCAR,DLR,IDXX,IQV,FLT,TSN,WLTW,LUV,DTE,VFC,HLT,PAYX,AWK,WMB,ADM,WMB,GLW,OTIS,FAST,WBA,MCK,SWKS,MCK,FRC,GLW,ZBH,FRC,PXD,CTAS,CMI,ETSY,EA,SIVB,AVB,AVB,ED,IFF,OTIS,BK,ALB,DLTR,GPN,RMD,AME,STT,HAL,DD,MTD,KMI,ODFL,HSY,CNC,DHI,GWW,ODFL,OTIS
OMC,XLNX,ADSK,MHFI,K,AZO,APTV,AZO,BSX,NUE,MOS,PEAK,AZO,HUM,BXP,RAI,TIF,LUV,MMC,OMC,SHW,CERN,DG,MJN,MYL,ORLY,MJN,CTL,FCX,MNST,LB,ISRG,TROW,ADI,EL,PGR,BXP,PRGO,BHI,CAG,PGR,BHI,WEC,CAG,OMC,NEM,CXO,XEL,KR,ADSK,HCA,VFC,DLR,WDC,ADM,AMP,DLTR,PCAR,ORLY,WMB,DVN,PCAR,ED,DLR,PH,MTB,DLR,HPE,SBAC,WLTW,GLW,ES,REGN,DLTR,O,VTR,DLR,SWK,MNST,O,SNPS,BLL,CERN,MAR,BLL,ALXN,RMD,CTVA,KMI,SWK,SWKS,ANSS,ROK,DHI,VLO,SWK,CMI,KR,HPQ,AMP,XEL,OTIS,AVB,AMP,TDG,TT,IDXX,WBD,TDG,ES,CMI,KEYS,KDP,EA,ILMN,ON,KR,ILMN,CTSH,XEL,KMI,KMI,OTIS,CTSH,CSGP,ON
VNO,BEAM,KEY,AMP,RAI,ZTS,ISRG,MSI,COG,SHW,ABC,CMG,COG,BSX,BRCM,FITB,CSX,STX,AET,BXP,RAI,VNO,CCL,HCP,CCL,BEN,MNST,BXP,PLD,PLD,ISRG,ED,STJ,ROP,ATVI,AMP,TROW,NLSN,MYL,TSN,NLSN,PGR,CCL,NEM,APH,SHW,MU,ZBH,PH,IP,SWK,HPE,VFC,DLR,A,ED,CXO,HLT,DG,ORLY,PCAR,PCG,PAYX,HLT,TWTR,PCAR,TROW,PPL,AMD,PH,LYB,FLT,BLL,INFO,DTE,ETR,A,FLT,TMUS,ETR,TWTR,VRSN,PAYX,CTAS,MSI,BBY,CARR,HPQ,AWK,FAST,MPC,PAYX,DAL,MSI,SBAC,OTIS,PXD,CMI,TDG,AJG,OTIS,VRSK,AMP,WBA,FAST,DFS,WEC,HES,DXCM,TDG,VICI,ED,VICI,FTNT,HSY,CTSH,VICI,DLTR,PPG,FAST,XEL,CEG,A,KVUE,FAST,ALL
RAI,CCE,LUMN,AVB,BBBY,TYC,PH,RAI,NUE,K,HUM,TT,CERN,CMG,HUM,OMC,LLTC,CMG,CBS,VTR,CCL,SHW,LB,AZO,ABC,BXP,CMG,BEN,ROST,FCX,MCO,PXD,CBS,PCAR,HIG,K,OMC,MPC,ZBH,EA,BXP,CCL,ATVI,IP,CMI,MNST,UAL,PGR,EL,PXD,MNST,IR,TSN,HPE,IR,AAL,COL,KR,ROK,HPE,WELL,PH,KR,COL,VTR,PH,HLT,CCL,APC,MTB,CERN,ZBH,TDG,KLAC,XLNX,PPL,CNC,MCHP,WMB,PCAR,PPL,HLT,FE,BLL,SWK,TDG,MAR,MAR,MTD,ADM,WEC,GLW,XLNX,OTIS,PAYX,ROK,ADM,ADM,CBRE,OTIS,ANSS,XEL,KMI,OTIS,YUM,EBAY,DFS,IDXX,ALL,BK,DLR,BK,KR,ILMN,AME,STT,RMD,AMP,DD,NEM,HAL,CSGP,FIS,OTIS,IT,YUM
KR,CCI,AVP,CAH,SYMC,CCL,A,MJN,ZTS,CMG,NUE,CERN,HCN,CCL,ROK,WY,TRIP,OMC,PPG,SHW,CERN,TYC,BXP,RAI,BSX,EIX,BEN,MNST,BEN,EL,EIX,IP,ADI,BXLT,BXLT,OMC,DPS,PCAR,NLSN,PGR,AAL,OMC,CAG,CMI,MNST,EL,VRTX,FITB,DXC,AAL,ROK,VTR,ZBH,ADSK,CXO,ADM,ROK,PH,FTV,IR,SWK,APTV,MNST,MNST,HLT,WLTW,HPE,DLTR,MCK,TDG,WLTW,VRSK,DLR,DTE,BLL,WLTW,TMUS,DLR,PH,WMB,F,PPG,MPC,STT,CHD,AIG,XTSLA,GLW,ADM,MCK,PAYX,DFS,SBAC,PEG,WMB,FRC,KMI,AZO,KMI,WMB,EFX,EFX,DFS,CTAS,HAL,MNST,BKR,ES,USD,OTIS,KR,KR,OTIS,CSGP,VICI,AME,AMP,PEG,FAST,CTSH,PPG,LHX,EL,KMI,EA,GWW
TYC,FIS,LLTC,TYC,MAT,DG,ADI,AVB,CERN,RAI,HIG,DOV,DG,SHW,HCN,STX,ECL,FITB,AFL,VNO,BXP,DG,CERN,ROST,ROST,CMG,ZMH,EIX,BXP,MCO,DVN,MCO,SHW,ISRG,APA,CERN,ROP,CAG,WEC,CMI,TROW,PAYX,DVN,EL,ADI,PCAR,DG,EW,AMP,SWK,IR,TROW,WDC,PCG,FITB,OKE,IP,COL,PCG,COL,NTRS,PAYX,ROK,NTRS,UAL,FTV,ES,CMI,O,MNST,FTV,FTV,CMI,O,PCAR,XTSLA,EIX,TMUS,TWTR,FLT,SLB,EIX,VRSN,ADM,USD,ADM,SWKS,WBA,WBA,SPG,MTD,KMI,SWKS,PXD,OTIS,CTVA,CBRE,TDG,VRSK,MTD,AJG,CBRE,CBRE,SBAC,ED,HAL,MTB,DXCM,MTB,DLTR,BK,CEG,WELL,VICI,RMD,VICI,CPRT,KHC,RMD,DLR,DVN,PPG,ROK,DHI,BKR,FIS
SHW,DVN,TFC,FITB,GWW,CAM,CAG,NTAP,AVB,APTV,CMG,SYMC,BXP,WY,VNO,CCL,COL,AVGO,VLO,RAI,MCO,PH,MRO,BXP,VNO,AZO,HCP,CCL,STZ,BEN,PXD,VTR,AMAT,ADS,PCAR,CAG,CERN,WEC,EW,NLSN,MTB,ES,MYL,DLTR,IP,MTB,IP,OMC,MCO,IR,CERN,MCHP,IP,MYL,AVB,WMB,ZBH,DLR,WMB,HLT,COL,NTAP,DLR,PAYX,NTRS,DFS,FTV,DTE,CXO,CXO,TSN,CERN,TSN,FE,A,PH,PPL,PXD,AZO,CMI,VLO,TT,HLT,TDG,GLW,HLT,AFL,HLT,LUV,AWK,CTAS,FRC,PEG,ANSS,PCAR,FTNT,GLW,AWK,CMI,WELL,FAST,MNST,VLO,PEG,IFF,FAST,TT,ILMN,PCAR,ROST,KEYS,KHC,MTD,WELL,KHC,ED,EA,AME,DVN,DD,NEM,FIS,CMI,COR,BIIB,CSGP
PH,SIAL,KLAC,AZO,MHFI,SHW,COH,EIX,RAI,EIX,ED,ROK,ZBH,BXP,WY,K,CRM,BXP,EXC,MYL,VNO,ZBH,VNO,CERN,AZO,ZMH,WDC,STJ,EIX,CMG,BXP,EL,SE,MYL,CERN,XEL,MTB,BXP,PRGO,MTB,WEC,DVN,APA,PAYX,CAG,TAP,FITB,KEY,ROST,PH,AMP,FTV,KR,APTV,AAL,KEY,FITB,SWK,DLR,PCG,PH,TWTR,COL,VTR,HPE,CLX,PH,WLTW,PH,GPN,HRS,IDXX,INFO,AWK,IDXX,ALXN,O,DTE,ADM,BLL,ETR,MPC,HPQ,MKC,WMB,MCK,MKC,MTD,EOG,AME,SWK,CTAS,CTAS,XLNX,SIVB,AZO,AME,EFX,AFL,DFS,ENPH,DHI,PEG,AJG,AMP,WEC,TDG,FAST,BIIB,CMI,WEC,VICI,AME,PEG,ROK,URI,FIS,PRU,VICI,VRSK,VRSK,GPN,LHX,ACGL,KMI,EXC
CTXS,KLAC,ADBE,VNO,CAM,GWW,SHW,PH,STJ,RIG,VX1,ZTS,BRCM,EIX,EL,SHW,SJM,AZO,TFC,AZO,NUE,ZTS,ABC,ORLY,ORLY,MNST,FCX,NBL,MJN,NOV,CAG,CAG,CAG,OMC,ED,DLTR,NLSN,TROW,ES,DLTR,DLPH,MTB,ADI,CERN,EL,K,XEL,PAYX,ADSK,CAH,TROW,HCA,DG,CXO,RHT,NTRS,AAL,FTV,IP,PCAR,PCG,ROK,NTRS,A,DTE,CCL,CMI,VTR,TDG,VRSK,FLT,TDG,CERN,MNST,ETR,VRSK,VRSK,MCK,AWK,PPL,WELL,FLT,STT,DLTR,PH,SWK,MCK,MCK,AME,DFS,ADM,WLTW,WELL,WELL,DHI,VLO,ANSS,VRSK,MTD,VRSK,WELL,AFL,ROK,FITB,BKR,AVB,ES,VICI,TWTR,PCAR,RSG,IDXX,SBAC,KEYS,DLR,MTD,KHC,KR,ILMN,PRU,CSGP,FAST,KMI,CMI,HAL,ROK
AZO,AA,COL,TT,EIX,COG,MSI,COH,COH,SYMC,HCN,COG,VNO,ROK,MOS,BRCM,NVDA,SHW,NOC,WY,OMC,ED,OMC,ED,ZMH,WFM,ADI,STZ,EA,CAG,WDC,WDC,UA,EL,XEL,TROW,ATVI,ZBH,ROP,TROW,K,NLSN,OMC,DLPH,K,OMC,NUE,WDC,SWK,COL,FTV,COL,HPE,ADM,FTV,RF,NTRS,DPS,CMI,PAYX,KEY,NTRS,FOX,NTAP,PCAR,CMI,DTE,TWTR,CNC,SBAC,MTB,TSN,DTE,REGN,PH,A,APTV,TWTR,TSN,RMD,CDNS,MCHP,F,AVB,PAYX,GLW,KMI,DTE,OTIS,LUV,KMI,SBAC,WEC,AME,PXD,MTD,PSX,WST,WMB,EFX,MCK,AVB,IFF,ROST,SIVB,TDG,OTIS,MTB,IFF,HPQ,NUE,ANET,TDG,SBAC,ALB,KHC,PEG,DD,KHC,RMD,FAST,CMI,FAST,NEM,COR,PPG
AMP,DPS,WU,GWW,PH,MOS,XEL,GWW,DOV,FE,SHW,AZO,ED,STX,SHW,ED,ALTR,AA,MRO,ZTS,STJ,GMCR,STJ,OMC,XEL,STX,CTL,MJN,EL,ZBH,ED,MU,HCP,XEL,PGR,HIG,HPQ,DPS,APA,NEM,TSN,TAP,CMI,LB,CXO,WEC,ILMN,CXO,OKE,ROK,CBS,A,VTR,IR,KEY,CXO,TSN,EIX,DVN,FOX,FCX,SYF,SWK,DTE,ES,MNST,AMD,IQV,VRSK,MCK,SYF,BLL,PXD,PCAR,HSY,DTE,TWTR,VRSK,CMI,KR,VRSN,FAST,ADM,WELL,VLO,PAYX,AIG,SWKS,SPG,GLW,GLW,WELL,WLTW,PAYX,WELL,SWKS,SWK,KEYS,WST,WBA,AFL,BIIB,MTD,MTD,OTIS,BK,TWTR,PCAR,CMI,PPG,PEG,TDG,ALB,RMD,WBD,APTV,PPG,CSGP,KR,BKR,CTSH,URI,KDP,RSG,XEL,IT
XEL,NYX,DVN,ROST,IVZ,NEM,ZTS,ROST,FE,ZTS,RAI,ROST,ROK,HCN,MJN,LUV,CNP,ZBH,HES,IVZ,IVZ,MCO,PH,ZMH,GGP,CCL,VNO,STX,ZMH,BXP,FIS,ZBH,MCO,STJ,CMG,HCP,ABC,HIG,ADI,WEC,CMI,MYL,NLSN,AAL,DLPH,VRTX,PGR,IR,ROK,AMP,DG,WLTW,FTV,AAL,XEL,COL,DLR,ORLY,PCAR,NTRS,IP,KEY,NTAP,CMI,ROK,UAL,AZO,ES,MTB,DTE,CMI,DTE,ADM,ALXN,LYB,ADM,LYB,XLNX,MSCI,CTAS,DTE,WELL,AVB,SWK,ALXN,CARR,WMB,WLTW,ALXN,OTIS,VIAC,ROK,ES,PCAR,AZO,WMB,MCK,SIVB,STT,AFL,ODFL,AJG,OXY,CBRE,ROK,OTIS,WBA,TWTR,HES,RSG,ANET,MTB,DLR,KDP,CSGP,BKR,CTSH,GWW,BK,BK,ED,DVN,XEL,ROK,RSG,VRSK
LTR,NEM,FLS,CAG,AZO,SNDK,NEM,SHW,K,STX,GWW,PEG,SHW,ISRG,KORS,MOS,FMC,DG,GLW,MCO,MYL,A,ROST,ISRG,STJ,OMC,STZ,CMG,MCO,MJN,ADI,ADI,BXLT,K,MCO,VNO,WEC,ES,HIG,FIS,MPC,SJM,TYC,ADI,AAL,BXP,IR,BXP,MNST,RCL,COL,EW,FITB,COL,MYL,TSN,AMP,IP,IR,IP,CMI,DVN,RCL,DXC,MSI,HPE,WLTW,CXO,GPN,ES,IQV,A,LYB,A,ADM,BLL,SWK,MNST,SWK,AWK,FAST,ADM,TT,TT,BBY,SWKS,HLT,LUV,WLTW,AZO,USD,SWK,AME,SIVB,XLNX,GLW,AVB,CBRE,MCK,CPRT,AVB,ANSS,RMD,TROW,APTV,IFF,FAST,HAL,DD,KEYS,CSGP,AME,KHC,ANET,KEYS,RMD,ODFL,BK,PRU,VICI,RMD,GWW,CSGP,KDP,PPG,BKR
BBBY,NE,WAT,A,COG,MU,NUE,ZTS,PGR,BXP,MAT,HIG,TT,SNDK,ISRG,HUM,AET,ROK,AMAT,ABC,PH,STJ,HES,PH,WY,HCP,FIS,ADI,FISV,ADS,SWKS,BXP,ISRG,ZBH,OMC,DPS,PCAR,ROP,TROW,NVDA,DVN,PCAR,VNO,NLSN,WEC,IP,BXP,NTRS,HIG,A,CAH,DLTR,ADM,FTV,RCL,A,A,WMB,NTRS,MCHP,PAYX,COL,A,APTV,PPL,MSI,APTV,APC,USD,PPL,ADM,MTB,SYF,CERN,PPL,TWTR,ADM,LYB,BLL,IDXX,AEE,OTIS,MKC,SWKS,STT,WELL,ALGN,WMB,VFC,VFC,KR,RMD,FRC,MTD,AME,LUV,EFX,PEG,CTVA,KEYS,AMP,WST,BIIB,PCAR,WBA,WY,HSY,DD,ES,ON,AMP,OTIS,CSGP,DLTR,DLTR,ODFL,FAST,FAST,PEG,LEN,GWW,HSY,DVN,ED,DD,EL
FAST,LLTC,HES,COG,CCL,APTV,STJ,DOV,MJN,BSX,STX,ED,SNDK,VNO,VRTX,SWN,CNX,AVB,ALL,FITB,ZBH,ORLY,ZMH,MRO,WFM,STZ,OMC,MCO,CMG,EIX,MJN,HCP,M,VTR,FIS,ZBH,ES,ABC,STI,USD,TAP,TYC,PAYX,APH,DLTR,PGR,PAYX,NUE,FITB,WEC,NWL,RHT,RHT,PAYX,DLR,IR,MCHP,A,WELL,NTAP,HLT,IDXX,APTV,WY,AZO,EIX,RCL,APTV,MNST,SYF,PPL,INFO,APTV,CTAS,AWK,LYB,XLNX,APTV,DFS,SWK,VFC,SPG,PPL,EFX,DTE,STT,CHD,KMI,AZO,MTD,CLX,BLL,STT,ROK,PEG,PCAR,FAST,CTVA,EFX,AVB,CTVA,TWTR,AJG,DLTR,ALGN,KHC,ALB,TDG,MTD,TWTR,IDXX,ROK,KEYS,WEC,SBAC,ILMN,GWW,WEC,CMI,FIS,LEN,BK,GWW,PEG,URI,EXR
CAG,NBL,LUK,ES,CERN,A,ROST,HUM,AZO,DOV,WDC,ABC,FRX,MOS,CERN,DISCA,PPG,ADI,NFLX,NUE,WY,ABC,ORLY,WY,STZ,VNO,FISV,OMC,NOV,MRO,NLSN,XEL,K,IP,STJ,WMB,ZBH,STI,NVDA,ES,ADI,TROW,PGR,MYL,VFC,CXO,FCX,DG,TROW,OKE,OKE,RCL,CERN,KEY,TSN,XEL,IR,KEY,DPS,ROK,MCHP,RF,CMI,ROK,CLX,O,SBAC,SYF,HPE,FLT,IDXX,ADM,MCHP,HSY,MNST,GLW,ETR,O,ANSS,LUV,CTVA,PH,OTIS,VRSN,MAR,ED,MTD,CPRT,PSX,WLTW,OTIS,ETSY,ANSS,WEC,CTAS,AME,PEG,FAST,AVB,ANSS,WST,AWK,FAST,PPG,ROST,BIIB,AMP,NUE,KR,VRSK,TDG,SBAC,DLTR,ROK,DFS,PPG,PRU,ALL,GWW,RSG,BK,XEL,PPG,EA,CTVA,KMI
ROST,WHR,AES,CERN,APTV,MHFI,NTAP,NUE,EIX,MOS,LB,IVZ,EIX,MJN,RAI,BSX,LRCX,ED,TEL,HST,EL,CCL,AZO,HES,STX,FIS,NBL,HES,CTL,APH,BXLT,APA,MYL,MU,DVN,STJ,EW,CTL,CMI,ROP,TYC,DPS,IP,WMB,PAYX,VFC,KEY,ILMN,WEC,NEM,MCHP,FITB,IR,A,EQR,RCL,DPS,NEM,SWK,KEY,DLTR,CMI,EIX,DLTR,WLTW,NTRS,IQV,ROK,FLT,SWK,TDG,PPL,PH,CTVA,CTAS,XLNX,NTRS,ALXN,IDXX,CERN,ROK,DTE,EQR,SPG,WELL,DHI,WELL,AME,WELL,WELL,FAST,WMB,DHI,BLL,ROK,SIVB,NUE,AVB,PSX,NUE,WMB,STT,GLW,MTCH,DFS,WBA,EBAY,RSG,PPG,AMP,CEG,DLR,CTSH,PPG,BKR,GPN,VRSK,ON,RSG,DVN,VICI,NEM,URI,A,LEN,XEL
ADI,SLM,BCR,PGR,ROST,CAG,BSX,STJ,ISRG,VNO,CCL,MOS,MJN,ED,ADI,DG,KMX,BSX,REGN,PH,FITB,OMC,MCO,ABC,ADS,HES,WFM,ADS,ADS,ISRG,OMC,DLTR,SIAL,VNO,VTR,RCL,ADI,ADI,APH,IP,APH,CLX,TAP,PGR,CERN,DG,PH,PH,VFC,TROW,VFC,CERN,A,DVN,NTRS,CAH,MYL,RF,MNST,PH,EIX,SWK,IDXX,PH,DLTR,IQV,ROK,TDG,FE,APTV,O,CTVA,FTV,GLW,APTV,SWK,MNST,ETR,CTAS,MCHP,DLTR,F,TDG,FE,ARE,CHD,AME,AFL,DLTR,MPC,KEYS,ES,VLO,VRSK,MCK,ANSS,CTVA,MCK,PEG,TDG,STT,AME,PCAR,STT,STT,PPG,PCAR,VRSK,VRSK,WBD,BAX,WBD,PPG,ES,ON,PEG,KDP,CTSH,ALL,ED,DLTR,EA,COR,KR,KDP,CMI
GWW,KEY,MMC,IVZ,SNDK,STX,MJN,BSX,LB,AZO,ROK,MAT,ISRG,TT,CCL,AVB,AEE,WYNN,AON,XTSLA,HIG,AZO,WY,AA,AA,STJ,SWKS,ZMH,MNST,IR,HCP,NLSN,NLSN,APA,DLTR,ADI,HCP,PAYX,TAP,DVN,HIG,O,CERN,WEC,SWK,MU,AMP,K,USD,DTE,WLTW,WEC,WEC,FITB,COL,MYL,KR,ROK,FITB,CXO,NUE,A,CERN,PCAR,VRSK,NEM,BXP,FLT,ROK,TSN,A,SYF,MTB,TSS,REGN,APTV,ROK,LVS,MCHP,HSY,MKC,CTVA,FLT,FLT,CARR,AME,FCX,MKC,KR,KMI,WLTW,MCK,DFS,CTAS,MTD,PEG,DHI,STT,AWK,PSX,DFS,CTVA,MNST,KR,MTD,ES,PPG,WBA,ROK,FAST,ES,VRSK,CEG,OKE,ANET,DFS,GEHC,VRSK,MTD,ABC,KR,ED,ACGL,EL,CMI,COR
VFC,AON,PLL,NUE,LTR,ROST,CAM,ADI,ROK,HIG,SYMC,HUM,ABC,ORLY,LUV,COG,DFS,K,KR,CERN,AZO,WY,ISRG,STJ,OMC,FISV,ADS,HCP,OMC,FIS,BEN,SWKS,WEC,NLSN,CAG,MCO,CLX,MTB,MTB,HIG,MYL,CMI,LB,TAP,ROP,DLTR,TROW,ROP,NEM,VFC,FITB,DG,AAL,CBS,ORLY,AVB,NEM,IR,PAYX,EIX,IDXX,HLT,SYF,IQV,BXP,FE,O,VRSK,BXP,FITB,RCL,EIX,SWK,CMI,GLW,EIX,SYF,ROK,HSY,DTE,WMB,HSY,EIX,APTV,DLTR,APTV,PSX,WELL,DAL,CPRT,AME,PEG,WMB,VLO,STT,MCK,VRSK,ANSS,AJG,FAST,ALL,PEG,AME,GLW,WEC,MTB,LYB,KHC,AVB,IDXX,ON,DD,ON,CTSH,PEG,OKE,WEC,GEHC,KEYS,PEG,PEG,VICI,HSY,DVN,PEG,CTVA
SWK,PFG,NEM,LTR,PGR,PH,DOV,CAG,MOS,ADI,K,BSX,NUE,FIS,DG,ROK,MKC,HST,CCI,ED,ISRG,ISRG,ED,TYC,MRO,MRO,GGP,FISV,MRO,HIG,ZBH,SIAL,MTB,CAG,ADS,NLSN,FIS,APH,FIS,TAP,WLTW,DTE,GGP,MTB,PGR,DLPH,ROP,WEC,KEY,ES,AAL,TSN,WLTW,NTRS,CFG,CFG,RF,TSN,NEM,TSN,A,VTR,WEC,ES,IQV,SBAC,UAL,AMD,ALGN,IQV,INFO,SWK,VRSN,APTV,HIG,CTAS,DTE,KR,RMD,ADM,O,PPL,AME,DTE,MTD,DTE,VFC,DHI,CLX,DAL,LUV,AME,FAST,AMP,AMP,FAST,AWK,BLL,LUV,KMI,WBA,DFS,TDG,MNST,HSY,RMD,ROST,AVB,FAST,BAX,VRSK,WEC,WEC,BKR,OKE,GWW,APTV,DLR,DLR,GEHC,RSG,PEG,GPN,CSGP,ROK,RSG
ZBH,LUV,CSC,APTV,NUE,IVZ,MAT,CAM,ADI,ROK,MSI,BRCM,MOS,PNR,SWN,WYNN,MMC,CCL,CI,GMCR,ED,HIG,HIG,ADS,ISRG,EL,EL,ISRG,STX,ROP,ENDP,K,MU,ATVI,SE,EW,HIG,CLX,CTL,FCX,ES,VNO,ES,APA,MTB,PAYX,HIG,TROW,FTV,KR,A,SWKS,PAYX,VTR,CAH,DPS,EIX,AMP,KEY,CMI,WEC,WEC,IQV,VRSK,WY,ROK,SYF,KHC,SYF,CCL,STT,FE,FE,VRSN,MCHP,MCHP,CERN,CERN,USD,ROK,TSN,ARE,CTAS,CERN,TDG,MTD,LEN,CHD,ED,STT,AZO,AZO,VRSK,MCK,NUE,DHI,SIVB,ZBRA,ZBH,MCK,CBRE,AMP,MTCH,FRC,OKE,ROK,RMD,CMI,AMP,BIIB,OTIS,DFS,MTB,DLR,PPG,DLTR,DHI,OKE,DLTR,ZBH,CEG,PWR,VICI,PPG,ED,KDP
MAT,XL,NBL,ACT,FAST,HIG,BRCM,MAT,VNO,MAT,ZTS,SNDK,RAI,DOV,K,NUE,KIM,MCO,MPC,ISRG,ABC,LB,SYMC,XEL,FIS,ED,ISRG,EL,ED,WDC,XEL,DVN,SWKS,HCP,EW,PAYX,TAP,FIS,PAYX,ATVI,LB,APH,DLPH,TYC,DG,CERN,K,CFG,FCX,CERN,DLTR,OKE,COL,CERN,RF,PCG,KEY,FCX,ANDV,SWK,WDC,EIX,AMP,MSI,SWK,SWK,WY,GPN,SWK,VTR,FE,PH,CTVA,ETR,STT,AWK,AME,AME,CERN,XLNX,LUV,MKC,DTE,EQR,DHI,MPC,DTE,FRC,WMB,CLX,WMB,VRSK,RMD,SWKS,DAL,WLTW,CPRT,AME,KEYS,PEG,PEG,ALL,DVN,ROK,ANET,MTD,CMI,AWK,KEYS,DD,KHC,MTD,ROK,KR,GPN,DLR,DLTR,ZBH,ODFL,KR,URI,KR,RSG,FIS,ON,EA
NTAP,NI,NWL,ADI,ADI,VNO,VNO,MU,HUM,LB,BSX,ZBH,ZTS,ZBH,NUE,EQT,PLL,ABC,KMI,SYMC,LB,HST,TYC,WFM,FISV,WY,MCO,VNO,IR,OMC,MTB,NOV,ES,CMI,K,ADS,GGP,NVDA,GGP,ADI,PAYX,CERN,SJM,SWK,MCO,ROP,MNST,VRTX,ES,HIG,RCL,CBS,RCL,RHT,MCHP,WLTW,ORLY,CAH,RF,WEC,AMP,ANDV,MSI,CTL,SBAC,VRSK,NTRS,NTRS,CLX,HPE,ALGN,VRSN,TSS,ADM,ALXN,HSY,GLW,RCL,AME,SNPS,ARE,VFC,WELL,EIX,FLT,DLTR,LUV,VFC,MPC,DLTR,DFS,FAST,OTIS,FAST,FAST,AVB,SWKS,ZBH,WLTW,ODFL,DHI,ODFL,CMI,BIIB,USD,AMP,MTD,BKR,BAX,IFF,FAST,WELL,DFS,STT,APTV,ALB,BKR,BKR,ANSS,URI,GEHC,WST,KR,FANG,ACGL,GPN
ES,MU,SYY,ESV,XEL,XEL,PGR,PGR,MYL,AVB,ZBH,ADI,HUM,BRCM,IVZ,ZBH,AON,IVZ,NBL,BSX,MTB,BSX,FISV,HST,IR,PH,STJ,EA,FIS,ED,APH,OMC,ZBH,VIAB,IP,NVDA,APA,CMI,ATVI,WLTW,IP,HIG,O,MCO,NLSN,ES,WDC,DLTR,CXO,MCHP,KEY,AAL,NTRS,PPL,HCN,PAYX,WMB,WEC,CXO,VTR,RF,IP,KEY,SYF,RCL,BXP,VRSK,BXP,APTV,ROK,CCL,O,CTAS,PPL,SWK,CNC,HIG,FTV,FTV,ALXN,CMG,AME,CTVA,O,AVB,WY,CERN,CERN,BBY,FRC,DHI,MTD,BLL,DAL,FITB,EFX,USD,SWK,AMP,MNST,MNST,TDG,VRSK,ED,EQR,AME,OKE,PPG,FRC,DFS,AME,BKR,WBA,CEG,URI,KDP,ALL,HAL,GEHC,HAL,ILMN,LEN,USD,ON,GPN,VICI
STJ,AVP,J,HSY,ESV,PGR,HUM,MTZ,MTZ,CCL,DOV,SHW,AVB,NUE,ZBH,KORS,AES,MTB,CMI,ZBH,SYMC,IVZ,NBL,HIG,NU,ADI,EA,ED,ISRG,FITB,DLTR,ROP,VNO,UA,PAYX,FIS,VIAB,GGP,ABC,APH,ROP,IP,APH,HCP,MU,IR,VFC,DLPH,SWKS,FITB,TSN,PAYX,HIG,WEC,PAYX,ORLY,CFG,PPL,NUE,DLTR,WLTW,CTL,TWTR,UAL,KEY,CERN,IP,MCHP,TSN,CERN,VRSN,CNC,A,LYB,CERN,WY,MCHP,WY,PXD,ANSS,SPG,KHC,KEYS,AME,VRSN,FCX,CTVA,DLTR,STT,SWKS,WELL,ZBRA,LEN,WMB,AJG,NUE,KR,AMP,CPRT,WST,ZBRA,NUE,KEYS,AME,PPG,APTV,WY,DFS,RSG,AVB,PPG,FANG,BKR,AWK,DHI,CPRT,ANSS,WBD,BKR,DFS,USD,RSG,ED,URI,VICI,DD
PGR,COL,LLL,HST,CAG,CERN,MTZ,XEL,SWK,ABC,PGR,GWW,ADI,RAI,AVB,HOG,CA,EQT,CME,HIG,SIAL,FISV,WFM,SYMC,FCX,GGP,APH,FIS,HCP,HCP,APA,STX,OMC,DPS,EQIX,APA,TSN,ATVI,IP,MYL,SWK,ADI,HCP,VNO,HCP,LB,TAP,NEM,DTE,FCX,SYMC,NTRS,ORLY,CFG,CERN,NUE,WELL,CFG,EIX,AMP,TWTR,PPL,PPL,CBS,NUE,INFO,NUE,O,KHC,BXP,AWK,TSS,KLAC,PH,ESS,SYF,HSY,IDXX,SNPS,FTV,CMS,ETR,SWKS,ARE,HSY,CERN,CPRT,EIX,DHI,WY,ETSY,LYB,KR,ES,RMD,CBRE,KEYS,KMI,FAST,CTVA,AME,ANET,BLL,HAL,BIIB,SIVB,BIIB,ENPH,ON,KDP,AVB,PEG,PEG,DHI,KDP,FAST,KEYS,GPN,AWK,VMC,ABC,OKE,NEM,HSY,EL,MRNA
MTZ,ANTM,STZ,FAST,STX,ADI,CERN,VNO,NTAP,IVZ,IVZ,COH,K,HSY,MTB,HST,CSC,DISCA,SRE,CCL,HST,NUE,HST,GGP,HST,ISRG,TYC,IVZ,GGP,ROK,VNO,APH,ADS,GGP,VIAB,PCAR,AMP,CMG,DPS,SWK,AMP,GGP,DPS,CXO,MYL,DTE,SWK,HIG,A,SWKS,HIG,NWL,DTE,OKE,PPL,MCHP,WLTW,MYL,AMP,NEM,ANDV,MSI,AZO,AZO,INFO,MKC,TDG,SBAC,CCL,NTRS,BLL,STT,O,SNPS,CMG,MNST,FITB,CTAS,CMG,DFS,MTD,FTV,ETR,HLT,AME,AVB,SLB,PPL,DTE,ED,BBY,KEYS,AMP,STT,FTNT,KR,WMB,DHI,ANSS,ETSY,NUE,CPRT,FRC,FAST,MTCH,PCAR,TROW,KDP,ROST,AME,WBD,FAST,OKE,VRSK,USD,EA,AWK,AWK,DFS,DLTR,OKE,WBD,ALL,USD,KR,HAL
ROK,WU,BHI,PH,WDC,NUE,IVZ,SWK,MAT,COG,SNDK,K,SYMC,ADI,ORLY,ADI,NOC,XEL,BDX,K,FISV,SYMC,FIS,FIS,PH,NBL,IR,SWKS,APH,NTRS,GGP,FITB,IP,EQIX,ZBH,CLX,WLTW,WLTW,VNO,DPS,IR,ROP,SWK,ROP,IR,SWK,WEC,MNST,UAL,FTV,NEM,SYMC,CXO,ORLY,PCG,EQR,RCL,WELL,TSN,RF,NTAP,RCL,DVN,KEY,CERN,MCHP,FE,RCL,EIX,CNC,FITB,RCL,STT,ESS,MTB,ESS,MSCI,NTRS,MTB,CTVA,PH,DLTR,HSY,USD,KHC,HSY,DLTR,FTV,CPRT,KR,FRC,SIVB,XTSLA,WY,WEC,AMP,STT,ES,FITB,VLO,DLTR,PSX,ES,OKE,TWTR,HES,DXCM,FRC,AME,ROK,DD,RSG,FAST,FAST,WEC,CSGP,HAL,KDP,CEG,DAL,EXR,VMC,EA,VICI,DVN,IR
DOV,GLW,VRSN,SWN,DOV,MTZ,HSY,HSY,CAM,HSY,VNO,WYNN,HSY,HOT,RF,HIG,CFN,ZTS,LO,ORLY,FIS,ROST,IVZ,MCO,NBL,XEL,ED,IR,ROP,SIAL,ADS,UA,ROP,EW,MU,ES,VNO,CERN,WLTW,CERN,NEM,BCR,MTB,IR,VNO,HIG,EW,TSN,RCL,RHT,WEC,HIG,ES,RCL,DPS,DLR,SBAC,MCHP,A,PPL,SYF,AMD,XLNX,CLX,APTV,RCL,SWK,CLX,KLAC,O,BXP,MCHP,FITB,HIG,AME,HPE,MTB,RMD,LVS,PXD,AME,O,FTNT,FTV,CTVA,VRSN,HSY,STT,FTV,KEYS,STT,AMP,MTD,FITB,CBRE,AJG,WST,PSX,BLL,AWK,ALB,WMB,WEC,HSY,AME,TROW,AVB,MTD,APTV,MTD,DFS,BAX,RSG,ON,ODFL,KEYS,OKE,USD,LEN,CEG,ALL,ABC,LEN,GPN,MLM,PWR
HST,JWN,BLL,ZBH,VNO,LTR,RN7,LB,HOG,ZBH,BXP,RAI,HIG,ROST,HIG,MTB,LH,HIG,MHFI,FIS,ROST,XEL,GMCR,BSX,HES,IR,MRO,WFM,VNO,VNO,FITB,PGR,APH,RCL,VNO,WEC,UA,TAP,MCO,VNO,DPS,WLTW,MCO,DPS,O,MCO,NTRS,VNO,DG,NTRS,INCY,ES,KEY,EIX,DVN,NEM,CAH,ANDV,WLTW,NUE,FITB,UAL,RF,RF,IP,TDG,MSI,UAL,INFO,FE,TSS,MTD,CNC,FTV,PXD,CERN,WY,VIAC,ROK,CLX,DAL,CTAS,MTD,CTVA,CERN,KHC,WY,SLB,SWKS,WMB,VFC,OTIS,DLTR,CBRE,ANSS,ZBRA,ZBRA,GLW,NUE,GNRC,CPRT,DLTR,ED,WY,CBRE,RSG,APTV,AMP,ALB,FRC,ROK,STT,ES,WBA,ENPH,ENPH,ENPH,ODFL,WEC,KEYS,APTV,ALL,PEG,CDW,CDW,ANSS
DG,EXPD,TSN,FTI,NTAP,NTAP,HIG,LTR,BRCM,MSI,EIX,FIS,PNR,GWW,ED,VRTX,ALL,SWN,EQR,MTB,HOT,EL,ADI,FISV,SYMC,ADS,XEL,GGP,HIG,MTB,BF.B,GGP,DLTR,M,NLSN,APH,SJM,VNO,CLX,CTL,BLKFDS,DLPH,TROW,TROW,WLTW,MYL,DLPH,TAP,EXPE,WLTW,NTRS,DTE,CBS,MCHP,NEM,CERN,WEC,WLTW,WEC,WLTW,VTR,IQV,UAL,WLTW,FITB,FLT,CLX,SWK,WY,KLAC,CXO,AWK,PPL,PXD,CTVA,FITB,BLL,DLTR,ALXN,TSN,CTXS,TSN,MKTX,BBY,ETR,CPRT,O,HSY,AVB,CERN,CERN,AWK,AWK,LEN,LYB,MXIM,LUV,SWKS,VLO,WLTW,AWK,ZBRA,WY,KEYS,ES,BKR,SIVB,TROW,WBA,OKE,MTD,PPG,VRSK,ABC,KR,DHI,SBAC,LEN,IT,ILMN,DAL,ACGL,FANG,LEN,DG,ED
IVZ,APD,ANTM,ETR,HSY,ESV,ZBH,ROK,SNDK,LTR,MTZ,MSI,FIS,HIG,PNR,XEL,CMA,MOS,VFC,HOT,GMCR,TT,XEL,ADI,TYC,MCO,HIG,APH,XEL,CTL,ROP,ADS,EQIX,APH,DPS,SE,PAYX,MCO,DTE,IR,VNO,LB,DTE,WLTW,ES,FITB,CFG,RF,WLTW,DLR,RHT,CXO,SBAC,NUE,NUE,SWKS,PAYX,NUE,CFG,A,PPL,CERN,ABMD,CERN,O,OMC,MCHP,FE,RCL,USD,PH,CXO,NTRS,MCHP,SYF,NTRS,KR,GLW,WY,VTR,FTV,KEYS,SWK,KHC,EIX,FTV,EOG,MKTX,EIX,FTV,PXD,STT,LYB,VFC,AVB,VRSK,ES,CPRT,SWK,ENPH,BLL,ES,FITB,BLL,PCAR,EQR,VRSK,AME,KDP,ANET,FRC,GWW,BAX,IT,CPRT,WEC,CSGP,RSG,HAL,MTD,ANSS,KDP,APTV,DG,VMC,MLM
SNDK,WAT,DEN,SNDK,HIG,RN7,LTR,ORLY,LTR,ISRG,ADI,-,DOV,AVB,HSY,ORLY,AEP,ORLY,VRTX,APH,K,FITB,MAR,NBL,EA,EA,WY,HIG,PH,NLSN,NTRS,MJN,ATVI,MCO,APH,SWK,MCO,SJM,SWK,PAYX,CERN,MJN,ROP,ES,LB,WDC,ROK,DTE,CERN,KEY,CXO,KEY,MCHP,BXP,WLTW,EIX,PPL,BBY,MYL,FITB,IQV,AZO,FCX,INFO,AMP,AWK,EIX,EIX,KR,INFO,EIX,AME,HSY,CMG,SNPS,RMD,AWK,MTB,VTR,CMG,FLT,TDG,APTV,PPL,ALGN,O,STT,PSX,MKC,EIX,ED,DHI,SIVB,AJG,EFX,STT,AMP,WMB,AME,PCAR,TDG,ARE,EQR,EQR,WST,OKE,RSG,ROST,DFS,HAL,TROW,ON,APTV,RSG,IFF,KR,RSG,EIX,ABC,EFX,VMC,IR,WST,VMC,IR,EFX
CERN,FLS,PHM,LIFE,ZBH,HSY,ES,IVZ,CCL,BRCM,ISRG,PNR,IVZ,LUV,FIS,AA,EW,KORS,CMG,ROK,APH,FIS,NUE,EL,FE,HIG,ROP,XEL,IVZ,NBL,UA,BEN,PAYX,SIAL,SWK,FITB,APH,STJ,CERN,UAL,MCO,SWK,CTL,GGP,DPS,UAL,NEM,VFC,NTRS,DLTR,DTE,CAH,CFG,HIG,AZO,PPL,NUE,PAYX,DLTR,CBS,DTE,AMP,CTL,NUE,FE,IP,INFO,HRS,MCHP,RCL,LLL,APTV,AWK,SYF,WY,AME,VTR,AWK,KR,AME,MCHP,AEE,KHC,ALGN,APTV,CTVA,PPL,WY,DFS,MKC,DAL,WEC,FITB,AWK,WY,KEYS,WEC,LEN,GLW,AME,PSX,LEN,TWTR,ODFL,MNST,LUV,CERN,WY,AWK,TROW,AWK,OKE,GPN,GPN,ES,SBAC,ULTA,ULTA,PCG,ALL,PWR,CDW,PWR,IT,USD,CDW
HOT,PCG,GLW,DTE,FTI,HUM,ORLY,HIG,HIG,WDC,HOG,HCN,ROST,ABC,GWW,GWW,EFX,SYMC,WDC,XEL,BSX,MAR,BSX,IVZ,MNST,TYC,STX,SYMC,WY,HES,SIAL,MTB,RCL,MJN,CMI,GGP,DTE,DTE,IR,TYC,CLX,HCP,WLTW,SJM,PH,PH,EL,AMP,SYMC,SBAC,DVN,DVN,DVN,RF,HIG,WELL,BXP,DVN,KR,BXP,CERN,MYL,GPN,BLKFDS,CBS,WY,TSN,VRSN,NTRS,VRSN,SWK,MSCI,HIG,SWK,KR,USD,IDXX,XTSLA,APTV,DLTR,NTRS,APTV,O,GLW,FTV,VLO,AVB,ETR,CERN,MXIM,DLTR,VFC,KEYS,EFX,KHC,AWK,EQR,LH,WEC,FITB,CMI,WY,ANSS,CMI,HES,LYB,AME,TSN,CBRE,AWK,IFF,ES,CPRT,ZBH,FAST,GEHC,ES,SBAC,HPQ,MLM,ZBH,FTV,IT,WEC,KHC,RCL
SWN,PCL,DHI,NTAP,HOT,DOV,NFLX,MYL,IVZ,MTZ,FIS,VNO,RIG,K,ROST,FIS,CCI,GMCR,SYY,FISV,ORLY,K,ADS,NU,HIG,MAR,IVZ,PH,TYC,XEL,IVZ,ENDP,EW,PAYX,FITB,ESS,NVDA,UA,AMP,GGP,DTE,IR,IR,CLX,DTE,LVLT,RF,MYL,APA,BXP,ES,INCY,RF,ES,CBS,CBS,HRS,HIG,VTR,SBAC,MSI,DTE,FLT,BXP,AMD,CHD,VRSN,KLAC,ULTA,KHC,MKC,HIG,CDNS,CLX,FTV,MTB,DLTR,MSCI,CTVA,APTV,TDG,FRC,ARE,XTSLA,HLT,ALGN,VRSN,WST,KEYS,AJG,MXIM,CBRE,WY,KR,KR,DAL,LEN,WEC,SYF,OXY,KMI,KMI,DLTR,WST,AWK,CBRE,CTRA,EQR,GLW,EXR,EXR,AWK,ABC,IFF,AWK,CDW,GPN,APTV,ZBH,PWR,KEYS,DAL,GEHC,KHC,HSY,PEG
HSY,TROW,PCG,HOT,SWN,ES,SWK,CERN,ABC,MYL,BRCM,BXP,MSI,ZTS,HST,FISV,SNI,ISRG,PPL,ADI,ADI,GGP,K,IR,MCO,SNDK,PH,ROP,NBL,WY,K,SWK,FITB,WEC,WY,TSN,STJ,TYC,MJN,ABC,BCR,AAL,NUE,O,WDC,WLTW,LRCX,ES,BXP,DG,PAYX,NEM,NEM,WLTW,SBAC,HIG,DTE,ES,CERN,FLT,FOX,MCHP,IP,SBAC,MKC,GPN,IDXX,INFO,FITB,EIX,CLX,FITB,CLX,MKC,FITB,LVS,ANSS,ANSS,HIG,LVS,GLW,SWKS,DHI,VFC,WY,PPL,AJG,XTSLA,FLT,TTWO,AMP,WY,VIAC,FTNT,SWKS,WEC,PCAR,LUV,ES,ZBH,FITB,CMI,EFX,WEC,FITB,AWK,FRC,KEYS,TROW,CEG,OKE,WBA,TROW,DFS,VRSK,CBRE,DLR,PCG,KDP,ANSS,KHC,IT,VMC,MLM,FANG,GEHC
HOG,VAR,SCG,ABC,FIS,WDC,WDC,HOG,MSI,HUM,PRGO,HOG,LUV,EQT,HOT,TT,CBRE,FIS,PCG,ROST,XEL,SIAL,IR,FITB,SNDK,APH,MTB,USD,SYMC,DLTR,WRK,HSP,GGP,SWK,HCP,LVLT,CMI,IP,O,MJN,NTRS,VMC,CLX,UAL,TROW,DPS,TSN,SWK,ORLY,TSN,ORLY,MYL,OKE,NEM,WEC,ALGN,ES,DTE,PPL,CERN,HRS,FITB,NUE,IP,EIX,NUE,DXC,NUE,BLL,KR,ESS,CTAS,BXP,RMD,VMC,HIG,AMP,HSY,VRSN,FAST,CHD,BBY,EFX,MTD,O,ARE,WST,AJG,AMP,LYB,WY,KR,CBRE,RMD,VRSK,ES,LH,AJG,EQR,BLL,EQR,BLL,WST,TWTR,EXPE,CERN,CBRE,DTE,ODFL,KHC,CPRT,GPC,STT,WTW,GLW,VRSK,URI,ANSS,ACGL,WST,MTD,MLM,CDW,GEHC,EXR,MPWR
HUM,RTN1,LRCX,HOG,ES,FTI,MU,SWN,NEM,PGR,KORS,FISV,MTZ,MSI,XEL,CMG,APD,CHK,SNDK,LB,GWW,KORS,APH,APH,APH,AA,K,MAR,NLSN,TYC,EW,WRK,ALTR,DVN,NTRS,NTRS,TYC,XRAY,STJ,MCO,HES,DLR,MJN,MU,HIG,HCP,LB,LRCX,PAYX,SYMC,FCX,CFG,MYL,AZO,EIX,WEC,CNC,CNC,BXP,IDXX,NEM,BXP,VRSK,IDXX,CTL,AMD,NEM,ALGN,IDXX,CLX,MCHP,CDNS,AME,MTB,NTRS,FAST,CTAS,CTVA,XLNX,WY,KEYS,INCY,VFC,MKTX,PPL,FLT,FLT,O,FRC,DTE,ENPH,MXIM,BBY,DTE,AWK,CPRT,AJG,EQR,ZBRA,EQR,WLTW,PCAR,AWK,EXPE,ARE,TSN,AWK,OKE,CPRT,EIX,HPQ,HPQ,IT,PCG,WTW,ES,EIX,ACGL,GPN,KHC,ACGL,EXR,KHC,MRNA,PWR,VMC
ROP,BCR,TROW,FIS,HST,ICE,SWN,SNDK,ZBH,XEL,HOT,HOT,FISV,CAM,ABC,IVZ,MHK,TT,IP,WYNN,MAR,MTB,GGP,MTB,K,SYMC,DLTR,SIAL,ROK,SWK,NOV,EQIX,DPS,ES,MJN,IP,MJN,O,TYC,CLX,CXO,HSY,VMC,AMP,BCR,VNO,MYL,ROK,DLR,PAYX,CFG,FCX,AZO,DTE,ES,HRS,XLNX,BXP,HIG,DTE,FLT,NUE,MRO,FE,SYF,RMD,CERN,FCX,VRSN,WY,HIG,HPE,UAL,BXP,HPE,PXD,RMD,HIG,AMP,AEE,RSG,MTD,CHD,CHD,AJG,VFC,SPG,AEE,AJG,EFX,VLO,FITB,KHC,DLTR,ES,LEN,VLO,USD,KR,SWK,PCAR,WEC,KR,ANSS,BLL,DAL,FITB,ALB,WY,GLW,ODFL,ODFL,GWW,CPRT,CEG,ULTA,ZBH,DFS,VMC,PCG,AWK,GEHC,FTV,IR,CAH,KR
JNPR,PLD,VMC,HIG,RN7,STJ,ROK,CHK,ORLY,HOT,COG,MTZ,GWW,IVZ,MCO,CERN,NFLX,NUE,TROW,MOS,WYNN,APH,FITB,MAR,SIAL,IVZ,MAR,WY,SIAL,ENDP,PGR,NTRS,VIAB,MTB,NVDA,MJN,SNDK,AMP,SJM,AMP,GGP,HES,BCR,DTE,CLX,BCR,MCO,EL,NUE,EXPE,BXP,SBAC,BXP,SBAC,VTR,SBAC,CERN,SBAC,LH,MSI,MYL,CFG,DTE,AMP,MCHP,ESS,HRS,DXC,NEM,AME,HPE,ALGN,HAL,MSCI,AEE,SNPS,PXD,FITB,CPRT,VRSN,KHC,CHD,AEE,HSY,AEE,WST,ETR,EOG,MXIM,USD,DTE,AVB,ZBRA,KHC,MXIM,VIAC,ARE,PCAR,DHI,ALB,LEN,VLO,DHI,VRSK,CMI,CMI,LUV,EIX,EBAY,CBRE,EQR,IFF,ODFL,ODFL,ABC,MTB,GLW,ES,PWR,WBD,KDP,APTV,IR,APTV,FICO,DG
MYL,FFIV,DISCA,MTZ,MCO,ABC,CTXS,ZBH,HSY,COH,HSY,EIX,NTAP,MTZ,TT,ZTS,UAA,HOT,PLD,NTRS,ROK,ROP,EL,K,ADI,MOS,SIAL,TYC,FITB,IVZ,IR,BF.B,NTRS,ALTR,BEN,BLKFDS,IP,IR,UA,DTE,LVLT,CTL,ULTA,PH,GGP,TROW,VNO,DPS,MCHP,CLX,SWKS,KR,SWKS,CLX,BXP,BBY,HIG,CERN,AAL,CFG,BXP,FOX,HRS,GPN,GPN,APTV,ALGN,WY,HRS,FAST,CTAS,HAL,ETR,CHD,VRSN,FTV,SNPS,HAL,DLTR,RSG,MPC,MKTX,CPRT,INCY,EFX,SPG,RSG,KHC,VLO,BBY,AVB,KHC,DTE,KEYS,KSU,BLL,MXIM,ARE,PCAR,ES,SWK,EXR,WTW,ES,FRC,FRC,KHC,APTV,EQR,CPRT,WBA,APTV,AWK,BAX,EFX,RSG,DFS,ABC,EFX,WEC,PCG,FANG,ANSS,WTW,EFX,DLTR
LTD,CSC,DRI,FISV,MTZ,SWN,ABC,RN7,XEL,HOG,LTR,LB,XEL,XEL,HOG,APH,HES,GWW,PRGO,MAR,TT,ADS,MTB,STZ,DTE,ROP,HES,AA,CAG,GGP,SWK,VNO,CLX,CTL,ES,MU,CMG,SNDK,ESS,NUE,VMC,MCO,FCX,BCR,AMP,EXPE,VMC,HES,TSN,ORLY,RF,ORLY,PFG,CAH,HRS,BXP,SWKS,HRS,SBAC,MYL,CFG,XLNX,VTR,FITB,IDXX,AEE,FLT,IP,ESS,HRS,AMP,BXP,RCL,AME,UAL,KHC,FTV,VTR,BXP,CDNS,SWK,USD,INCY,ETR,LEN,EFX,DAL,KEYS,CHD,VLO,LEN,LH,VFC,LYB,CPRT,FITB,BLL,WLTW,SWKS,DHI,GLW,EQR,NUE,DHI,WTW,ARE,GLW,CBRE,OKE,WY,DTE,CTRA,DHI,ALB,EBAY,GLW,STT,TSCO,OKE,OKE,GPN,ANSS,MLM,EIX,SBAC,DVN
ETR,CPB,AON,NFLX,HUM,LIFE,SNDK,BRCM,FAST,FIS,MCO,PGR,KORS,FISV,BBBY,ABC,NWL,RIG,TYC,CAM,NTRS,FE,SIAL,FE,MAR,WHR,PAYX,FITB,HES,PH,CTL,TYC,SWK,BEN,CLX,WY,SWK,APA,SNDK,HES,PH,NUE,CXO,HIG,EFX,NUE,DTE,FCX,OMC,NUE,KR,BXP,ALGN,PFG,DTE,AZO,ALGN,RCL,DTE,ES,ES,GPN,CBS,RCL,DXC,BLKFDS,ESS,AME,AWK,UAL,ULTA,WY,KHC,WY,RMD,MSCI,LVS,CMG,NTRS,ESS,AJG,GLW,FRC,KEYS,WST,LEN,AEE,DFS,PPL,AMP,TTWO,FLT,AVB,AVB,LEN,LH,HSY,CDW,LH,ZBRA,KR,KR,HSY,HES,KEYS,GLW,DAL,GLW,ANET,APTV,STT,CPRT,HPQ,APTV,MTB,HPQ,ALB,WST,EIX,AWK,TROW,AWK,EXR,PWR,GEHC,KHC
STX,SWG,PETM,APH,LIFE,ZBH,LB,CTXS,MCO,CHK,AVB,MCO,HOT,MCO,EQT,ES,PSA,BFB,LUV,TT,GGP,ES,STZ,SIAL,IVZ,SIAL,ES,ROK,NTRS,SYMC,STX,CTL,APA,SNDK,ALTR,SNDK,LVLT,BCR,LVLT,HCP,SJM,CXO,WMB,ABC,ROK,CLX,FTV,BCR,MYL,ESS,NUE,NUE,FCX,BLKFDS,ALGN,GPN,MGM,VTR,IDXX,HIG,RCL,ES,DLTR,SWK,TDG,VRSN,GPN,ESS,AME,BLL,HAL,NTRS,SNPS,RSG,AMP,UAL,CMG,SYF,GLW,CBRE,SWKS,SWK,TSN,AJG,MKTX,LUV,KHC,DAL,HSY,DHI,CPRT,BBY,ED,BBY,BLL,EQR,GNRC,ALB,DAL,WEC,WY,SWK,SWK,KHC,EFX,EXPE,EIX,AEE,HAL,DTE,GWW,ABC,FANG,GWW,CBRE,EIX,LEN,HPQ,WBD,APTV,WEC,WEC,WEC,ANSS,MPWR,FICO
APTV,CFN,HP,LB,SWK,RRC,ESV,WDC,STX,ICE,FISV,PAYX,SWN,SYMC,NTRS,RRC,LUK,HOG,HCN,XRX,KORS,ADI,MNST,GPC,EL,ES,SYMC,NTRS,MAR,MWV,TYC,EW,ESS,IR,RCL,RHT,ESS,FE,FE,PH,NUE,NBL,AMP,MJN,SJM,LRCX,NBL,VMC,PFG,UAL,EXPE,RF,CAH,DPS,BBY,DTE,GPN,CTL,MRO,LH,USD,INFO,CLX,CFG,MYL,HIG,AMP,CERN,FCX,AMP,AME,ETR,ESS,CNC,MKC,ROK,MKC,FAST,ESS,ARE,K,EFX,FTV,LUV,CPRT,AJG,EIX,LH,LYB,FLT,SIVB,DLTR,ETSY,KSU,LH,OXY,WLTW,ETSY,ODFL,ARE,ES,LH,ANET,WTW,KHC,WTW,KEYS,ODFL,KHC,WBA,HAL,FITB,WTW,MTB,ZBH,TSCO,ABC,FANG,WST,ACGL,WBD,KHC,MTD,WST,WEC,CBRE
TDC,EQR,RTN1,DOV,NFLX,NTRS,GPS,ABC,FIS,HST,PAYX,LTR,CAM,HST,BFB,MCO,SYK,ADS,WM,ROP,ROP,ROK,NU,GMCR,ETR,DLTR,ENDP,LVLT,PAYX,K,WY,ROK,NOV,CLX,SWKS,CMG,RCL,SWK,HCP,BCR,VIAB,EFX,A,FTV,NUE,ROK,ES,CAG,CFG,EFX,XLNX,XLNX,NUE,BBY,MGM,ES,BBY,AAL,NTAP,INFO,UAL,BBY,ES,FLT,NTAP,TSN,BLL,BLL,MKC,IDXX,MSCI,SNPS,CXO,KR,ROK,CMG,HPE,BLL,CDNS,BXP,AKAM,NTRS,RSG,FTNT,FRC,EQR,MPC,AVB,ETR,ETSY,LH,AJG,FTNT,ED,DTE,VFC,O,GNRC,ARE,RSG,ARE,ED,ODFL,TSN,WY,BLL,EQR,SIVB,STT,STT,WTW,AVB,IFF,TSCO,IT,IT,CDW,KEYS,MLM,IT,HPQ,MTD,EIX,LYB,MRNA,KEYS
FTI,LLL,PNW,RN7,NTRS,HST,HST,ICE,WDC,PAYX,PNR,HST,OKE,COG,MSI,HOT,PCL,CERN,AA,EQT,STZ,WYNN,ROK,ETR,WHR,PAYX,KSS,K,SWK,BF.B,EQIX,WEC,ENDP,NTRS,NBL,TAP,FE,LVLT,NUE,NBL,MJN,ULTA,EFX,EFX,FITB,NTRS,WLTW,LVLT,RF,RF,APA,USD,CLX,SYMC,XLNX,XLNX,CBS,GPN,ES,ANDV,HIG,WLTW,BBY,TSN,ESS,HRS,FAST,TSN,CERN,AWK,NTRS,AMP,AMP,CDNS,CLX,BXP,RCL,AMP,MKC,NTRS,ESS,CTXS,BBY,AMP,VFC,ETR,EFX,AMP,WY,VTRS,FTV,CLX,LH,CPRT,BBY,ETSY,VFC,ODFL,WY,KSU,RSG,FITB,HAL,ANET,ODFL,ODFL,STT,ROK,EIX,EQR,GLW,GLW,GPC,TROW,CDW,ZBH,PCG,EFX,APTV,AVB,EIX,EIX,AVB,CAH,ANSS,DFS
NTRS,AES,SYK,SWK,BSX,FIS,ICE,FIS,EQT,MCO,NTAP,ISRG,MCO,RN7,APH,DOV,KR,DOV,STX,BFB,PAYX,STZ,ROP,ROP,ROP,K,AA,MTB,MTB,LVLT,ES,ES,DTE,WDC,WEC,SJM,CTL,ESS,PH,NTRS,NBL,GPC,VIAB,FITB,SYMC,SYMC,DPS,NBL,RHT,OMC,SBAC,PFG,MHK,MHK,CNC,KLAC,AZO,ALGN,SWKS,BBY,AZO,HRS,INFO,O,TSN,IDXX,OMC,AWK,IP,ULTA,ETR,CLX,MKC,FITB,EXPE,CTVA,ESS,MKC,CBRE,MTB,CTAS,LUV,AMP,CARR,SPG,EIX,USD,LEN,KHC,AVB,MKC,LEN,EQR,ZBRA,EQR,SYF,ENPH,VLO,OXY,OKE,ANET,WLTW,CPRT,AWK,RSG,ANET,TSN,CPRT,EXR,ODFL,FITB,TSCO,GLW,URI,WBA,ANSS,TSCO,WBA,TROW,XYL,MLM,PCG,LYB,AVB,WST,FANG
LIFE,DISCA,SWY,WDC,APH,SWK,FAST,ESV,HST,FISV,XEL,HSY,RRC,HOG,ADS,PNR,CMS,APH,PEAK,GWW,PFG,PAYX,GPC,NUE,MOS,MTB,WHR,PAYX,LVLT,BLKFDS,ROK,PH,BEN,DLTR,IR,SWKS,O,PH,ROK,SJM,HCP,AWK,UAL,ULTA,UAL,FTV,LVLT,FTV,DVN,PFG,PFG,MTD,SYMC,SWKS,CLX,AME,VTR,MSI,CTL,CTL,INFO,FLT,MYL,MKC,FCX,AME,FITB,KEY,FAST,CDNS,KR,KHC,CMG,STT,ANSS,AMP,UAL,SNPS,FITB,GLW,EFX,CPRT,AJG,FRC,EQR,AEE,FRC,VMC,LEN,HSY,WST,DTE,MXIM,LH,ZBRA,WST,CDW,FITB,ETSY,LUV,WEC,RSG,ARE,CERN,ANSS,EIX,FANG,EBAY,WST,CTRA,ZBH,DHI,ZBH,GPC,GEHC,CEG,IT,CEG,STT,GLW,IT,ALGN,AWK,DLTR,AWK,ACGL
COG,VRSN,AKAM,RRC,ABC,BSX,MCO,EQT,CMG,FAST,CAG,KORS,ORLY,BBBY,XLNX,ROST,SWY,MSI,A,PFG,XRX,ETR,KORS,MNST,CF,FITB,ROK,DLTR,K,ALTR,PH,IVZ,DVN,TYC,UA,EXPE,NBL,HCP,BCR,LVLT,ROK,ROK,HIG,NUE,NBL,O,BCR,LB,EFX,DPS,CLX,ESS,MGM,DHI,LNC,OMC,AME,INFO,INFO,AZO,NOV,DLTR,BXP,HRS,OMC,RSG,WAT,AMP,ETR,MSCI,HSY,ESS,ULTA,NTRS,FAST,KR,FAST,CDW,AEE,LYB,LVS,WY,ALGN,DHI,TTWO,TTWO,ARE,VRSN,O,KHC,AJG,FTNT,AJG,O,KEYS,LYB,DAL,WY,OKE,IT,LH,GLW,OKE,EFX,GLW,FITB,DTE,FITB,EFX,EBAY,IT,PCG,CDW,EIX,EIX,WTW,WST,GLW,AVB,HPQ,FTV,CBRE,DAL,FTV,DLTR,HSY
ADT,PETM,HBAN,ORLY,ICE,APH,STX,ES,CTXS,NEM,PFG,AVB,RN7,SWN,ZTS,RIG,AMAT,FISV,DISCA,STZ,BFB,GWW,FE,KORS,HSY,HST,CAG,NUE,ES,MAR,SYMC,DPS,MJN,MAR,TSN,UA,BCR,ROK,SWKS,SNDK,UAL,LVLT,ABC,A,A,SJM,PFG,WLTW,K,CFG,OMC,ALGN,CNC,CNC,PFG,LH,INFO,NTAP,RCL,APA,BBY,WDC,FITB,FCX,CFG,ETR,AWK,FAST,AEE,MKC,CHD,ROK,HPE,AEE,BXP,MKC,ALGN,HPE,RCL,AJG,FTNT,RSG,SPG,TSN,LH,RSG,TTWO,MPC,PAYC,PAYC,LYB,ED,CLX,EQR,ED,GNRC,ODFL,SYF,GNRC,BBY,ED,ETSY,TSN,ZBH,CERN,DTE,WTW,EXR,DTE,EPAM,CBRE,TROW,WBD,CBRE,ULTA,ACGL,CEG,TROW,URI,EIX,ALGN,AVB,WBD,AWK,HPQ,XYL
ACT,MSI,PWR,ROK,HOG,ORLY,EQT,LIFE,PAYX,CAM,HST,FRX,EQT,CF,CF,CHK,BBY,ES,VNO,DOV,HSY,GPC,PAYX,GWW,CAG,ROK,LVLT,SWK,DLTR,HSP,HSP,IR,CTL,FITB,ESS,CMI,NTRS,MJN,XRAY,CXO,WMB,ESS,HSY,GPC,FTV,KEY,MRO,DLR,COL,TAP,MGM,KLAC,DHI,UAL,GPN,MGM,NKTR,LH,GPN,MRO,XLNX,FCX,MCHP,BBY,AWK,SYF,KEY,WAT,WAT,HIG,RSG,UAL,MSCI,VMC,RCL,VRSN,KEYS,SWKS,DHI,MKC,VMC,LVS,GLW,AEE,FCX,FRC,KEYS,SPG,TTWO,ARE,EIX,CPRT,KSU,MXIM,WST,KHC,FITB,O,ED,LH,VLO,HSY,EPAM,ARE,EXR,KEYS,ZBH,ETR,TSN,AEE,FANG,WTW,FITB,CDW,GWW,AWK,ACGL,AVB,SBAC,IR,WST,ILMN,KEYS,HPQ,EIX,EIX
RN7,MAS,PLD,ICE,ROK,ETR,RRC,FISV,ICE,ES,ESV,CAG,HST,RIG,FISV,BFB,TEL,BWA,MJN,OKE,MOS,NTRS,CAG,CAG,DPS,GMCR,EW,ES,AA,PAYX,WEC,ALTR,TYC,NBL,CTL,IR,IR,HSIC,GPC,ROK,O,AMP,PH,CTL,LRCX,NLSN,CAG,MCO,LVLT,K,MYL,LNC,HRS,MGM,SWKS,CNC,CLX,SYMC,HRS,GPN,CTL,TSN,WLTW,OMC,NEM,BLL,AEE,NEM,MTD,IP,AEE,ULTA,RSG,UAL,MSCI,EXPE,BXP,CBRE,ARE,DHI,CAG,CMS,LH,AKAM,AMP,AMP,AMP,FLT,CBRE,O,KHC,EQR,FTV,CDW,VFC,WY,WY,IT,LEN,SWKS,OKE,CDW,EXPE,SWK,LUV,EXR,ROK,STT,DHI,SIVB,EIX,IT,CBRE,GLW,FRC,FANG,HPQ,STT,FANG,FTV,XYL,DLTR,ZBH,CHD,RCL,SBAC
MUR,LRCX,BMC,ROP,ROP,FAST,HOT,FTI,ROP,ESV,FE,CAM,ES,RRC,-,HSY,EXPE,STZ,APTV,FTI,FE,BFB,BF/B,HSY,MTB,NTRS,FITB,CAG,HSP,EW,DPS,PAYX,WY,WY,SNDK,DTE,SYMC,NEM,BEN,O,A,FE,DLR,VMC,VMC,VMC,ULTA,PFG,CLX,DVN,ESS,HRS,XLNX,XLNX,USD,MSI,MSI,IDXX,KLAC,SWKS,SBAC,CLX,CFG,CAG,AME,KEY,AME,IDXX,UAL,ESS,MTD,KLAC,ROK,HPE,CHD,AEE,VRSN,CCL,FAST,HIG,CAH,K,CTXS,RSG,FTNT,ODFL,LH,MXIM,WST,CHD,EFX,CDW,EXPE,ETSY,SYF,HSY,ED,GRMN,ALB,URI,KSU,ALB,ZBRA,CPRT,LYB,MKC,ENPH,CHD,ARE,GWW,APTV,ZBH,HIG,HIG,FANG,WBA,WBA,URI,TSCO,KDP,DFS,EFX,TROW,HIG,WTW,AVB
RRC,BDX,INTU,GPC,ETR,ROP,LIFE,HST,FISV,WYNN,CAM,APH,APH,XLNX,ES,RF,CAH,ETR,MYL,LNC,XTSLA,SWK,HOG,DTE,GMCR,SWK,NTRS,HST,CF,USD,PFG,VIAB,AAP,SWKS,RHT,VIAB,PH,GPC,VIAB,AA,XRAY,WMB,NBL,NTRS,CTL,NBL,HES,CLX,ESS,CXO,AZO,AZO,LNC,HRS,MHK,VTR,KLAC,CBS,AZO,HES,KLAC,VRSK,SBAC,K,FLT,FITB,FCX,CTAS,HIG,MTD,CDNS,MKC,CCL,KEYS,CDNS,KEYS,CDW,FRC,CLX,AMP,CPRT,ESS,AKAM,CPRT,CMS,AKAM,MKTX,RSG,MKTX,VRSN,HSY,ENPH,URI,ODFL,O,BBY,SYF,HSY,IT,LEN,EXR,IT,EXR,LUV,CPRT,ZBH,CPRT,LYB,CDW,BKR,BKR,EXR,PCG,EFX,PCG,ABC,TROW,EBAY,FTV,ALB,AVB,HPQ,GLW,SBAC,XYL,MTD
EMN,HRB,BTU,MCO,RRC,HOT,FISV,CMG,FTI,RN7,CHK,XRX,BBBY,ES,COG,MSI,TSO,NLSN,VTR,SWN,ES,HOT,XRX,ROK,ROK,HSY,HST,FE,EQIX,CF,PAYX,CLX,BCR,LVLT,GGP,IVZ,SWKS,BEN,ETR,ESS,EFX,PH,ESS,ADSK,GPC,EFX,SYMC,XLNX,DLTR,XLNX,KLAC,CLX,INCY,LNC,VMC,UAL,DVN,AZO,NBL,RCL,TDG,CTAS,AME,ESS,CAH,ALGN,HIG,FITB,NUE,CTAS,ROK,FAST,WY,EXPE,RSG,VMC,CDNS,ALGN,LYB,KEYS,TIF,CAG,LEN,CTXS,KEYS,CAG,LYB,ODFL,RSG,PPL,PPL,FTV,O,EXPE,NTRS,KSU,LYB,RSG,URI,KR,GNRC,TSCO,CERN,LH,ENPH,EFX,MRO,WST,CTRA,ETR,DHI,HIG,TSCO,FANG,HPQ,PCG,FANG,IFF,GLW,GPN,FANG,LYB,EBAY,EXR,TTWO,WEC
DTE,ED,PPL,PAYX,STJ,HOG,MYL,PAYX,CHK,ORLY,SWN,NTAP,HOG,BWA,FE,BWA,REGN,RRC,BXP,ES,LNC,DTE,ETR,WHR,PAYX,DPS,NUE,HSP,NUE,STX,NBL,MAR,ROK,DTE,TYC,SYMC,WMB,M,CMG,XRAY,ESS,ABC,GPC,TDG,RHT,PFG,LLTC,ESS,DPS,MHK,CNC,Q,AME,K,AME,CTL,UAL,OMC,MSI,K,MRO,MRO,APA,DVN,FAST,FAST,RSG,HIG,CDNS,ETR,UAL,RSG,MTD,ROK,KEYS,RCL,KEY,BBY,RSG,FITB,FRC,CDW,LUV,CAG,RSG,MKTX,MXIM,CMS,VRSN,MKTX,EQR,OXY,HIG,WST,HSY,DTE,BBY,ED,FTV,GLW,DVN,DVN,LUV,DAL,ZBH,CPRT,AEE,EFX,LH,FITB,GPC,CDW,EIX,HPQ,RSG,GPC,EFX,PWR,CBRE,TROW,IR,ZBH,DG,WBD,CBRE,WST
APH,NWL,FDO,CF,KSU,GPS,PAYX,HOT,ES,CAG,RN7,XEL,LTR,APH,STZ,FE,SCG,RF,HUM,WFM,MSI,CAG,NTRS,PAYX,SWK,CF,DPS,ENDP,HST,HST,MAR,RCL,MAR,ROK,LVLT,NBL,BEN,MAR,HSIC,GPC,ULTA,ETR,XRAY,ROK,ABC,FE,CERN,LNC,TAP,VMC,LNC,MHK,VMC,VMC,LH,INFO,IDXX,USD,TXT,CLX,CBS,CBS,FE,NEM,RF,HSY,CBS,ULTA,AMP,CHD,SNPS,HSY,AEE,RCL,CMS,ANSS,CTVA,KHC,WDC,CPRT,COO,LH,TFX,TFX,CAG,TSN,AKAM,PAYC,EFX,VIAC,CHD,VMC,NUE,NUE,ODFL,OKE,FTV,DAL,O,FTV,FTV,VMC,RSG,BKR,EIX,FE,EFX,ZBH,ANSS,EFX,ABC,RJF,URI,ULTA,TROW,TROW,WTW,WTW,EBAY,CBRE,GLW,GLW,HPE,ZBH,KEYS,HPQ
HIG,TEL,TMK,HUM,ORLY,GPC,NTRS,MCO,HOT,KSU,LNC,NTRS,ROP,NTRS,RIG,CAM,SRE,FE,OMC,KORS,CAG,MNST,HSY,SWK,DLTR,LVLT,HSP,GWW,MNK,LNC,ALTR,HES,STX,AAP,TAP,BCR,WY,VMC,FAST,FITB,FITB,A,USD,LRCX,MJN,GGP,CLX,LLTC,LNC,LH,MTD,MGM,OMC,AME,OMC,HBAN,OMC,NBL,XLNX,ABMD,AME,HIG,HES,LH,BLL,NTAP,ULTA,AEE,CHD,SNPS,FAST,CCL,CHD,CMS,CDW,CDW,CBRE,BXP,CMS,BBY,MTB,DHI,CAG,LYB,AKAM,TFX,VMC,HOLX,ZBRA,LEN,O,EXPE,CDW,VIAC,VIAC,ARE,RSG,BBY,RSG,ED,OXY,MLM,ALB,EXR,TSCO,STT,FE,WTW,AEE,WTW,WY,WY,EBAY,VMC,LEN,EBAY,EBAY,CBRE,ENPH,SBAC,CBRE,TROW,CBRE,XYL,AVB,DAL
FLR,STZ,SNI,NTRS,MYL,EQT,CMG,PNR,PNR,PNR,ORLY,ORLY,CHK,ADS,BWA,SYMC,J,ROP,AVB,FE,ETR,XRX,GWW,LNC,KORS,NUE,SWK,HOT,FE,PGR,LVLT,WY,IR,NVDA,SJM,BEN,GPC,FAST,HOT,VMC,CTL,XRAY,ROK,ESS,ESS,CTL,EXPE,ULTA,VMC,LVLT,DPS,CNC,K,OMC,HBAN,CMA,HBAN,VRSK,CBS,OMC,LH,KLAC,TDG,HIG,RSG,DXC,CTAS,CFG,DXC,NTAP,KHC,AMCR,KEY,EFX,USD,RSG,KHC,KEY,HAL,EFX,TFX,AKAM,NTRS,LEN,MXIM,MXIM,VLO,ARE,VTRS,WST,ARE,HSY,HSY,HSY,IP,ENPH,VIAC,LYB,CDW,WY,LUV,CERN,ZBH,LYB,TSN,ANSS,DHI,FE,DRE,CDW,CDW,EIX,AVB,ACGL,WY,HIG,PWR,IT,IR,WTW,ES,XYL,CHD,KEYS,LYB,WBD
RHT,VMC,IPG,STX,GPS,NFLX,HOG,XRX,RN7,NTAP,APH,FE,PAYX,NTAP,DOV,DTE,CINF,HSY,PEG,ADS,SWK,PFG,LNC,NTRS,NTRS,LNC,ESS,LNC,NI,MOS,RCL,BCR,PH,RHT,PH,WDC,XLNX,HSY,NEM,EFX,GPC,HSIC,HSIC,NBL,NTRS,SWKS,LNC,SYMC,LH,MGM,INFO,VMC,UAL,INCY,MTD,WRK,LH,XLNX,BBY,HRS,GPN,GWW,HIG,MRO,AEE,EVRG,KLAC,FRC,SNPS,FCX,OMC,AEE,RMD,CCL,CNC,CLX,RSG,ESS,BBY,CMS,TTWO,TFX,CMS,CMS,HOLX,KEYS,EQR,CDW,VIAC,CBRE,ZBRA,TER,ODFL,FTV,EXPE,ED,KHC,URI,LYB,SYF,IT,FTV,LEN,RSG,URI,AEE,HIG,BALL,BKR,FTV,EFX,CBRE,VMC,AEE,DAL,FITB,FTV,CHD,ES,STT,CDW,SBAC,EFX,FICO,WBD,AWK
FISV,AKAM,EA,STJ,PAYX,LB,GPC,ROP,LIFE,SWN,WYNN,SWN,BEAM,LB,AA,ROP,CME,LB,ISRG,SWK,EQT,HSY,SWK,XRX,ESS,KSS,HSY,KSS,KMX,NI,ESS,ATVI,WRK,PH,DTE,A,RHT,SYMC,VMC,VIAB,ABC,VIAB,FE,SYMC,TDG,LLTC,GGP,SJM,MGM,O,UAL,GPN,DPS,ANDV,INFO,LNC,STX,HBAN,VMC,NBL,CTAS,HBAN,K,MYL,ULTA,CBS,ETR,RSG,RSG,AEE,WY,VMC,EXPE,FAST,CBRE,HCP,VMC,VRSN,SYF,FRC,CDW,ALGN,AMCR,WY,TSN,K,DFS,TTWO,EQR,ZBRA,HOLX,URI,CPRT,NTRS,FTV,O,ALB,FTV,KHC,PAYC,CDW,ZBH,LH,EIX,FE,IT,ETR,ON,SIVB,IT,ULTA,FTV,WY,ETR,TSCO,EFX,LYB,GPC,ALB,WY,LYB,TSCO,DLTR,TTWO,MTD,FTV
ALTR,CI,ED,CTXS,GPC,PAYX,FIS,MUR,CAG,DLTR,KSU,RRC,NTRS,COH,LB,BEAM,TMK,FTI,AVGO,NLSN,CF,LNC,PGR,EA,GWW,CAG,FE,EQIX,WFM,EQIX,HST,NBL,HSY,ESS,IVZ,CTL,M,NTRS,NTRS,PRGO,HSIC,MU,TDG,DLR,HES,HSY,DLR,O,MHK,MTD,HRS,APA,AWK,KLAC,CTL,CLX,CMA,STX,AME,VMC,K,NOV,LH,ALGN,VRSN,ABMD,NTAP,MTD,CTAS,CBS,KLAC,CHD,VMC,ANSS,DHI,ALGN,DHI,CDNS,AJG,MTD,BXP,FTNT,CARR,FCX,INCY,FTNT,TSN,LYB,ODFL,EQR,FITB,CCL,OKE,FLT,VMC,CDW,CERN,KSU,KSU,EXR,TSCO,EXPE,CDW,LEN,DTE,USD,ARE,LUV,FE,DHI,EPAM,URI,LUV,LEN,FITB,LEN,IR,BAX,CDW,CDW,EFX,WY,CAH,MTD,FTV,WY
ABC,PHM,HRS,MYL,EQT,MYL,FTI,RRC,SWN,LIFE,NTRS,ROP,JNPR,GPC,SYMC,ISRG,BDX,NTRS,FITB,BWA,RF,HOG,MOS,RF,FITB,HSP,MNK,ESS,ENDP,ES,CLX,ESS,IVZ,NOV,WDC,ADSK,IVZ,ETR,DVN,BEN,RHT,NTRS,AWK,XRAY,BLL,AMP,SJM,A,O,CNC,VMC,WAT,ESS,INFO,HLT,PFG,PFG,UAL,ETFC,TXT,GWW,K,TXT,AWK,FANG,CTAS,CHD,OMC,NTAP,OMC,CBS,OMC,CBS,AMP,CINF,CDNS,BBY,CLX,SWKS,SWKS,ABC,VMC,ODFL,WST,TFX,INCY,CMS,IP,LH,RSG,VTRS,CERN,OXY,VMC,URI,NTRS,KSU,WAT,HSY,CDW,HSY,OKE,DAL,VMC,ALB,ETR,ODFL,ARE,FITB,FANG,VMC,FRC,ULTA,DTE,HIG,LYB,GPC,LYB,WTW,ES,WY,RMD,WY,CBRE,ZBH,APTV
CHRW,TSN,XYL,EQT,PNR,MCO,APH,STX,WYNN,PFG,XRX,CHK,COH,BFB,PAYX,FAST,HAR,COG,RAI,RF,ADS,EQT,PFG,NLSN,GPC,FE,LNC,DPS,DPS,WEC,BCR,DTE,SYMC,IVZ,ADSK,ROK,HSY,ADS,HES,HSIC,PRGO,TDG,LVLT,LVLT,SWKS,ULTA,NLSN,MRO,XLNX,LNC,BHGE,LH,INFO,AWK,KLAC,K,NTAP,CMA,UAL,VRSK,APA,SBAC,TSN,TDG,ALGN,AMP,MTD,CBS,CMG,KEY,APTV,CMG,USD,CINF,KEY,CMS,ARE,KEYS,FRC,LH,AMCR,OXY,LYB,OXY,K,AMCR,ODFL,CAG,IP,TER,MKTX,O,VMC,SYF,CERN,HES,XTSLA,EXR,HIG,HSY,SYF,TER,HES,STE,MKC,CHD,EXR,TSCO,ETR,ARE,CTRA,EBAY,FTV,WY,AVB,DAL,IFF,AEE,XYL,ALGN,MPWR,EBAY,RCL,WY,DAL,TTWO
PNR,PXD,CI,CLX,CTXS,PNR,PNR,APH,DLTR,PRGO,LUV,KSU,CAG,PAYX,COH,CF,FRX,WFM,ABC,COG,WFM,MSI,WHR,HOT,XRX,GPC,PGR,KMX,ALTR,WFM,MNK,SYMC,FE,SYMC,NOV,TYC,ROK,VIAB,RCL,HOT,DLR,FCX,WHR,HES,DLR,A,SWKS,ADSK,BHGE,RSG,O,K,MTD,LH,UAL,IDXX,WRK,TXT,FOX,TDG,TXT,AME,VRSN,RSG,HRS,K,FANG,RF,MSCI,RSG,VMC,KEY,BBY,ARE,WDC,ARE,CLX,UAL,CDW,CHD,INCY,DGX,LVS,K,ODFL,CMS,CAG,TSN,ETSY,FTNT,CBRE,WDC,FLT,HIG,CCL,ODFL,VMC,VIAC,CZR,NTRS,VMC,EIX,KHC,NTRS,DAL,CTRA,ABC,HIG,FTV,FE,ARE,ULTA,EFX,FE,LYB,AVB,AVB,IR,DAL,CHD,TSCO,KEYS,HPQ,TSCO,HIG,RMD
MCO,SCG,HAS,GPS,LB,KSU,ROP,NTRS,ESV,EQT,LIFE,RN7,LIFE,-,BEAM,PAYX,MWV,OKE,WYNN,NTAP,NTAP,PGR,MSI,DLTR,NLSN,XRX,KMX,PGR,BF.B,GWW,RHT,NUE,RHT,WRK,ROK,FE,ETR,RCL,WHR,FE,BEN,UAL,FITB,SWKS,LLTC,ADSK,O,GGP,ABC,ANDV,LVLT,DPS,LH,CTL,WAT,SYMC,LEN,AME,SIVB,AME,NBL,TXT,WDC,HBAN,AAL,CTL,CFG,ETR,BBY,DXC,ARE,KR,FAST,TFX,ARE,CBRE,FRC,MTD,VMC,LEN,AMP,LYB,K,NTRS,DGX,DAL,CDW,CBRE,ARE,ETR,FLT,TTWO,PPL,USD,OKE,IP,GRMN,NTRS,BBY,HIG,MLM,MAA,LYB,MKC,MOS,HIG,MKC,LH,BALL,DRE,FTV,DTE,ETR,FTV,VMC,VMC,ALGN,ALGN,MPWR,MPWR,ALB,CHD,TTWO,CTRA,RMD,ZBH
ORLY,J,THC1,CMG,MU,DTE,EMN,GPC,GPC,APH,SWK,LNC,CF,BEAM,MAT,XRX,NBR,MAR,AZO,ETR,COG,WFM,WYNN,PGR,USD,NLSN,CLX,SNDK,PGR,NUE,DTE,PFG,TAP,SJM,HES,EFX,HSIC,SWKS,M,EXPE,FE,FITB,ETR,HSY,ADSK,RHT,GPC,CERN,BBY,HRS,K,OMC,KLAC,WRK,WRK,NTAP,LLL,ETFC,OMC,XLNX,CLX,HES,CTAS,CAH,CHD,FANG,FRC,LLL,FRC,BBY,IP,CBS,OMC,WDC,HCP,FRC,HAL,VMC,LEN,WDC,BBY,DAL,ESS,CDW,CTXS,KMX,HOLX,MLM,NTRS,SIVB,VMC,MLM,MKC,OKE,TSN,FTV,URI,DOV,VIAC,DVN,TER,DOV,TSCO,CHD,LH,WST,CDW,ANET,ZBH,VMC,AEE,HBAN,ARE,AVB,ACGL,IFF,VMC,VMC,CHD,CAH,EBAY,ALB,TSCO,STE,CHD,CAH
PAYX,PEG,MSI,MUR,FISV,FISV,XLNX,FAST,XLNX,NTRS,ES,EQT,FE,PGR,GMCR,L,NAVI,ROST,PH,DTE,OKE,MOS,DPS,MOS,NUE,ADSK,HOT,NLSN,LNC,PFG,HES,CF,TSN,TAP,TSO,PH,FITB,NBL,RHT,NOV,FCX,LRCX,NTRS,LH,LH,ESS,RHT,HBAN,BEN,DGX,MHK,ALB,HLT,O,APA,WAT,VRSK,PFG,WYNN,NOV,VRSK,LH,AAL,AEE,EVRG,FRC,ABMD,MKC,CBS,NUE,RMD,RMD,IP,KEY,CCL,KEY,AEE,FCX,ALGN,HPE,MXIM,PXD,CAH,LH,LUV,KSU,AMCR,EFX,TSN,LH,IP,MKTX,EIX,URI,HIG,CERN,WAT,VMC,PAYC,VMC,SWKS,TSN,MKC,HIG,CDW,URI,MOS,CDW,WTW,ZBH,TSCO,VMC,AEE,EBAY,ARE,IR,CBRE,CDW,GPC,EBAY,TTWO,MPWR,HIG,EBAY,APTV,LYB
GPC,DHI,POM,PNR,DTE,ROK,DTE,DLTR,RRC,SWK,ROP,PFG,PGR,JNPR,RRC,NTRS,INTU,PNR,BSX,HOG,PGR,RF,DTE,KMX,BF/B,DTE,MOS,DTE,SNDK,UA,FE,FE,GWW,BCR,MAR,HSIC,CAM,NUE,EFX,FAST,ETR,EQT,FTV,VIAB,FE,MJN,A,HSY,AZO,AZO,HSY,INFO,APA,HLT,SYMC,HLT,K,MGM,CAH,UAL,TSN,ABMD,CAH,CTAS,HBAN,WAT,RF,NTAP,LLL,LLL,KEY,IP,AMCR,DHI,KHC,DHI,IP,WDC,EFX,SYF,HRL,MTB,DGX,MXIM,CDW,PXD,CTXS,KSU,AEE,VMC,QRVO,MKC,NTRS,ARE,CDW,EXPE,DOV,VFC,EXPE,DLTR,ZBH,SWKS,FTV,FANG,STE,MOS,ULTA,DRE,LYB,ABC,ETR,DAL,RJF,FITB,GPC,FTV,AEE,FTV,LYB,TSCO,RCL,STE,FICO,GLW,WY,TROW
CHK,PNW,LEG,SJM,MUR,DLTR,MUR,EMN,APH,ROP,GPC,ES,MAT,STZ,L,GPC,DHI,CAM,ZBH,CHK,NLSN,NTAP,A,MSI,PGR,KMX,DTE,GMCR,ESS,DPS,LNC,HST,PFG,GPC,PFG,GPC,EFX,CAM,MAR,ADSK,WHR,LH,LLTC,ETR,EXPE,DLR,MCHP,EFX,TSO,BEN,LH,AME,WRK,ALGN,K,LLL,CTL,SIVB,VRSK,HBAN,HES,SIVB,LLL,MCHP,K,CNP,LLL,CHD,ANET,FRC,FRC,ANSS,KR,AJG,MTD,CINF,CCL,AEE,KEY,CDW,WY,AJG,CDW,AMCR,TSCO,LH,KSU,DGX,CDW,FITB,VRSN,SYF,EFX,CLX,DLTR,RSG,NTRS,HIG,GRMN,DAL,EIX,IR,VMC,DTE,IT,ABC,STE,ABC,GWW,WST,EBAY,ETR,CTRA,FRC,FTV,PWR,MPWR,FE,TTWO,FANG,STT,STT,RMD,STT,STT,BR
EW,PWR,EQR,RL,CHK,CTXS,CHK,GPS,NTRS,RRC,EQT,ESV,STZ,ROP,FAST,FTI,PCAR,PGR,DG,HSY,CAM,KSU,HOT,PFG,LVLT,GWW,BBBY,BF.B,DVA,RHT,MRO,GWW,NBL,PFG,BCR,AA,A,GWW,NBL,WHR,HSY,WDC,LRCX,LLTC,ULTA,CFG,ADSK,GPC,DGX,INFO,HBAN,WRK,BBY,GPN,DHI,DVN,SYMC,KLAC,HBAN,IQV,SWKS,TDG,TSS,AMD,CTAS,MTD,CNP,MSCI,KEYS,HSY,CMS,LH,CFG,OMC,MLM,CHD,CPRT,RSG,VIAC,COO,LYB,MXIM,WST,TTWO,KSU,TSCO,TSCO,FITB,GWW,LVS,FTNT,WST,SYF,TSN,RSG,VMC,EXR,PAYC,TSN,NDAQ,URI,KHC,CHD,SYF,VTR,VMC,NTRS,DHI,LUV,LUV,FE,LUV,FRC,PPL,ANSS,WST,PODD,ENPH,HIG,GPC,BAX,DFS,XYL,DFS,BR,STT
WDC,SYMC,SNA,WYNN,CF,CMG,SJM,DTE,CF,CF,FAST,CF,LB,EMN,CAM,SWK,DRI,PFG,HST,PGR,DTE,DPS,ADSK,HOG,BBBY,ETR,GPC,DVA,GWW,ESS,NUE,RHT,AME,EXPE,A,MAR,NUE,EFX,GWW,ETR,FAST,CHD,LH,FE,NOV,FCX,ESS,NOV,HCP,HSY,AME,AWK,WAT,APA,CMA,FOX,HLT,SWKS,TDG,FE,HBAN,FE,FAST,ULTA,MTD,GPC,MYL,CDNS,GPC,VMC,LH,KEYS,ANSS,HCP,EFX,MTD,MTD,ARE,MTD,KEY,HIG,AMP,MXIM,ODFL,NTRS,NTRS,DPZ,AMCR,VMC,IP,KMX,ODFL,TSN,IP,WDC,DLTR,OKE,XYL,TSCO,LYB,BBY,SYF,NTRS,MTB,VMC,TSCO,LH,MKC,URI,ULTA,PCG,ARE,NDAQ,ARE,BAX,WY,DAL,MLM,WBA,ULTA,CHD,HPE,STE,RCL,TROW,HIG
BSX,HBAN,TEL,DLTR,CMG,XRX,ETR,KSU,KSU,GPC,RRC,LUV,GPC,LTR,LNC,STZ,KMI,DTE,WY,CAG,GPC,WHR,DLTR,BBBY,CLX,HOT,GWW,PFG,WHR,RF,WHR,WHR,AA,HOT,LNC,O,ADS,A,HSY,A,CMG,RHT,MU,BLL,XRAY,TDG,NOV,NLSN,HSY,APA,RSG,LVLT,HBAN,HSY,NTAP,VRSK,FOX,FOX,CMA,ETFC,LLL,AAL,O,SWKS,RMD,MYL,EVRG,BBY,OMC,TSS,CMG,COO,EFX,LH,OMC,CCL,AJG,CPRT,KHC,VMC,SJM,AMCR,COO,PXD,AMCR,LYB,INCY,NTRS,TER,AEE,RSG,LVS,CERN,CERN,HES,URI,ETSY,TRMB,HBAN,TSCO,NTRS,LUV,SWKS,TSCO,MAA,MAA,ANET,CTRA,STE,GPC,MLM,EQR,MLM,IR,AEE,ARE,ETR,HIG,MKC,TTWO,SBAC,TTWO,ALGN,RMD,DFS,ULTA
NE,M,NBR,BFB,EMN,SJM,DLTR,MOS,EMN,LUV,FLR,FLR,LNC,LNC,GPC,MAT,TGNA,SWK,ED,NEM,DOV,DVA,LVLT,DPS,NI,BF/B,BF/B,COG,MOS,HOT,CF,LVLT,NVDA,HES,GPC,NUE,NOV,EXPE,ADSK,RHT,MU,KIM,HES,XLNX,PFG,GPC,MLM,MLM,MSI,KLAC,BBY,ANDV,HSY,MTD,DOV,FAST,LNC,WYNN,HES,STX,CMA,LLL,HBAN,AME,HIG,CMS,MKC,CAH,ARE,CFG,AJG,FANG,KEYS,HAL,AJG,IP,CMS,IP,CHD,PEAK,KSU,CAH,TTWO,DAL,LYB,CTXS,K,VIAC,LVS,NTRS,KSU,EIX,USD,EIX,FLT,VRSN,DLTR,MLM,CTLT,MLM,MAA,OXY,DOV,CDW,AEE,STE,BALL,ANSS,VMC,TSN,HIG,CF,DTE,ANSS,FE,MLM,MLM,DTE,MTB,LYB,DTE,ES,WTW,TROW,TSCO,WTW
CLX,DRI,PEG,CNP,DLTR,MUR,PFG,XLNX,XRX,EMN,CF,LIFE,XRX,CHK,ROP,NLSN,HAS,XRX,MCO,PAYX,KSU,L,RF,LVLT,EW,PGR,NLSN,ETR,HOT,KMX,RF,HSY,LVLT,NUE,VMC,HSY,HBI,XLNX,LRCX,HSY,AWK,AEE,AA,FCX,XLNX,RF,HCP,MCHP,INFO,AEE,TAP,ETR,AEE,ESS,LLL,MTD,ESS,APA,MGM,CTAS,AAL,FAST,RMD,ABMD,BBY,FCX,HCP,GPC,KEY,CMG,HCP,FCX,AJG,CBRE,HAL,AJG,CHD,DHI,PEAK,ALGN,ODFL,CARR,OKE,DFS,CAH,LVS,COO,INCY,FITB,KSU,ETR,PPL,KMX,MKC,ARE,HIG,HIG,OKE,NDAQ,DOV,KHC,PKI,HIG,MLM,MLM,DHI,WST,STE,LEN,MLM,SIVB,ACGL,DAL,MLM,IR,FRC,HIG,PODD,ULTA,BAX,CAH,FICO,MPWR,EFX,GLW,FITB
RL,MOS,SEE,PRGO,CLX,CLX,XRX,SJM,ALTR,FLR,DLTR,FAST,BFB,AME,PGR,EMN,RHI,LNC,CERN,GPC,BBBY,NI,EQT,RCL,KMX,EW,PFG,CLX,RHT,MNK,AKAM,DVA,GPC,TSN,AME,AME,MU,FITB,FITB,MAR,EXPE,PRGO,CTXS,MAR,ETR,BLL,BEN,HST,MTD,WAT,ALB,EXPE,ETR,FAST,IDXX,TXT,FAST,ESS,ABMD,KLAC,FAST,APA,SIVB,TSS,ETR,MXIM,TSS,FANG,HSY,FANG,FANG,NUE,CBRE,MTD,LH,HES,NUE,CMS,HPE,TFX,EVRG,CBRE,PXD,VMC,PXD,DFS,NTRS,EQR,HOLX,TFX,TER,QRVO,CHD,PPL,MLM,CLX,IT,ENPH,VMC,KHC,NDAQ,DRE,IT,RF,DHI,CDW,VTR,VTR,MLM,ANSS,INVH,AEE,LEN,MKC,LH,ALGN,FE,MKC,CAH,DTE,MTB,CAH,DFS,DAL,EBAY,GLW
XRX,EXPE,KR,OKE,KSS,EMN,KSU,PFG,PFG,DTE,NEM,AME,XLNX,SWK,DTE,PGR,AVP,FAST,IVZ,MSI,MNST,DOV,COG,BF/B,ENDP,ESS,DVA,A,PFG,FE,A,AME,KMX,LNC,RF,ENDP,EXPE,WHR,A,GWW,ADS,FAST,EXPE,KEY,LVLT,XRAY,FAST,CTXS,BLL,GPN,ANDV,UAL,CAG,HBAN,MSI,DOV,WAT,TDG,STX,ESS,SIVB,O,NOV,VRSN,MXIM,CFG,HSY,TSS,CMS,ANSS,ANSS,MXIM,NUE,HES,IP,LEN,CFG,AJG,KEYS,KHC,HPE,COO,WY,CAH,KMX,CDW,GWW,K,QRVO,QRVO,CTLT,TSN,CCL,RSG,RF,EXR,EXPE,IP,DOV,EXPE,IR,DAL,EIX,KEY,NTRS,LH,ANSS,NTRS,ABC,CF,ANSS,NDAQ,HBAN,LYB,DTE,HBAN,WY,ETR,WY,RCL,STE,HIG,STT,ETR,DTE,TSCO
ICE,BTU,AIV,XRX,WYNN,PRGO,CF,LNC,-,XLNX,BWA,GPC,FLR,FAST,EMN,BBBY,PETM,GPC,FIS,CF,KLAC,FTI,EW,ADSK,HOG,ENDP,ETR,RHT,CLX,DVA,HSY,RF,AKAM,FCX,SYMC,TSO,TSCO,RHT,CXO,ULTA,LRCX,GWW,MAR,WHR,HSY,CTXS,XLNX,HCP,RSG,AME,LLL,BLL,LLL,DOV,ABC,VMC,TXT,MRO,K,AAL,EXPE,CMA,ESS,BLL,WAT,ULTA,K,KEYS,FANG,KEYS,CINF,CFG,COO,KHC,CPRT,HAL,OMC,OMC,CCL,CAH,CBRE,BXP,DFS,CBRE,FE,DPZ,VAR,BR,TFX,TSN,TSN,KSU,IP,CCL,PPL,TER,DTE,DTE,DVN,VFC,DOV,NTRS,MLM,MAA,CHD,MTCH,PPL,FANG,WAT,LYB,CF,MLM,ACGL,DAL,ETR,RF,EXR,ALB,AEE,EQR,AEE,EQR,SBAC,BR,HPE,CHD
WYNN,CCL,RDC,KMX,SJM,RL,ALTR,CF,PRGO,LNC,BFB,OKE,AA,FE,CAG,LB,ADT,PAYX,MTB,L,NI,KLAC,EA,A,MSI,A,NI,CF,EW,CLX,GWW,LNC,DVA,FOX,FE,VMC,MAR,CHD,ADS,WMB,ADSK,CMS,RHT,MHK,MRO,ETR,FOX,SWKS,DISH,AWK,BEN,HBAN,IQV,LLL,FOX,ABC,VMC,AWK,NOV,HST,RSG,SWKS,GWW,ETR,GPC,RF,MSCI,CBRE,VMC,HES,CFG,AJG,LH,AMCR,FRC,CPRT,PEAK,CFG,COO,OMC,MKTX,LEN,DPZ,LVS,VMC,VMC,IP,VAR,VTR,HOLX,PAYC,RF,ENPH,MLM,CZR,WDC,MLM,TSN,XYL,EIX,MPWR,CHD,BKR,FTV,HIG,ALB,MTCH,MAA,MKC,PPL,RJF,MOH,LH,NDAQ,PPL,AEE,CHD,WY,ALGN,HIG,MKC,WTW,BR,DTE,ETR,MTB
MAR,SNI,WY,MAR,SLM,CHK,MOS,ETR,WHR,FTI,CLX,ADS,BWA,XRX,CHK,OKE,SYY,L,ORLY,DVA,FTI,ADSK,BBBY,EW,LNC,CLX,A,NI,DTE,AA,DVA,AAP,HES,AME,WRK,NOV,VMC,MSI,FCX,RCL,RCL,MRO,ADS,CTXS,MCHP,AWK,EFX,RCL,IDXX,MYL,BLL,HSY,MSI,RSG,FAST,STX,FE,FE,GWW,GWW,FE,NEM,SWKS,EVRG,KLAC,LLL,MXIM,HSY,CNP,ANET,EVRG,CMS,CMS,MLM,K,OMC,SWKS,CXO,TFX,K,ALGN,IFF,KSU,TSCO,BR,CBRE,FTNT,DOV,CAG,ODFL,CDW,ARE,MLM,ETR,MKC,QRVO,IP,KHC,EXR,MAA,VFC,ENPH,MAA,URI,FANG,MLM,FTV,ULTA,CEG,HIG,MOH,MRO,FE,RJF,RF,MPWR,FSLR,DAL,DTE,STE,HIG,BR,MTB,HPE,MTB,DTE
BFB,WY,OI,BEAM,XRX,ALTR,CLX,ALTR,BWA,BFB,FRX,BWA,AME,FLR,JNPR,ETR,FTR,MAT,CCL,PNR,L,BWA,NTAP,CF,DVA,BWA,RHT,WHR,COG,GPC,HOT,CAM,NUE,DVA,NUE,LRCX,FAST,FOX,CAM,FOX,CTXS,NOV,KIM,BEN,AA,VIAB,RCL,BEN,ULTA,FE,GPN,AEE,GPN,CAG,STX,LEN,DHI,LNC,HST,CMA,ESS,ESS,WCG,RMD,CAG,TSS,CAH,CMS,TSS,MXIM,BBY,HES,HES,EVRG,BBY,BBY,LEN,AMCR,AMCR,AMCR,APTV,ODFL,CBRE,DGX,DPZ,DOV,VIAC,FE,SIVB,SYF,ODFL,EFX,ARE,TSCO,KEY,MKC,MAA,CERN,NTRS,XYL,EXPE,STE,KEY,ALB,ABC,VTR,VMC,PPL,CHD,URI,NDAQ,EFX,LYB,LH,RJF,FE,DTE,PPL,VRSN,MKC,HPE,GPC,ILMN,AEE,ULTA,WAB
KSS,HRS,SYMC,WEC,KMX,SPLS,KEY,WYNN,FLR,BWA,WHR,SWK,DTE,DTE,NLSN,AME,SNDK,EMN,ADI,RRC,HOG,COG,LRCX,CLX,HOT,PFG,BWA,GPC,A,WHR,GPC,KMX,TSO,CTXS,EFX,RF,FOX,ADSK,IVZ,AWK,IVZ,MAR,WDC,HSIC,HSIC,MCHP,HSY,EXPE,HSIC,WRK,Q,TAP,DOV,WAT,INCY,RSG,EMN,TPR,CTAS,EVRG,O,RSG,NEM,EXPE,HSY,KLAC,AAL,SNPS,INCY,CBRE,NUE,BBY,ARE,IP,LEN,EFX,EFX,MLM,K,DOV,EXR,WDC,PAYC,PAYC,DFS,VAR,TFX,VLO,AMCR,CDW,NTRS,KEY,RSG,VRSN,CLX,GRMN,XYL,AEE,DLTR,CTLT,VRSN,VRSN,SYF,SWKS,PARA,GWW,URI,MTCH,VTR,LH,LYB,CAH,EQR,WBD,MLM,EXR,DOV,CAH,EQR,ENPH,ULTA,RCL,CTRA,MPWR,ES,ILMN
BEAM,AET,URBN,EMN,RL,XLNX,SPLS,BWA,DTE,CLX,AME,EMN,SWK,MAT,KEY,PFG,JOY,ESV,XEL,RIG,PNR,NLSN,CF,KSU,PFG,KORS,CF,MOS,GPC,DTE,PLL,AKAM,RF,FE,CAM,LH,ENDP,AA,EXPE,IVZ,WDC,WHR,ADSK,HST,AWK,HES,XRAY,MSI,KLAC,MSI,WRK,DHI,NTAP,XRAY,EXPE,MHK,DOV,HES,ESS,O,ETFC,CAH,ULTA,HSY,ABMD,IFF,MGM,HBAN,HES,ARE,EFX,EFX,CINF,K,CFG,MLM,INCY,TFX,LH,HAL,WDC,TTWO,KMX,ESS,NDAQ,BR,CBRE,LVS,DOV,PXD,SYF,OKE,WST,KMX,OXY,MLM,CLX,HBAN,VFC,TSN,DAL,NDAQ,DTE,IT,ETR,FANG,CHD,FTV,GPC,MKC,URI,FE,CAH,WAT,HBAN,DTE,TDY,EQR,BAX,HPE,WTW,DTE,DTE,MOH,WAB,EBAY
GPS,EA,AET,ALTR,XLNX,KMX,LNC,CLX,ETR,SJM,OKE,FTI,EMN,AA,SWK,ADS,LUMN,DVA,ROK,BBBY,DVA,PNR,NI,BLKFDS,BCR,BBBY,SNDK,EQT,ETR,HBI,KMX,GPC,LNC,TSO,HSIC,LNC,VRSK,CXO,AA,SWKS,LH,DVA,BEN,MCHP,FCX,RCL,HBAN,FAST,AWK,BHGE,WAT,RSG,XRAY,CMA,RSG,INCY,NBL,LLL,CLX,SIVB,AWK,EFX,AWK,LLL,LH,AJG,CMS,INCY,ANSS,CMS,COO,FRC,FRC,EXR,AMCR,NUE,LH,K,DOV,KSU,LH,TIF,DAL,PEAK,MAS,GWW,DOV,GWW,GRMN,GWW,AKAM,CHD,AEE,AEE,TER,EIX,KMX,CRL,VTR,CZR,TSN,MKC,IR,FE,SWK,ULTA,IT,WAT,MAA,RJF,TSN,LEN,RF,HPE,PFG,ETR,BAX,MTB,FE,LUV,EQR,CTRA,EQR,WAB,MOH,PHM
DVA,LUK,BMS,CHK,ALTR,PFG,RL,PRGO,AME,AME,EMN,XLNX,FAST,PFG,PFG,CAG,OI,ADSK,HIG,AME,DPS,CF,DVA,NI,RCL,HOG,GMCR,EW,HSY,PLL,MOS,MOS,VMC,CAM,FOX,DVN,LRCX,HOT,HST,LH,GWW,SYMC,MHK,AA,CTXS,XLNX,CTXS,WHR,NLSN,BBY,AWK,BBY,ANDV,NWL,ANDV,URI,TPR,DHI,LLL,RSG,HST,MSCI,MKC,TTWO,CMS,HCP,GPC,CNP,CBRE,CNP,NTAP,CBRE,FCX,CFG,TFX,LH,MLM,HES,KSU,EVRG,IP,HIG,VMC,ABC,HIG,NDAQ,VTR,XYL,CMS,XYL,AEE,HAL,GNRC,WDC,VRSN,TSN,VTR,ETR,WAT,STE,LYB,URI,URI,PKI,GWW,ESS,GWW,TTWO,PPL,TSCO,LEN,RF,CF,HBAN,PWR,EQR,MKC,HOLX,FSLR,LH,GPC,BAX,ALB,ULTA,AEE,NVR
CMG,BMC,NTH,BSX,DVA,KSS,BWA,KEY,GPS,OKE,XLNX,WHR,PFG,ESV,AME,MAR,AMP,AME,K,GGP,ADSK,CLX,KSU,ESS,A,MNK,RCL,HSY,AKAM,AME,UHS,UHS,HST,HST,XLNX,PFG,LH,LRCX,VRSK,TSCO,TSCO,BLL,HST,RHT,PRGO,FOX,ADS,LH,WRK,ETR,IVZ,MSI,NWL,TAP,VRSK,CTAS,TDG,BHGE,FE,CAH,MGM,TSS,RSG,FAST,TSS,AAL,CTL,ANET,HCP,RF,DHI,ARE,MXIM,CPRT,MXIM,TFX,RF,PEAK,FTNT,MXIM,LDOS,DOV,TSCO,HOLX,ZBRA,FE,DGX,TYL,KSU,AMCR,MLM,NTRS,HPE,OXY,TTWO,EXPD,OXY,COO,MAA,HBAN,KMX,VFC,FE,DOV,DOV,ENPH,MLM,CMS,IT,CHD,HBAN,PWR,PPL,PWR,EQR,LH,PPL,CLX,IFF,AEE,ETR,ULTA,GPC,EQR,HWM,HPE
OKE,XYL,LDOS,RSG,PFG,BFB,KMX,KMX,LNC,KSS,DTE,BFB,ESV,OKE,XRX,LNC,ZION,XLNX,APH,KSU,KSS,EW,CLX,DVA,WEC,NI,UA,BWA,BWA,COG,WFM,VMC,SRCL,HSY,ENDP,ETR,GWW,MU,AWK,CMG,DVA,VRSK,VRSK,PFG,VIAB,LH,MSI,BLL,HBAN,LLL,TXT,O,O,FOX,HSY,CAG,O,CLX,APA,AWK,OMC,HST,MSCI,IFF,EXPE,CAH,CBRE,ABMD,LH,LH,GPC,CINF,RF,COO,RF,RF,MGM,EFX,OMC,MAA,DOV,DFS,ABC,OKE,DRE,HOLX,BR,GRMN,TYL,DOV,COO,VTR,QRVO,DOV,AEE,CZR,EXPD,TSCO,FLT,ANET,HIG,LYB,AEE,ENPH,ESS,ALGN,TSCO,IT,FANG,NDAQ,RF,PFG,IR,CAH,LUV,DOV,MTB,LVS,HPE,FE,IFF,AEE,ES,TRGP,NVR,STE
SJM,EIX,M,DVA,BFB,DVA,BFB,SLM,BFB,WHR,STZ,KEY,FTI,MAR,FLR,XLNX,PKI,NEM,MOS,KLAC,CLX,AME,BWA,RHT,NEM,RF,HBI,NEM,NEM,HSY,TSN,AA,EXPE,VMC,WHR,COL,CFG,COL,DVA,CTXS,SWKS,HOT,HOT,AWK,KEY,VRSK,MJN,FOX,GPN,HCP,DOV,DOV,FE,VRSK,CAG,ESS,RSG,WRK,FAST,EFX,CAH,BR,TTWO,CHD,LLL,EXPE,INCY,CMG,RMD,SYMC,WAT,EXPE,FANG,FANG,EVRG,K,AMCR,NUE,MLM,FTNT,STE,ABC,IFF,KMX,DOV,VTR,FE,TSCO,XYL,VTR,OKE,VRSN,TTWO,QRVO,DOV,FLT,TRMB,MAA,DTE,TER,POOL,HIG,ETR,HBAN,PKI,NTRS,PARA,GWW,TTWO,PWR,PPL,IR,MKC,EQR,CFG,RJF,HPE,EXR,FICO,MTB,FE,MTB,ULTA,ES,CTRA,ES
RSG,HRL,NDAQ,AVP,BEAM,WYNN,PRGO,OKE,SJM,BBY,SLM,CLX,ADS,DVA,MAR,COH,NFX,KEY,NTRS,XEC,SWN,ESS,ESS,FAST,MNK,NEM,XRX,RF,RF,RCL,AA,TSN,CAM,HBI,HSY,CAM,KIM,HST,FOX,M,CHD,EXPE,PRGO,WDC,CFG,ABC,FE,XRAY,MLM,BLL,GPC,LLL,VRSK,NTAP,MRO,TSS,APA,CAG,O,LLL,PFG,RMD,KLAC,WAT,GWW,CTXS,IFF,MXIM,CFG,AJG,CNP,HCP,WDC,BR,HES,MXIM,FCX,MGM,EVRG,ULTA,OMC,IP,ZBRA,DPZ,CBRE,MAS,PAYC,COO,BR,EXPE,TFX,IP,WDC,CHD,XYL,DOV,VRSN,PPL,IP,RF,ESS,USD,STE,CFG,ZBRA,PPL,CF,CTLT,TSCO,BR,LH,CFG,ANSS,RF,HPE,CFG,EQR,DOV,STE,WBA,WBA,MKC,NVR,MTB,TRGP,EQR
XLNX,EL,MOS,LUV,LUV,CF,SLM,KSS,OKE,ETR,KEY,CTXS,KSU,CAG,FTI,NEM,PCG,HP,TT,NI,AME,EA,DOV,AME,ADSK,LRCX,ADSK,AKAM,PLL,UHS,AME,MHK,SJM,GWW,HST,XLNX,EXR,HRL,AEE,MHK,RF,CTXS,XLNX,CFG,IVZ,AA,HST,ADS,XRAY,HSIC,CAG,HLT,EXPE,ABC,TAP,NBL,CAG,VMC,PFG,WAT,WAT,EXPE,EFX,HES,IFF,VMC,ARE,LH,DRI,SWKS,BR,TFX,TFX,NUE,NUE,MAA,CAH,CHD,NLOK,IP,JKHY,HOLX,STE,BR,PEAK,ZBRA,LVS,AKAM,EXPE,GRMN,WDC,MTB,TSCO,HPE,GRMN,TSCO,FLT,NDAQ,PPL,MPWR,DRE,STX,PPL,AEE,MTB,CF,MAA,VMC,HIG,RF,DRE,EPAM,PWR,XYL,HOLX,CHD,LH,MPWR,ETR,PODD,WAB,DOV,DOV,FE,DOV,DOV
AA,RHI,LSI,KSS,FLR,KEY,JNPR,PVH,SLM,XRX,MUR,DLTR,ADSK,NLSN,ESV,DVA,AIZ,NRG,HOT,EMN,FAST,LRCX,L,NTAP,BWA,AME,KORS,MNK,KSS,LRCX,LH,HOT,ETR,HSIC,DVA,MHK,AME,MHK,MHK,DVA,FOX,BEN,MLM,HOT,VRSK,CHD,XEC,FE,AME,HBAN,HLT,FE,FAST,TXT,HST,EMN,ETFC,NOV,RSG,DGX,EVRG,ANSS,ANSS,APA,MRO,MSCI,SNPS,EVRG,EVRG,WAT,MXIM,RF,CPRT,MKTX,CNP,CFG,DOV,DOV,UAL,HES,MLM,EVRG,HOLX,GRMN,ABC,GRMN,EXPD,ZBRA,AKAM,MLM,DGX,KMX,VTR,RF,EIX,KMX,AEE,CTLT,MLM,HES,CHD,DTE,DRE,ZBRA,CF,DRE,LEN,CNP,MTCH,DAL,LUV,LH,PFG,EXR,VTR,PFG,HOLX,FSLR,EXR,ETR,ENPH,ETR,AEE,PPL,EQR,ETR
CCE,MJN,PXD,PFG,PRGO,SLM,OKE,FLR,KMX,KEY,FTI,DTE,DVA,FTI,OKE,FLR,LEG,CF,KORS,DPS,LRCX,BBBY,NLSN,LRCX,LRCX,RHT,EQIX,BBBY,LRCX,BWA,ETR,A,FOX,EFX,O,VRSK,DVA,HES,XLNX,LRCX,MAR,MKC,WAT,PRGO,WAT,RSG,BLL,ETR,FE,CMS,AEE,IVZ,RSG,LB,URI,TPR,CTAS,WAT,WAT,MSCI,TSS,OMC,HST,AAL,ABC,GWW,HBAN,AAL,SYMC,EFX,CPRT,NTAP,DHI,TTWO,AKAM,SWKS,CINF,BKR,CFG,FCX,ATO,BR,EVRG,KSU,QRVO,COO,KMX,STE,DGX,HIG,XYL,COO,TER,KEY,EXPD,XYL,PPL,FLT,USD,CRL,HBAN,WAT,RF,VTR,DRE,FTV,RF,AMCR,NTRS,CNP,PWR,MKC,CFG,CHD,EXR,STLD,ARE,LH,DRI,DOV,RJF,WAB,TRGP,DOV,RJF,RJF
DPS,TRIP,LM,DPS,MAR,BEAM,KSS,WHR,CLX,FRX,GPS,STZ,KEY,GGP,NTAP,KEY,EQR,CAG,XRX,FAST,EMN,DLTR,AME,L,KSU,MSI,ALTR,COL,UA,A,AAP,HBI,HBI,WHR,LRCX,FAST,AAP,AEE,CTXS,UHS,MHK,MLM,AEE,IVZ,XEC,XEC,VRSK,RSG,IVZ,IDXX,KMX,IDXX,ALB,IVZ,TXT,FE,MHK,CTAS,WRK,RMD,EFX,EVRG,EXPE,HST,HST,SNPS,EXPE,HCP,MYL,K,HES,CPRT,MLM,CBS,BHGE,AMCR,TFX,CAG,IP,DGX,DRE,FITB,DOV,JKHY,GWW,VIAC,XYL,DPZ,SYF,COO,HIG,HPE,LVS,VTR,CHD,PPL,QRVO,EIX,HES,WAT,CTLT,ESS,STX,ETR,CTRA,FLT,CMS,DAL,NDAQ,LEN,WST,K,MRO,LUV,STE,CAH,CAH,VRSN,INVH,VRSN,CTRA,FLT,ETR,RJF,STE,HWM
SIAL,NBR,EIX,XLNX,AVP,PVH,PVH,BFB,MUR,SLM,KSS,NLSN,CLX,ADSK,DVA,GMCR,ALLE,XTSLA,CAM,SIAL,BWA,OKE,BCR,BWA,FAST,UA,COL,UA,AME,KEY,TSCO,MSI,MHK,TSCO,HBI,NWL,WDC,TSCO,TSCO,RF,EQT,AA,KEY,GWW,MSI,HSIC,ABC,TXT,FOX,HST,MSI,HST,GGP,HST,ESS,IQV,AWK,ETR,EMN,MTD,CBRE,ETFC,AEE,GPC,IT,CBRE,LH,AJG,COO,EXPE,DRI,PFG,HCP,MXIM,CE,WDC,K,WCG,CAG,MLM,MAA,SJM,ULTA,IP,LVS,FITB,FITB,EXPD,MLM,BR,URI,CTLT,RF,FE,ETR,VTR,STE,VRSN,EIX,KEY,XYL,EXPD,HBAN,ABC,TDY,TDY,FLT,GPC,DAL,MOH,CAH,TSN,EXR,PFG,CAH,PPL,CLX,CTRA,HOLX,DRI,FSLR,RJF,MOH,GPC,FITB,TDY
FIS,KR,ANF,KIM,RSG,RSG,CNP,NYX,KSS,BEAM,KMX,NEM,ETR,KEY,ETR,GGP,HCBK,XEC,MSI,ADSK,CHK,KMX,KMX,BCR,MAC,DVA,HOG,ADSK,EQT,BCR,KEY,SRCL,WHR,A,CTXS,FOX,CHD,IVZ,COL,CFG,CFG,RSG,DVA,VRSK,MHK,AKAM,M,ABC,SJM,ALGN,NBL,CAG,HST,MSI,GPC,SJM,INCY,ABC,CAG,AEE,MTD,AWK,PFG,KLAC,MSCI,HBAN,BBY,VMC,MXIM,XYL,L,GPC,MGM,FRC,EXR,KMX,WCG,RF,FCX,TIF,WAT,LDOS,LDOS,FITB,EVRG,PEAK,STE,SIVB,FTNT,TYL,ALB,RSG,ETR,TER,HPE,WAT,NDAQ,OXY,ESS,KMX,STE,AEE,BBY,BBY,SWKS,LEN,CFG,CEG,ALGN,STE,MKC,PPL,HPE,MOH,NDAQ,TDY,CTRA,TTWO,CLX,EXR,INVH,INVH,TDY,VRSN,PHM,PTC
DGX,SNA,AIZ,MU,SPLS,CNP,WYNN,BEAM,BEAM,KLAC,CTXS,SLM,SIAL,ALTR,TSN,WHR,STI,NI,ROP,ESS,TAP,BCR,PNR,PNR,TAP,KSU,MSI,AME,HBI,ETR,SNDK,EQT,EFX,ENDP,EXPE,WRK,AEE,VRSK,MSI,ADS,NOV,CNC,CMS,EXPE,RCL,NOV,VIAB,MJN,HRS,ABC,NLSN,XRAY,IVZ,EXPE,TDG,DHI,WYNN,BFB,AWK,ANSS,RMD,STX,CMA,ABC,CTXS,LH,LEN,ANSS,K,DHI,LEN,DRI,ALGN,BBY,CAG,DOV,HES,MXIM,MXIM,KMX,XYL,HPE,BR,DOV,GRMN,CAH,QRVO,FTNT,STE,CAG,GRMN,HOLX,GRMN,TRMB,CFG,IT,LB,TDY,CERN,PPL,RF,ETR,MTB,STX,FTV,CMS,CNP,MLM,MPWR,MPWR,CNP,LYB,DOV,CFG,DOV,HPE,LUV,CNP,PPL,FICO,FICO,TDY,WAB,NVR,IFF,IFF
NFLX,LO,DNB,ADT,SIAL,NYX,WHR,RL,KEY,STZ,ETR,KSS,MAR,GPS,NEM,NTAP,R,GGP,SWN,KEY,CTXS,CAM,TSN,KSS,CFN,RCL,AKAM,ALTR,BCR,AKAM,MHK,LH,TSCO,ADSK,M,GWW,HRL,HBI,SYMC,CHD,HOT,TSCO,CHD,CHD,ADS,AEE,RSG,CTL,HST,MLM,XRAY,BEN,TXT,GGP,CBOE,AWK,MTD,K,EXPE,WRK,AMD,AEE,BR,NOV,VMC,COO,WCG,ARE,AJG,RMD,FCX,INCY,INCY,DRI,PFG,EVRG,KMX,LH,MGM,CINF,PEAK,XYL,MTB,TYL,ESS,DGX,MLM,EXR,TSCO,CMS,VTR,TYL,VRSN,GRMN,VTR,TRMB,ANET,MKC,KMX,ESS,TRMB,FE,ESS,IR,PPL,ZBRA,ALGN,PKI,IR,NTRS,DAL,ANSS,EPAM,CTRA,STLD,BAX,VRSN,ARE,DOV,IFF,DOV,FE,FLT,LH,PPL,BLDR
KLAC,POM,JBL,CCE,WHR,BWA,BEAM,FRX,WU,BCR,BCR,MUR,GGP,NEM,WHR,CLX,TYC,FLR,FTI,GPS,KEY,EMN,EMN,COG,KSS,BCR,RF,HBI,COL,TSN,HBI,WFM,UHS,MRO,AA,HOT,CTXS,LH,CHD,VRSK,VRSK,ADSK,EQT,MRO,EQT,MSI,AWK,L,ETR,FOX,FE,TXT,CMA,ETR,O,ETFC,URI,EMN,BFB,ETR,STX,TTWO,OMC,CMA,AJG,DRI,COO,HST,EFX,GPC,CBRE,BR,HBAN,CXO,WAT,CE,COO,COO,CINF,XYL,LNT,KSU,TIF,NDAQ,VTR,QRVO,ETSY,TFX,IR,CTLT,AMCR,TRMB,TFX,CZR,TSCO,HAL,HES,MPWR,KEY,HAL,STX,POOL,PKI,HPE,ULTA,HPE,CEG,PWR,ULTA,TTWO,NTRS,TDY,XYL,AES,VRSN,HOLX,OMC,TDY,PODD,INVH,DRI,NVR,BAX,TDY,FE,MOH
DLTR,HAS,MJN,CHRW,KEY,LNC,NYX,SIAL,LUV,ALTR,SJM,JNPR,NI,DLTR,HP,ESV,AIV,NTAP,DOV,MNST,TSN,FAST,FAST,CFN,UA,PNR,SLG,L,RCL,TXT,HSIC,ETR,BBY,MHK,HOT,XL,HRS,CPB,LH,MSI,UHS,HST,PFG,WAT,BEN,ADS,WRK,XEC,WAT,IVZ,ETR,CMA,TAP,URI,EFX,CBG,GWW,LEN,RMD,EXPE,AEE,DHI,MTD,CMS,CBRE,PCG,KEYS,RMD,CAH,WDC,KEYS,WAT,DXC,RF,COO,INCY,CE,CINF,KMX,EXPE,PXD,HRL,JKHY,COO,FITB,NVR,PEAK,TER,PXD,WDC,TYL,TSCO,MTB,GNRC,GNRC,CCL,TSN,EXPD,MPWR,CERN,KEY,PPL,CFG,ESS,VRSN,CNP,HBAN,LEN,CTLT,MOS,K,DOV,WAT,CNP,NTRS,CTRA,STE,INVH,LH,RJF,PPL,TRGP,RJF,DRI,VRSN,IRM
SPLS,TYC,CVC,NI,CNP,JNPR,FRX,CNP,CNP,NYX,BBY,AA,NEM,ETR,KLAC,JNPR,PEG,TRIP,EQT,EA,DLTR,XLNX,TAP,WYNN,WYNN,AKAM,AME,KORS,TXT,EQT,TSO,HOG,A,RF,LH,HES,XL,KIM,KIM,HST,AA,MHK,SWKS,NOV,GWW,PRGO,LH,AWK,CAG,DOV,HST,KMX,BEN,MRO,IQV,TAP,IQV,ULTA,MSCI,CBRE,ABMD,SNPS,NBL,CA,TXT,L,AJG,EXPE,SWKS,CAG,INCY,XYL,PFG,WAT,MAA,GPC,MAA,INCY,MAA,PAYC,CINF,FCX,FITB,VTR,OXY,EXPD,SYF,VTR,K,AKAM,EXPE,GRMN,DOV,COO,FE,HBAN,ESS,CZR,TRMB,VIAC,PPL,GWW,FANG,SBNY,HPE,MRO,HPE,CF,EPAM,CMS,MAA,VRSN,CNP,DOV,CHD,LUV,DRI,VTR,NDAQ,HOLX,LUV,CLX,MKC,CBOE,LH,VTR
WEC,TGNA,WPX,MKC,DGX,MAR,FLR,WU,SIAL,SPLS,BEAM,ADSK,ALTR,CCE,ALTR,HP,NDAQ,SIAL,ADS,WHR,NEM,TAP,XLNX,KEY,RHT,L,LH,BCR,KEY,KSS,FCX,MRO,HOT,LH,COL,CTXS,DVN,AME,NWL,MRO,MLM,SWKS,SYMC,RF,RF,L,HRS,WRK,TDG,HLT,NOV,CMS,EQT,AEE,AWK,BLL,ANDV,O,DHI,MGM,DHI,ETR,EVRG,WCG,MGM,BBY,ANSS,WDC,XYL,LEN,RF,DHI,DRI,INCY,HBAN,WCG,MKTX,LEN,PAYC,AKAM,DHI,PEAK,HIG,HES,HRL,XYL,MAS,ETSY,COO,OKE,DOV,CFG,TRMB,TTWO,ETSY,AEE,TDY,ULTA,CRL,TRMB,MKC,HBAN,GWW,GWW,LEN,SWK,DRE,K,CNP,IR,CHD,MOS,CHD,EPAM,TDY,VTR,SWKS,XYL,TDY,CLX,ARE,DRI,INVH,HWM,INVH,EXPE
KMX,URBN,PDCO,SIAL,NE,SIAL,RSG,SRCL,NYX,CTXS,PVH,ETR,RHT,WHR,LLTC,TXT,FSLR,KLAC,MAR,ESV,UAA,TSN,KSS,TIF,RF,LH,EQT,KEY,TSN,NEM,HOG,EFX,WFM,O,GWW,DVA,CMS,MAT,AME,AEE,XLNX,UHS,AAP,KIM,CHD,BEN,CTL,DGX,AEE,Q,ALGN,MLM,CTL,IQV,NBL,DGX,CBRE,RSG,ETR,XL,LNC,VRSN,BLL,MTD,CNP,ARE,CDNS,SYMC,RF,EVRG,SJM,DOV,BR,AKAM,ULTA,MGM,HBAN,FTNT,ULTA,RCL,STX,PAYC,NDAQ,HIG,TYL,PAYC,ABC,QRVO,OKE,HAL,ANET,PAYC,HES,HES,MTB,CHD,MKC,ESS,AEE,DTE,TYL,BBY,VFC,RJF,MPWR,CFG,WAT,DOV,PWR,HBAN,IR,TTWO,TDY,HOLX,CTRA,NTRS,STLD,COO,CTRA,WAB,HOLX,VRSN,HWM,ILMN,CBOE,FLT
WHR,WFM,UNS1,NE,NYX,FLR,SIAL,CA,BBY,MUR,NLSN,SIAL,NLSN,FLS,BCR,SIAL,EL,KSU,STZ,FLR,RRC,CFN,TIF,WEC,NTAP,CFN,BCR,DOV,XLNX,PNR,LRCX,KEY,HOG,XLNX,TSCO,HBI,MSI,NOV,CMS,KIM,PFG,COG,CMG,XEC,CMG,CMS,IVZ,HRS,VNO,NLSN,ABC,NBL,CMS,BEN,TSS,O,BFB,FTI,BHGE,LEN,WRK,MKC,WAT,MGM,HSIC,HST,RMD,SWKS,BHGE,CINF,IFF,EVRG,SWKS,LEN,FANG,CAH,MXIM,HBAN,EXPE,CFG,EXPD,MAA,GWW,ZBRA,VIAC,IP,GRMN,CTLT,URI,IR,MTB,TFX,KEY,MTB,IT,TTWO,COO,QRVO,BKR,TYL,GWW,CTLT,HPE,VRSN,RF,RF,TTWO,TDY,SEDG,VTR,TTWO,HPE,NTRS,VRSN,WST,CLX,TTWO,NDAQ,OMC,PPL,BR,COO,VRSN,EG,NDAQ,ARE
EXPD,BBY,BXP,NYX,CCE,FRX,WU,BBY,FRX,CNP,CA,DVA,DLTR,KSS,GGP,NI,JBL,TAP,BFB,TAP,GPS,TXT,TXT,TAP,AME,TXT,TXT,AMG,BBBY,TSCO,EFX,TSCO,CTXS,KMX,MHK,HST,COL,DVA,AAP,PFG,AEE,CPB,GWW,FAST,WHR,MLM,GWW,AEE,CNC,TXT,DHI,L,LB,NBL,FE,HSY,ETR,FAST,IQV,EMN,MSCI,DGX,ABC,BR,ANSS,CDNS,GWW,HES,TFX,PFG,WCG,L,EVRG,MAA,DRI,UDR,KSU,GPC,CXO,CXO,DFS,DRE,HRL,HRL,DAL,HRL,TYL,PEAK,NUE,URI,CAG,HIG,COO,LVS,QRVO,ETR,CHD,DLTR,IR,GRMN,PAYC,ULTA,VTR,DRE,NDAQ,CEG,AMCR,RJF,CF,CAH,CFG,INVH,TSN,TDY,ALGN,NDAQ,CNP,FICO,EXPD,BR,FITB,LUV,LH,IRM,NTAP,PPL
EQT,TT,GT,SLM,LNC,DGX,SRCL,RSG,KLAC,KMX,MAR,BEAM,WHR,SIAL,KSS,TSN,TE,CLX,RF,MAT,XLNX,KEY,UA,DOV,TXT,TSN,COG,TXT,DOV,COL,TXT,TSO,O,ETR,ETR,USD,RF,CMS,NOV,COL,GPN,AAP,FAST,EQT,WRK,KLAC,BBY,GWW,LLL,DISH,IDXX,BHGE,BLL,SJM,IVZ,TDG,TSS,GWW,AEE,MLM,VMC,ULTA,ETR,MSCI,SNPS,MGM,SYMC,K,DHI,CAH,EXR,MGM,IFF,MGM,DOV,CNP,GPC,EXPE,DGX,LDOS,NUE,NUE,MAA,GWW,EXPD,HAL,CTLT,NUE,VAR,FE,OXY,ALB,XYL,XYL,RCL,KEY,TER,STE,STE,IR,ULTA,GNRC,VRSN,COO,KEY,BBY,GPC,NDAQ,RF,MAA,BR,XYL,AES,NTRS,WAT,CINF,XYL,STE,RJF,NVR,PODD,LH,FE,CNP,DRI,INVH
PRGO,SEE,GHC,SRCL,SRCL,WU,LUV,CCE,JNPR,CA,RL,PVH,CCE,CLX,CLX,KSU,APTV,BBBY,NLSN,AMG,WHR,RRC,CFN,AMG,DOV,EQT,L,SLG,ADSK,EMN,KSS,LRCX,SNDK,LRCX,NWL,TXT,ADSK,RSG,EXR,AAP,KIM,CMG,BLL,MSI,KIM,MHK,TDG,MHK,L,CAG,CMA,FAST,CBOE,EFX,CTAS,HST,XL,AEE,DGX,WYNN,ETR,MTD,DGX,VMC,PCG,SYMC,HST,COO,WDC,HBAN,IT,IT,CNP,SYMC,XTSLA,HBAN,IFF,KSU,RF,STE,IFF,HES,IP,TIF,ANET,DRE,NVR,KMX,ESS,TSCO,INCY,ULTA,HAL,TFX,WAT,STE,ETR,FE,CLX,VRSN,DTE,TYL,NDAQ,TDY,HBAN,DOV,MPWR,CINF,CMS,K,MOS,CNP,MOH,CMS,EPAM,WAB,NDAQ,DRI,COO,TDY,COO,MOH,IRM,INVH,GPC,NDAQ
KEY,A,CCL,RHT,BWA,SRCL,MAR,COL,DVA,SIAL,KLAC,MAR,LLTC,BCR,CCE,SLM,X,JNPR,ES,LRCX,ESS,CHK,USD,TSN,PNR,TAP,KEY,LRCX,AMG,LH,CTXS,NVDA,HSIC,SIG,KMX,WHR,MHK,WMB,HRL,HBI,EXR,FOX,TSCO,WRK,FAST,WRK,AAP,VRSK,ADS,L,WHR,TDG,ABC,ALB,GGP,L,RMD,HST,LNC,DHI,EMN,CBRE,VMC,SNPS,DRI,CE,VMC,DRI,LEN,DRI,XYL,HBAN,WAT,CE,GPC,COO,WDC,WAT,CTXS,INCY,BR,JKHY,WDC,WDC,IP,HIG,PXD,PKI,CAH,CCL,TSCO,XYL,FE,ALB,GWW,ANET,TSCO,KMX,CHD,CHD,CERN,TRMB,ABC,ULTA,RJF,SYF,EXPE,HOLX,AMCR,DOV,CMS,MAA,HOLX,STE,LVS,STE,LVS,OMC,LVS,VTR,LVS,HOLX,IFF,VTR,TDY,DRI
CNP,LEG,AN,FLR,DPS,NE,WEC,MAR,CCE,CCE,DVA,FLS,CA,CTXS,KSU,KSS,PDCO,ESS,LNC,RHT,EA,SWN,KEY,MAC,L,KEY,SRCL,XRX,EFX,SNDK,EXPE,EXPE,FCX,CF,AAP,TSCO,NEM,AAP,MKC,AME,COL,FRT,DGX,CMG,FOX,GWW,KLAC,TDG,WFM,XRAY,VNO,VRSK,L,CBOE,SJM,BFB,NOV,XL,ULTA,PFG,DGX,WAT,SNPS,AJG,SYMC,XYL,HES,CMA,HST,HCP,TFX,DXC,ANET,CNP,KMX,EXR,EVRG,MAA,CAH,CCL,GWW,ULTA,MAS,MTB,TIF,ABC,FMC,ABC,HIG,INCY,FE,NUE,HOLX,EXR,HAL,USD,EIX,VTR,MKC,AEE,AEE,XYL,CLX,NDAQ,FLT,PKI,WDC,CLX,PKI,AMCR,DOV,CHD,MAA,CAG,CNP,MKC,COO,HPE,CNP,CTRA,EXPD,PPL,DRI,IFF,EXPE,GRMN
ADSK,NUE,TT,LNC,WEC,CA,AVP,RHT,RL,MAR,CCE,CA,KLAC,RHT,ADSK,WEC,IGT,DPS,RIG,KMX,AMG,COL,RHT,TXT,TSN,NTAP,TAP,LH,L,QRVO,VMC,HSIC,MSI,SLG,MRO,WFM,WHR,CTXS,CPB,EMN,CMS,XLNX,NOV,ADS,COG,IVZ,MHK,AAP,VRSK,CNP,ULTA,EMN,MAS,EQT,L,ETR,EFX,DOV,LEN,MKC,BHGE,XL,CHD,IT,HCP,MRO,DRI,LEN,EXPE,COO,EXPE,IFF,KMX,XYL,MGM,AKAM,FTNT,FANG,AKAM,UAL,DGX,ZBRA,FCX,MAS,NVR,ESS,NDAQ,TIF,CTLT,STE,KEY,VTRS,MKTX,CFG,EXR,NDAQ,CRL,CLX,RF,DRE,FE,DGX,VIAC,MPWR,CINF,HBAN,SWK,ALGN,DOV,MRO,PFG,CLX,INVH,K,MKC,MAA,WAT,CMS,ARE,LVS,NVR,ARE,FSLR,NDAQ,GRMN,ALGN
BWA,AIV,FSLR,KEY,KLAC,WEC,DVA,TDC,SRCL,GPS,SIAL,BBY,COL,TXT,NI,DPS,GHC,KMX,SWK,CTXS,ALTR,WEC,ALTR,SPLS,AMG,AMG,MAC,HOG,XRX,AMG,SRCL,XL,XL,AA,TXT,SLG,TSO,MKC,MAT,CMS,HST,BLKFDS,IVZ,AYI,BLKFDS,HBAN,TXT,RHT,FTI,ULTA,L,SNPS,IDXX,GPC,DGX,ANSS,SJM,MTD,XL,CAG,XL,ABC,LNC,CNP,COO,DHI,MRO,GWW,DVN,HST,HST,CNP,XYL,DGX,DGX,BR,WAT,CE,XYL,EXR,GRMN,NDAQ,NLOK,EVRG,PAYC,NUE,PKI,DRE,ULTA,ULTA,TRMB,HES,RCL,CTLT,ALB,FE,DPZ,IR,COO,FE,HES,KEY,ETSY,GNRC,COO,GPC,EPAM,ESS,MOH,CFG,STE,WAT,K,WAB,WAB,OMC,NTRS,CAG,LUV,COO,VTR,IRM,PPL,PTC,PTC,BAX
PFG,OI,MAT,XL,RHT,DPS,CA,JNPR,FMC,PVH,ALTR,SJM,KSS,COL,SIAL,MUR,VNO,EA,PFG,KSS,XEC,RHT,COL,KLAC,COL,COH,SJM,TAP,VMC,HSIC,EQT,SJM,XLNX,TXT,FAST,CHD,FRT,COH,RSG,RSG,RSG,EXR,RCL,AEE,AEE,HST,PRGO,IVZ,CHD,ALB,HCP,EFX,FOX,L,MLM,GWW,TAP,L,TSS,TSS,CAG,CTXS,TPR,TXT,HES,ANSS,DHI,MRO,MRO,L,PFG,MLM,WCG,KMX,XYL,FCX,DRI,EVRG,HES,UDR,NLOK,OKE,VTR,DRE,COO,ABMD,CHRW,WAT,INCY,MTB,CTXS,DRI,CAG,RCL,COO,ALB,FE,HOLX,CCL,TTWO,PKI,MPWR,TDY,ETSY,IR,SWKS,SYF,CFG,RJF,ALGN,AMCR,DRI,EXPD,MAA,MAA,XYL,WAB,WAB,RCL,OMC,CLX,FSLR,HOLX,J,IRM,WAT
FRX,THC1,AMD,AA,WU,LUV,RHT,NE,CA,RL,JNPR,GGP,TSN,TRIP,TXT,ADSK,RAI,DLTR,HOG,CLX,RIG,KSS,AKAM,MNK,KIM,COG,AMG,TSCO,HSIC,MHK,EMN,SNDK,KEY,XL,SLG,AAP,HOT,WFM,KLAC,EQT,AYI,ADS,RSG,RSG,GPN,LNC,L,KLAC,COH,VNO,GGP,GPC,EFX,MLM,FTI,EFX,ABC,EXPE,MLM,EQT,LEN,VMC,GPC,DRI,LNC,WCG,L,DVN,DOV,DOV,K,WCG,AKAM,HBAN,BR,KSU,BKR,CAH,HOLX,VIAC,ANET,OMC,EXPD,BXP,FMC,GPC,IEX,POOL,KMX,DGX,GWW,DOV,CFG,DRI,TDY,COO,HBAN,ANET,CFG,VTR,EXPD,BR,WAT,PPL,CMS,WAT,DOV,HPE,HBAN,WAT,HOLX,CAG,AMCR,VTR,TSN,WAT,FITB,EXPD,BR,EXPD,LH,WBA,J,FLT,BAX,GPC
WU,VFC,WFM,LUK,FRX,LH,KLAC,WEC,PVH,SRCL,AA,KLAC,SJM,LLTC,DLTR,CTXS,LUV,MUR,OKE,HP,TIF,AMG,KLAC,EQT,EQT,TSCO,HSIC,FAST,TSCO,BBBY,XL,NWL,LH,STX,VRSK,KEY,MAC,GMCR,UHS,COH,KLAC,DGX,MAS,RCL,DGX,EQT,ETR,HSIC,DOV,TDG,CMS,NOV,GPC,MAS,ETFC,GPC,XYL,BLL,MTD,ABC,ANSS,PFG,DHI,CTXS,ETFC,HSIC,CTXS,CE,IT,IT,MLM,KMX,NTAP,PFG,UDR,WAT,CXO,GWW,EXR,CAG,NDAQ,NLOK,GRMN,MAA,MTB,FMC,BFB,CTXS,DPZ,PEAK,RF,FE,DRI,GWW,TRMB,MAA,CTLT,EXPE,EXPD,TDY,GRMN,CLX,RJF,WAT,CTLT,NDAQ,CINF,IR,BR,CLX,VRSN,NTRS,VRSN,PKI,INVH,LVS,RJF,LUV,FITB,FLT,RF,HWM,FITB,MRO,VTR,CTRA
LLTC,AVY,CAG,BWA,XL,MKC,NE,DGX,SPLS,FMC,SPLS,LLTC,-,AKAM,MUR,DLTR,PRGO,CCE,PAYX,XLNX,EW,UAA,BBY,XLNX,KEY,DOV,TSCO,EFX,LH,HOG,NWL,FCX,SIG,COL,XL,MSI,RSG,MAC,COH,MU,LLTC,KLAC,FRT,MAS,RSG,DGX,WHR,VIAB,TXT,WHR,EMN,VNO,TDG,FTI,EMN,RMD,HSY,IQV,CBRE,FTI,MKC,TPR,MGM,L,SIVB,HRL,ABC,PFG,WCG,IFF,KMX,WDC,K,CAG,TTWO,MKTX,IT,NLOK,NUE,RF,J,STE,SJM,IFF,JKHY,TYL,CAH,MAS,PEAK,KEY,WAT,AES,UAL,WAT,ULTA,TDY,BR,PKI,ENPH,BKR,CFG,RF,COO,MOS,MRO,CINF,PKI,RF,MOS,BALL,PAYC,BR,VTR,AMCR,XYL,VRSN,INVH,K,VTR,FSLR,CNP,PHM,VTR,FDS,STLD,LH
LH,RAI,VFC,PVH,TIF,KLAC,CCE,LUV,NI,DVA,ADSK,CCE,BCR,NI,FLS,CCE,WDC,LLTC,HSY,BCR,AKAM,TIF,SWN,BBY,SRCL,COL,MHK,TSN,UHS,EFX,ADSK,SIG,COL,MAC,MSI,M,KLAC,KLAC,HBI,CPB,AAP,WAT,CNC,SLG,CMS,WHR,LLL,KMX,WHR,EMN,FAST,CBOE,SNPS,FE,RMD,WYNN,BLL,TSS,FTI,FAST,FTI,GPC,XYL,ARE,L,SWKS,CMG,BHGE,CAG,MYL,HBAN,LEN,L,WCG,CAH,FANG,TIF,DGX,DRI,LW,UDR,ATO,NUE,FMC,STE,SJM,HRL,HIG,FMC,CTXS,BR,RCL,CZR,CMS,NDAQ,DRI,TYL,HPE,VRSN,EXPD,CLX,BKR,EXPD,TER,CNP,MOH,IR,URI,ESS,HPE,VTR,AMCR,CLX,TSN,CMS,INVH,CAG,WAT,WAB,BALL,PHM,LVS,EXPD,STLD,EXPD,TRGP
KIM,PKI,NUE,NRG,LH,AVP,TDC,TIF,MAR,AA,SRCL,RHT,FLS,CA,COL,KLAC,BXP,TIF,FE,TIF,URI,AKAM,AMG,UA,TSCO,SJM,GPS,MAC,TAP,FAST,SLG,CCE,SLG,MOS,XEC,WAT,HST,LLTC,CFG,GPN,AME,COH,COH,MKC,LLL,FAST,HSIC,OKE,NBL,ADS,HSIC,DGX,COG,IDXX,ETR,XYL,AEE,DGX,CTXS,BHGE,GPC,BLL,IT,LNC,APA,TTWO,PFG,MYL,GWW,DVN,DOV,ANET,EXR,DOV,HAS,BKR,AKAM,MKTX,WAT,HOLX,LEN,VTR,WAT,STE,MAA,IEX,DRE,SYF,CTXS,EXPD,PKI,AEE,IR,STX,STX,ESS,TTWO,DPZ,TDY,POOL,ETR,COO,ULTA,VFC,BBY,AKAM,TDY,MOS,ZBRA,PFG,WAT,AES,SYF,DGX,MPWR,MOS,CMS,FITB,FLT,CNP,VRSN,EXPD,FDS,BAX,CLX,WBA
FMC,AMP,A,KLAC,OKE,RHT,COL,SPLS,NE,NI,FLS,RL,GPS,KLAC,DPS,BCR,STJ,SJM,DTE,CCE,BCR,SRCL,OKE,EMN,GPS,MAC,PNR,HSIC,SLG,L,XRX,CTXS,NWL,NWL,UHS,STX,GMCR,KORS,WDC,XLNX,MKC,XEC,MCHP,CMS,AYI,M,DGX,COL,GGP,KMX,VRSK,COG,URI,NOV,XRAY,NOV,MRO,CBRE,EFX,MHK,CTXS,MGM,CTXS,GWW,WDC,CINF,EFX,XYL,L,WYNN,CAG,CAH,GPC,UDR,FCX,PFG,PFG,ULTA,TTWO,NVR,FMC,WAT,ANET,VIAC,ABMD,STE,GPC,NDAQ,CE,NUE,AES,ETR,AMCR,NDAQ,GPC,CFG,PKI,CHD,RCL,ETR,WAT,KMX,NTAP,CTRA,TER,RJF,HOLX,EPAM,HPE,ESS,MPWR,SYF,WAB,WST,BALL,EPAM,VTR,NVR,K,HWM,CCL,FITB,CNP,BRO,CNP,AEE
NYX,BMS,XEL,CA,TDC,CCE,NI,KLAC,STZ,FLS,CNP,KMX,CTXS,KMX,GPS,NRG,HCN,CNP,ETR,TSN,RHT,ALTR,RL,ALTR,AEE,TSO,COH,NVDA,PNR,XLNX,FAST,TAP,FAST,FAST,KEY,KIM,L,FRT,WMB,CCE,WAT,LLL,CFG,DGX,HST,WAT,EQT,PRGO,CMS,CHD,MLM,CTAS,CTAS,BHGE,GWW,GGP,HST,RMD,ANSS,LNC,ULTA,CAG,HSY,HCP,EXPD,IT,WDC,CTXS,SJM,SJM,MAA,DGX,CAG,CBOE,CXO,IT,NTAP,PFG,LNT,CBOE,FITB,EXPD,FMC,GPC,LNT,LNT,EXR,HRL,KEY,VAR,CMS,IR,EXPD,PAYC,LVS,HPE,WDC,POOL,NTAP,BR,BBWI,NTAP,TYL,FLT,MOH,J,IP,HBAN,K,TDY,TDY,STE,DRI,CLX,DRI,CNP,FICO,TSN,NVR,FITB,HWM,NDAQ,PTC,EXPD,AKAM,FE
JWN,PH,AVB,WHR,LUK,WHR,CHRW,DPS,CHRW,DPS,FMC,SPLS,KMX,TSN,CTXS,CNP,AZO,LRCX,CF,DLTR,COL,SJM,FTI,GPS,COG,WYNN,TSO,MSI,SRCL,XL,AMG,XLNX,MOS,BF.B,LLTC,KMX,NWL,PFG,FRT,MLM,LNC,RCL,SLG,GPN,STX,KIM,COL,LLL,CTL,VRSK,EFX,CNP,VNO,WYNN,MAS,CTXS,HES,NKTR,URI,BR,BFB,NBL,BHGE,ETFC,ARE,ABC,TXT,MGM,HBAN,MLM,ANET,EXR,CE,FCX,ATO,DRI,WAB,HOLX,IT,IFF,IEX,GWW,DRE,MLM,IFF,EXR,MAA,LNT,ABC,ANET,VAR,AMCR,CTLT,ESS,TFX,RF,PAYC,BR,ETR,FLT,NTAP,GRMN,FLT,DRI,AKAM,KEY,EXPD,BR,TDY,VRSN,CLX,WST,CAG,INVH,TTWO,SWKS,CINF,MAA,MAA,ARE,BALL,IFF,BRO,BG,FLT,CCL
NI,MOLX,RAI,DGX,MKC,CHRW,DPS,CHRW,DGX,LLTC,LLTC,ALTR,SRCL,NVDA,WEC,ESS,K,BCR,BBBY,ALTR,HP,CTXS,WEC,COL,SPLS,WEC,JWN,SRCL,MHK,ADSK,TAP,L,CF,MSI,WAT,UHS,PFG,XL,MU,KLAC,MCHP,LLTC,MKC,CNC,MKC,MRO,STX,CPB,HLT,FAST,DGX,MAS,DGX,CTAS,BEN,AEE,DGX,ANSS,TIF,TTWO,WYNN,LNC,TIF,DGX,AAP,EXR,SWKS,TFX,CINF,CE,DXC,HST,HAS,ALGN,SWKS,XYL,DGX,KMX,TIF,GRMN,OXY,KMX,EXR,NUE,PKI,TIF,NUE,MAA,EXPD,K,STE,WAT,BR,PEAK,CE,AKAM,PEAK,NTAP,ULTA,GWW,BR,TDY,PEAK,PARA,CFG,PARA,KEY,MPWR,CFG,PAYC,CAG,HOLX,STE,IEX,CAG,CAG,MAA,STLD,RF,MAA,FLT,CNP,BG,MKC,EG,COO
XL,NDAQ,COG,SPLS,JNPR,NI,TIF,NI,LLTC,WEC,NI,BCR,CNP,HP,SLM,LLTC,ZBH,ALTR,L,UAA,LLTC,CNP,MAC,AKAM,HSP,LLTC,KSU,PNR,SJM,SRCL,L,COL,MRO,UHS,BF.B,MAC,COH,CFG,USD,MKC,XEC,COL,LLL,MLM,CNC,GPN,AEE,CMA,ALB,DHI,HES,ABC,ETFC,BFB,SNPS,IVZ,EXPE,MSCI,GPC,TPR,TIF,DRI,L,CBRE,XYL,KEYS,DOV,SIVB,IFF,MRO,MGM,XRAY,DOV,HOLX,HOLX,STX,CTL,TIF,ATO,NUE,KEY,MLM,HPE,QRVO,GPC,BFB,ZBRA,ESS,ANET,PKI,HPE,BKR,PAYC,BR,ESS,ULTA,AKAM,DRI,DRI,COO,BKR,HAL,POOL,TTWO,HOLX,HOLX,CTLT,MOH,VRSN,PKI,XYL,WAB,MOS,DRI,MOH,BALL,IEX,MOH,SWKS,UAL,TRGP,VTR,MRO,HOLX,FDS,CBOE
CA,XEL,CAH,ADSK,CHRW,JWN,LLTC,DVA,AKAM,NE,TRIP,GPS,TXT,SJM,KMX,COL,STX,AKAM,PGR,TRIP,FLR,URI,RRC,RL,JWN,SRCL,DOV,XLNX,MAC,DOV,BWA,SEE,TXT,XEC,L,KLAC,UHS,L,EQT,DGX,MRO,PFG,FOX,HRS,DOV,HRS,AKAM,DOV,CMA,COO,CNP,HSIC,EMN,VNO,NOV,XRAY,L,EFX,ABC,CTXS,CA,ANET,CBRE,HSIC,PFG,EXPD,CE,DHI,MGM,FOXA,DGX,CE,TTWO,GPC,L,GWW,EXPE,NTAP,BKR,MGM,ULTA,FMC,BXP,LDOS,XYL,SYF,IFF,NVR,RF,CAH,HAL,GWW,WAT,EXPD,CAG,TFX,HOLX,TER,PKI,TECH,DPZ,VTR,TER,CINF,GNRC,IP,ESS,CAG,HOLX,EXPD,ESS,PKI,CMS,MRO,AES,SEDG,RF,RJF,CMS,STLD,SWKS,PFG,CF,FITB,HOLX,HBAN
FFIV,DNB,PGR,AEE,CA,XL,MKC,FMC,WEC,CHRW,DPS,TXT,MUR,DPS,AKAM,GPS,CCL,WHR,RRC,JNPR,CNP,MAT,LLTC,AEE,LLTC,MHK,FAST,EMN,LLTC,CTXS,O,EMN,L,JNPR,CBG,HRS,MKC,EXR,XL,COG,DGX,CINF,UHS,AAP,M,MKC,OKE,CMS,ALGN,SJM,FTI,FMC,SJM,ETFC,AEE,ANDV,CHRW,NWL,L,ULTA,VRSN,WRK,CMS,COO,SWKS,CHRW,XYL,DOV,EXPD,INCY,XRAY,MAA,DGX,ULTA,SYMC,ULTA,STX,XYL,UDR,ABC,VTR,TSCO,HES,EXPD,WAT,MAA,ESS,FMC,BFB,ALB,LVS,ESS,AES,AES,BR,BR,POOL,TYL,FE,CFG,TDY,TECH,IP,POOL,WAT,IR,RJF,KEY,EXPD,AES,DRI,PAYC,KEY,SJM,BR,TSN,BR,PFG,TYL,SWKS,TDY,ENPH,NDAQ,PHM,BALL,EXPD
LUV,TE,CERN,TIF,AA,MNST,KIM,LLTC,ADSK,JNPR,COL,NI,SLM,SLM,NRG,ALTR,DISCA,GPS,GPC,NVDA,MAT,LLL,SRCL,JWN,EMN,NVDA,LLTC,KSU,WU,TAP,COL,TXT,MAC,VRSK,STX,L,SRCL,NWL,SRCL,LLTC,MSI,L,RF,PNR,IFF,COL,CMG,BBY,GPC,MAA,TDG,NLSN,CBG,DGX,BHGE,CHRW,IVZ,CTXS,EXPD,CMS,CHD,LEN,CA,CDNS,CHRW,NRG,CMA,LNC,FOXA,AAL,CAH,SYMC,HOLX,SWKS,KSU,DGX,BR,BR,GRMN,WAT,ZBRA,GRMN,STX,HPE,EXR,SIVB,HIG,CE,MTB,AES,PEAK,CTXS,CAH,MKTX,KMX,GWW,MPWR,KEY,BR,ULTA,TTWO,DPZ,ENPH,CMS,RCL,AMCR,J,EXPD,MRO,HOLX,HPE,KEY,BALL,CF,IEX,DRI,K,BR,SEDG,PHM,PFG,BRO,EG,ATO,BRO,FSLR
MKC,JBL,FAST,FRX,NVDA,KIM,DGX,MKC,COL,COL,TIF,TIF,PVH,MUR,PVH,PVH,BSX,TXT,CAG,AKAM,NRG,FLR,CTXS,SRCL,SJM,FAST,TSN,SJM,NVDA,VMC,SEE,BBY,LRCX,KIM,EMN,HRL,LLTC,CCE,WAT,L,PNR,GPN,KLAC,LNC,HRS,UHS,CINF,CHD,FAST,GPC,MAS,GGP,MLM,EMN,ANSS,APA,GPC,TAP,SNPS,GPC,XYL,HSY,ANET,KSS,MOS,PFG,EXR,EFX,HOLX,LNC,FOXA,TSCO,CAH,CAH,INCY,TTWO,CAG,TTWO,IFF,LNT,BFB,ANET,ATO,ATO,WDC,WAT,TER,CAH,MAA,RF,CAH,CAG,CMS,ULTA,AKAM,CRL,DRI,DRE,MTB,CLX,CZR,WDC,XYL,OMC,PWR,CLX,NDAQ,FLT,J,XYL,MRO,DGX,IEX,EXPD,AMCR,TTWO,BALL,TRGP,ATO,TYL,PAYC,RF,CBOE,CMS,TYL,NTAP
COL,FAST,PH,LH,KIM,TIF,JWN,LH,DPS,WU,NEBLQ,FMC,LLL,KSU,FMC,NVDA,CMG,CNX,PNR,CNP,LLL,MNKKQ,JWN,CHRW,LLL,JWN,LRCX,NTAP,EMN,NWL,BBBY,MAC,BF.B,AKAM,KIM,RSG,HES,WDC,PFG,WRK,COG,MCHP,MRO,LLL,L,COTY,CHD,AKAM,NOV,SNPS,COG,HCP,ULTA,CMS,CBG,MAS,ANSS,MHK,CMS,TIF,CMS,CMS,DRI,CBOE,WCG,LEN,TFX,CINF,ABMD,EXPD,AKAM,ABC,ABC,L,CBS,CXO,NLOK,GRMN,CBOE,ATO,PAYC,LNT,QRVO,SJM,ATO,MTB,IR,MTB,PKI,ESS,ULTA,CE,GWW,AMCR,UAL,POOL,DRE,DGX,ANET,MKC,HAL,TTWO,GRMN,RCL,CEG,COO,ZBRA,J,CLX,KEY,BALL,IEX,DGX,TRGP,CLX,CMS,EXPD,RF,CAG,CCL,CMS,IEX,STLD,CINF,ARE,ENPH
TXT,UNS1,SNDK,NVDA,PVH,ADT,XL,ADT,BCR,EXPD,WYND,COL,WEC,PVH,CNP,FMC,MOS,COL,NEM,LLTC,MNKKQ,GPS,URI,FTI,CHRW,ALTR,WEC,VMC,XL,XRX,MSI,ADSK,AEE,CCE,CF,DHI,CPB,UHS,EMN,EXR,COH,AYI,PNR,COG,MLM,TXT,DOV,CINF,VIAB,FTI,CTAS,MRO,NBL,COG,BFB,EXPE,GGP,CMS,AKAM,DRI,HSY,CHD,LEN,ANSS,CMA,AAP,SIVB,TXT,EXR,MGM,UDR,K,LEN,HAS,GWW,GRMN,GRMN,WAB,PFG,GPC,TSCO,MAS,PEAK,LNT,HES,CHRW,SJM,OKE,WAT,DRI,ESS,BR,EXR,IR,DRI,MTB,KEY,AMCR,HAL,PKI,HOLX,HPE,GPC,CZR,GRMN,K,TER,VRSN,SWKS,CAG,PKI,CMS,ABMD,OMC,CINF,K,EPAM,BALL,BALL,MOH,UAL,BG,PHM,LVS,ATO,VRSN
SRCL,CAG,RRC,COL,ADT,NRG,FMC,BCR,EXPD,TRIP,WEC,SRCL,DPS,FMC,LLL,CNX,KORS,WEC,GGP,SJM,TRIP,JWN,CHRW,LLTC,CMS,WYN,VMC,RCL,HOG,SLG,MAC,BBBY,CCE,CBG,MOS,AEE,WFM,DVN,LLTC,PNR,MAS,SCG,AYI,KMX,MAS,BBY,CMS,HOLX,HOLX,GGP,MKC,CDNS,CNP,BLL,HES,MLM,MLM,XYL,SYMC,VRSN,TPR,KMX,CNP,WDC,CDNS,BR,TAP,ABC,PFG,BR,TTWO,SWKS,MAA,ABC,ALGN,TIF,GWW,EXR,HBAN,HBAN,CBOE,IEX,BFB,SYF,VAR,EXPE,DRI,GPC,IEX,CE,ABMD,EXR,ESS,CAG,J,TYL,GWW,WDC,TECH,NTAP,MTB,HES,BR,AMCR,NTAP,PEAK,CLX,MRO,TRMB,FLT,ALGN,CINF,CINF,STLD,KEY,TRGP,PFG,SWKS,GRMN,K,IRM,SWKS,TYL,CF,FSLR,BALL
LNC,AIZ,HSY,AES,NI,COL,LH,XL,RSG,NRG,RSG,CNP,HP,TIF,SJM,FLS,HST,RHT,ADSK,TXT,KMX,KIM,GPS,PLL,AKAM,EFX,EFX,XL,FAST,EXPE,WAT,XRX,MLM,BBY,JNPR,GMCR,BF.B,CHRW,CHRW,FRT,CPB,AME,GPN,CINF,CINF,MAT,EMN,EQT,KMX,CMA,DISH,SJM,BHGE,TSS,TPR,BEN,MKC,CHRW,TTWO,CHD,BLL,BFB,URI,LEN,DHI,DGX,APA,L,VAR,FTNT,CE,AKAM,SYMC,ATO,IFF,ANET,UDR,ZBRA,BR,J,FCX,STX,IEX,IEX,BXP,PKI,ULTA,AES,NDAQ,KMX,NVR,STX,TYL,GPC,ANET,GPC,HPE,TECH,HOLX,PEAK,HPE,CZR,TTWO,CTLT,SBNY,RCL,SWKS,SWK,KEY,SYF,AES,FDS,BBY,COO,K,IEX,SJM,ATO,HWM,PFG,ATO,J,ENPH,AKAM,CMS,AXON
WAT,DF,SWN,JNPR,MAC,LLTC,MNST,AVP,WAT,MKC,PLL,DPS,FMC,LLL,TRIP,SJM,ADI,LLL,FAST,MUR,DISCK,AEE,NVDA,LLL,WYN,XLNX,DGX,WEC,MSI,SEE,KSU,FAST,KIM,EMN,AEE,CCE,WAT,BF.B,XRX,WAT,EMN,RF,COG,AME,MTD,MTD,CMA,STX,CNP,COG,CBOE,FTI,LEN,TDG,BLL,SNPS,FTI,SJM,GGP,ARE,GGP,EMN,ETFC,SIVB,DOV,INCY,IT,IT,APA,CPRT,LNC,SJM,FOXA,WAB,ANET,ATO,CTXS,AKAM,LW,MKTX,MAS,KEY,MLM,KEY,LDOS,IFF,LNT,EXPE,ALB,HPE,CFG,VAR,ULTA,ENPH,ENPH,NTAP,TFX,RF,QRVO,IP,VIAC,PAYC,VTRS,NTAP,VFC,TER,K,PFG,GNRC,FDS,FDS,SJM,PKI,CINF,SWKS,SIVB,TER,SJM,TER,CMS,MOH,BALL,AKAM,GRMN,WAT,VLTO
AEE,PDCO,APTV,LLTC,COL,WAT,ADT,NVDA,TDC,DGX,TXT,WYND,RL,CNP,RHT,AEE,ED,NVDA,XEC,RSG,WYND,LLTC,LLL,TSCO,TSO,GPS,KIM,LLTC,WAT,MSI,CCE,MLM,KSU,WFM,CCE,SRCL,LNC,WAT,CCE,MAT,L,MAC,XEC,MAT,AME,CNC,UHS,MAA,MAS,MAS,SNPS,TSS,NOV,CBG,CTXS,MKC,CBOE,GPC,BLL,HSY,ABC,CA,EMN,PFG,DVN,EFX,DVN,IFF,AAL,TFX,ABC,EXPD,GWW,KSU,WCG,MAS,XYL,STX,MKTX,ODFL,GPC,EXR,GPC,EXR,NUE,ULTA,CE,IR,HAL,WAT,IR,IT,ABC,STE,AMCR,IR,HAL,PEAK,TYL,RCL,J,CFG,AMCR,CF,BR,VRSN,WAB,ATO,WAB,NTAP,KEY,EXPD,FDS,BBY,EXPE,KEY,TSN,CINF,MOH,TRGP,HBAN,STLD,WAT,TYL,PFG,RF
FLS,ADI,FTI,JWN,JWN,OKE,AEE,WAT,NVDA,LH,CHRW,AES,TSCO,MNST,AEE,SRCL,MCO,TSN,KSU,EW,SJM,CHRW,MAT,WYN,PLL,BBY,NTAP,XEC,TSO,TSO,PNR,O,HRB,LLTC,RSG,DGX,CCE,RF,MAS,SLG,MAT,DOV,MAT,FRT,UHS,EMN,KMX,AME,DHI,CTXS,CHD,CTXS,WYNN,LEN,EQT,FTI,SIVB,HSY,MHK,KMX,BR,BHGE,COO,DHI,TTWO,ETFC,LNC,EXPD,CE,SIVB,TSCO,CAG,LNC,STX,IT,NTAP,ULTA,IFF,DRE,TTWO,NTAP,CXO,XYL,XYL,MLM,URI,EXPE,PXD,EXR,CFG,NDAQ,MPWR,PEAK,CE,IR,CTLT,GPC,CCL,HPE,MTB,VTR,MTB,CMS,EXPD,PEAK,FMC,PFG,COO,FLT,MTCH,EQT,BALL,TRGP,KEY,SIVB,AMCR,AMCR,PKI,LW,TER,TER,MAA,CINF,COO,COO,SWKS
TIF,GME,IVZ,TDC,LLTC,MAC,NRG,NRG,AVP,RSG,LLL,WU,WYND,WEC,CA,LLL,SWN,KSS,MAT,COL,TXT,RIG,TSCO,PVH,DGX,EMN,XLNX,SWN,WEC,WAT,SJM,XEC,JWN,AEE,DHI,LLTC,SLG,TSO,CNC,CNC,CHRW,SLG,KMX,DOV,AAP,CINF,CPB,SLG,EMN,COH,MAA,RMD,UNM,ULTA,WYNN,CBOE,CMS,MKC,NKTR,BFB,L,IT,WRK,AKAM,LEN,CBOE,CINF,FTNT,MLM,EXR,SYMC,FOXA,EXPD,LDOS,WAB,CAG,HOLX,CTXS,MAS,WAB,HOLX,GPC,LNT,BFB,HAL,NLOK,TIF,RF,HPE,DPZ,ABC,NVR,ALB,MAA,VTRS,RCL,IR,HES,PEAK,HPE,AKAM,GPC,AKAM,HOLX,TYL,MPWR,BBY,IP,XYL,WAB,IEX,VTR,BR,BALL,BBY,EXPD,PKI,AMCR,UAL,NDAQ,K,ATO,LUV,HUBB,BG,FDS
WYND,CVC,DOV,WU,FMC,AA,WAT,EXPD,LH,PLL,DGX,NEBLQ,AES,TSCO,NVDA,KMX,CERN,AES,KEY,FLS,CCE,NRG,NRG,MAT,COH,LLL,BBY,MHK,DGX,LLTC,COG,SLG,ADSK,KLAC,MLM,XRX,AA,HRS,COG,TXT,KEY,IVZ,MAC,L,COL,LLL,AYI,ALK,HES,FMC,SJM,WHR,ANSS,SNPS,WHR,NWL,MAS,AJG,XYL,GGP,SNPS,XYL,AJG,EFX,VNO,ANET,BHGE,WCG,UDR,NBL,CBOE,LNC,TSCO,IEX,STX,CTXS,TTWO,IT,GPC,FMC,NI,QRVO,OMC,OMC,BFB,JKHY,ABMD,IEX,FE,NDAQ,DRI,UAL,CE,AKAM,MAA,DPZ,ULTA,TTWO,DRE,GPC,COO,PEAK,SBNY,CLX,WAB,GRMN,CE,DGX,ATO,J,WAB,EQT,WST,BR,OMC,CF,SEDG,SEDG,PFG,ATO,MAA,WAT,PFG,WBA,VLTO,LVS
BCR,PGR,ROP,PCL,ADSK,AEE,BCR,STZ,NRG,LLL,WU,LLL,MNST,AEE,TSCO,CA,AA,CTXS,AME,NRG,RL,TSCO,CHK,OKE,BBY,VMC,WYN,CTXS,XEC,SJM,XLNX,JWN,RSG,RSG,MAC,BF.B,KSS,SRCL,UDR,LNC,LLL,MAT,CPB,TSCO,LNC,CPB,AME,EMN,CTXS,CTAS,FMC,HES,CTXS,FMC,ARE,AJG,ARE,GGP,HSY,VNO,KMX,CHRW,CHRW,CHRW,CINF,TXT,VNO,APA,CTXS,AKAM,EXPD,HOLX,BHGE,GWW,NVR,IFF,EXR,UDR,NVR,GWW,VAR,J,CBOE,HAL,CHRW,BXP,JKHY,KEY,TIF,IEX,MAA,NDAQ,NDAQ,ABC,CINF,PAYC,DGX,GWW,TER,DRI,GPC,ABC,CTRA,BXP,BXP,WAB,BR,ZBRA,SYF,ZBRA,SJM,TRGP,ATO,ATO,MRO,MOH,NVR,HWM,CINF,RF,CINF,CINF,GRMN,BALL,NTRS,STLD
SLM,USX1,HOT,FMC,TSO,FMC,HRB,JWN,XL,ADSK,LH,SNI,WAT,SRCL,PLL,TIF,IVZ,FLS,SIAL,WYND,PVH,NVDA,PVH,HSP,MHK,CHRW,WU,CBG,NWL,MAC,JWN,KSU,EQT,WAT,KLAC,CBG,EQT,BBY,TSO,HRL,FRT,CHRW,DOV,M,DVA,CMG,MTD,MTD,HAS,CINF,ETFC,URI,MRO,HES,LKQ,EQT,AJG,SNPS,EQT,SYMC,EXPD,VNO,ARE,SJM,TAP,BHGE,UDR,CTL,STX,KMX,NCLH,BHGE,UDR,LNT,EXPD,ABC,MAS,MAS,LDOS,DRI,QRVO,SYF,KEY,TDY,HPE,MLM,URI,SJM,GPC,POOL,EXPD,HBAN,DGX,OMC,CMS,DRE,MKTX,TFX,TTWO,MGM,TECH,SBNY,TRMB,TYL,SYF,WDC,COO,GRMN,TYL,TRMB,TYL,WRB,SJM,TTWO,PKI,AES,TRGP,HBAN,IRM,LW,EXPE,TYL,NTAP,PFG,MKC,CNP
PCL,GWW,NTAP,CPB,WAT,TDC,MAC,MNST,FLS,LUK,XL,PLL,AEE,RL,SRCL,AES,DG,RSG,NI,WEC,SRCL,RL,AEE,NVDA,XLNX,KIM,NEM,TSO,CBG,JWN,TIF,RSG,XRX,L,SIG,EMN,DGX,AKAM,MLM,MCHP,HBI,CFG,L,LKQ,FRT,SCG,HOG,M,MAA,NOV,WYNN,XYL,KMX,CTXS,KMX,MRO,NWL,ARE,ARE,SNPS,DRI,DOV,FTI,TPR,EFX,CMA,WYNN,HOLX,ABC,WCG,ABMD,AAL,HST,TSCO,LNT,SYMC,ABC,HAS,WAB,DRE,HAS,BFB,OXY,NVR,SJM,ATO,PHM,BFB,DRE,FMC,K,DGX,CTXS,CAH,PEAK,MKTX,ABC,AKAM,ABC,STX,CRL,NVR,CTLT,TRMB,TRMB,BR,APA,SEDG,CAG,SWKS,EXPD,NTAP,SEDG,MPWR,ETSY,UAL,HBAN,TYL,STLD,IRM,NDAQ,FDS,RF,TXT,HBAN,AKAM
NRG,HAR,GPC,WYND,AEE,BCR,AA,ADSK,RHT,LRCX,MKC,WEC,TIF,WYND,RL,TAP,GWW,SRCL,KLAC,CHRW,RSG,MAC,KIM,COH,EFX,PLL,CBG,UHS,EXPE,WU,RSG,AMG,CMS,KEY,WFM,CMS,IFF,FCX,L,KMX,CNC,PNR,M,IFF,LKQ,IFF,WAT,COG,COO,TSS,URI,MKC,FTI,LKQ,NWL,ARE,SNPS,URI,RJF,EXPD,HFC,FTI,CAG,TIF,ANET,MAA,TTWO,ETFC,MAA,DGX,ATO,UDR,XRAY,EXPD,CBOE,HOLX,CBOE,ATO,HRL,BR,CTL,UDR,SYF,ULTA,IEX,WAB,WAT,URI,DRI,DRE,HES,PEAK,GPC,DRE,AVY,PEAK,CZR,AVY,DGX,HOLX,FANG,DRI,DRI,KMX,GPC,DRI,TRMB,WAB,FDS,ATO,EXPE,MPWR,FMC,FMC,FSLR,BBY,ATO,EPAM,TRGP,NTAP,JBHT,TER,CLX,NTAP,ILMN,CLX
VAR,WPX,ROK,MNST,NRG,NVDA,CFN,AA,AA,WYND,NVDA,NWL,NVDA,PLL,MCHP,RSG,XEL,AEE,EMN,COH,COH,BBY,SJM,KIM,KLAC,SPLS,NVDA,JWN,TIF,DGX,CBG,DHI,WAT,MLM,HRS,SNA,SNA,DGX,KORS,XEC,SYMC,MSI,CINF,TXT,KLAC,HRL,MAT,WAT,NTAP,PRGO,NTAP,ETFC,FMC,TPR,MKC,LKQ,CHD,EQT,VRSN,L,ARE,CDNS,KMX,DOV,BR,UDR,SJM,NCLH,AAP,ABMD,HOLX,TTWO,MKTX,XRAY,ABC,L,L,DRI,CTL,SJM,SYF,CBOE,J,SIVB,OKE,HPE,SIVB,EVRG,RCL,EXR,NTAP,EXPD,J,AVY,CTLT,AES,RF,MKTX,AMCR,QRVO,DGX,CRL,CNP,MRO,J,TRMB,VRSN,EVRG,EXPE,CTLT,CINF,TRMB,OMC,SEDG,SEDG,BR,ZBRA,LW,SJM,BBY,WAT,CMS,COO,VLTO,J,TYL
MU,ETFC,CF,TAP,AKAM,CFN,WYND,TSN,PLL,SNI,LUK,NRG,NRG,WAT,TIF,AKAM,HOT,MCHP,FLR,SRCL,CHRW,XEC,MNK,NWL,RL,KLAC,UHS,CAM,SPLS,CBG,DGX,MKC,XEC,NEM,DOV,MKC,TXT,EMN,STX,KSU,KMX,HRS,MSI,COL,SLG,DOV,KIM,CMG,IT,ETFC,MRO,NTAP,HCP,ANSS,LEN,CHD,AKAM,AKAM,TPR,TAP,TTWO,ARE,SYMC,KMX,HRL,HOLX,BR,WYNN,FTNT,CTXS,CTXS,ATO,ATO,IT,MKTX,CTL,CBS,CBOE,GWW,CTXS,AES,NVR,NVR,ANET,SYF,LDOS,NLOK,BIO,MAS,NTAP,DRE,AKAM,VTRS,DGX,BKR,DVN,NTAP,CFG,DPZ,AMCR,RJF,HOLX,KMX,AKAM,STX,VFC,MOH,LNT,COO,EXPE,DGX,FMC,TTWO,FDS,COO,FSLR,AES,NTRS,HBAN,IEX,IEX,UAL,IEX,ALB,AXON,HUBB
NVDA,PBI,APH,WAT,CFN,STZ,UUM,AEE,SNI,KIM,JWN,NVDA,MCHP,NRG,CMA,MCHP,COG,WYND,DPS,AES,BBY,TRIP,WYN,SJM,ALTR,NWL,CHRW,WU,GMCR,MKC,MKC,KSS,LLTC,SRCL,MAS,BLL,MAT,MAS,DGX,KEY,WFM,DHI,COL,CPB,OKE,AAP,CHRW,KIM,CTAS,XYL,COH,ULTA,TSS,ARE,XYL,HES,CTXS,MLM,KMX,EXR,AJG,L,HSIC,NBL,NOV,KMX,CHRW,CHRW,CPRT,GWW,GWW,CTXS,IT,UHS,NTAP,DRE,NVR,CNP,NDAQ,EXPD,NVR,IT,EXPE,UDR,CINF,HES,HPE,J,CFG,ABMD,NUE,CMS,AKAM,TYL,MGM,VTRS,AMCR,ABC,POOL,J,DRI,RJF,GNRC,CNP,TTWO,EXPD,PWR,SWKS,PAYC,EVRG,ATO,ATO,IRM,LVS,EXPD,MRO,FDS,IRM,IEX,BRO,FDS,NTAP,ATO,EQT,HUBB,NTRS
PLL,DOV,NTRS,CMS,FLS,CPB,AKAM,KIM,LUK,NVDA,EXPD,MNST,CSC,CSC,MKC,KIM,FISV,UAA,BCR,RL,JWN,CCE,CAM,CTXS,RSG,CA,PLL,O,NTAP,XEC,WU,MNK,BBBY,NTAP,AKAM,SIG,KEY,MLM,RF,MAS,DOV,M,AME,HBAN,HOLX,FRT,HOLX,GPN,XL,ARNC,COO,TPR,NLSN,CHD,ULTA,LB,ULTA,PVH,MKC,NWL,CHRW,KSS,DOV,CINF,WRK,LNC,NRG,EXR,AES,STX,VNO,VAR,SJM,ANET,SJM,CBOE,HST,L,AES,JKHY,OKE,VAR,VIAC,VAR,SIVB,IR,AES,NLOK,TDY,BFB,DPZ,MGM,ANET,J,OMC,AMCR,CFG,CMS,TFX,BBWI,IP,AKAM,PFG,PFG,PFG,CAG,STX,PARA,TER,LNT,BRO,APA,MPWR,J,TRGP,COO,MOH,AES,NTRS,CAG,NTRS,MRO,SWKS,OMC,CINF,ALB
AVP,FHN,ACT,AKAM,STZ,EXPD,LLL,AKAM,MKC,AEE,AES,TRIP,CHRW,SWY,AES,TSCO,MSI,MNST,LRCX,MCHP,WEC,PLL,CNP,URI,NWL,UHS,NWL,COH,CTXS,O,DOV,WAT,SEE,MCHP,SRCL,JNPR,CHRW,DOV,BLL,CPGX,TXT,CNP,DHI,BBY,TXT,AME,SLG,JNPR,COG,WYNN,UNM,CBG,XYL,CHRW,CHRW,CMS,VNO,CBOE,CHRW,AKAM,DOV,HFC,CDNS,ANET,EXR,KSS,DGX,UDR,NBL,ETFC,SWKS,TXT,ABMD,MAS,HST,JEC,EXPD,WYNN,STX,MAS,CHRW,RF,VAR,WAT,NLOK,OKE,ATO,DRI,POOL,OXY,STX,MAA,MAA,IT,MKTX,STX,CMS,CINF,GPC,ABC,PEAK,CMS,MPWR,GPC,OMC,BXP,DGX,NTAP,CAH,TYL,J,ZBRA,EQT,ETSY,DGX,FMC,DGX,FDS,WAT,GRMN,STLD,GRMN,K,FSLR,OMC,LUV
VMC,CPPRQ,FISV,CNX,EXPD,UUM,CPB,TRIP,LLL,NWSA,NWSA,UUM,NWL,WU,MNST,LRCX,RRC,PVH,DLTR,JWN,ESV,WYND,PLL,RSG,CHK,RSG,SPLS,RRC,O,TIF,CHRW,NTAP,EMN,HOG,PNR,BWA,XRX,STX,WFM,LLL,M,MAS,WRK,UHS,HBAN,STX,JNPR,CNP,CINF,KSU,KSU,UNM,HES,CNP,ARNC,VIAB,LKQ,IVZ,EXR,BLL,AKAM,URI,CF,HRL,DGX,LW,ETFC,FMC,LNC,TXT,VAR,GWW,UHS,SJM,JEC,LNT,HAS,NVR,L,L,L,CTL,PKI,EXPE,KEY,ETFC,J,CHRW,IT,MAA,EXR,ANET,VAR,UAL,DRE,HOLX,NVR,MTB,CMS,FANG,NVR,IP,HOLX,WAB,IP,PFG,AKAM,FDS,NTAP,IRM,ZBRA,OMC,NTAP,ALGN,MOS,EXPE,HWM,IEX,RE,DGX,BRO,OMC,TXT,DGX,AVY,HOLX
AKAM,AMD,STX,FLS,WYND,WYND,NVDA,LLL,TRIP,XL,UUM,MKC,PLL,NWL,WYND,MKC,SYMC,JWN,CLX,AEE,FLS,RSG,COH,CHK,CNP,AEE,CA,GPS,JWN,NVDA,HRS,DOV,CHRW,LLL,MCHP,TRIP,SIG,KMX,MAC,DOV,IFF,WFM,HRS,KLAC,PNR,HOG,GPN,MKC,SNPS,HAS,CINF,PNR,CDNS,GWW,WYN,HII,BHGE,VNO,SJM,AMD,NWL,CPRT,EXPD,TAP,HOLX,VNO,VAR,SJM,HRL,HOLX,KSU,MKTX,WAB,DRE,IEX,EXPD,DRE,QRVO,FOXA,CTL,CE,WAB,CHRW,J,CE,CE,FBHS,CFG,BXP,GPC,CE,GPC,IT,HAL,POOL,LVS,IEX,HAL,J,CINF,WDC,AMCR,RCL,BR,BRO,PWR,LNT,EXPE,IEX,IEX,SYF,IRM,PAYC,PAYC,FMC,ATO,MOS,DGX,PHM,SJM,NTAP,CCL,ARE,ARE,RF,PFG
DEN,CWGL,FIS,BCR,HRB,LUK,EXPD,WYND,AEE,JWN,RHT,EXPD,SPLS,RSG,TAP,PLL,APH,FMC,CTXS,KIM,UHS,DISCK,HSP,UHS,NVDA,MCHP,LLL,SPLS,WYN,KSU,NVDA,PNR,DHI,BBBY,HRL,IFF,LLL,TXT,CPGX,CHRW,BLL,CPGX,EXR,FOX,CPB,MAS,MKC,SCG,CBG,ANSS,FOX,WYNN,CHRW,NLSN,NLSN,RJF,EQT,MAS,VNO,URI,COO,EQT,VNO,VNO,CBOE,SJM,EXPD,NRG,NRG,TSCO,LNT,KSU,WYNN,NTAP,DRE,NVR,ATO,IEX,HAS,HRL,IT,IR,CXO,ETFC,WAB,CINF,KEY,ULTA,J,TDY,LDOS,CAH,STE,ANET,DGX,MGM,CE,VTRS,STX,AVY,ABC,VIAC,NVR,IP,EXPD,STX,KMX,TRMB,DGX,IP,MTCH,J,EXPE,WRB,SYF,FDS,FMC,FLT,TSN,HBAN,OMC,AKAM,CMS,CLX,ALGN,EPAM
MNST,COG,CLX,NWL,CNX,FLS,TRIP,EA,TIF,TIF,TSN,MHK,MHK,CNX,RSG,RHT,BFB,CHRW,WHR,EFX,NVDA,ESV,RSG,CNP,WAT,CCE,WAT,WAT,SEE,GPS,KIM,BWA,MKC,SEE,XRX,MAS,IPG,SCG,SCG,SYMC,CINF,EMN,SCG,COH,BBY,OKE,DVA,WU,UNM,UNM,IT,ARE,LKQ,UNM,IT,WYN,CNP,HSIC,PVH,CDNS,MLM,INCY,IFF,AAP,MLM,CMG,HOLX,VAR,NCLH,KSU,AAP,HAS,KSU,HST,CTL,WAB,FANG,AES,CNP,NDAQ,KMX,CE,WAB,PKI,OMC,ANET,LDOS,AVY,NVR,HES,POOL,STE,NVR,NVR,EMN,CAG,STX,GPC,AVY,RJF,AMCR,IEX,CINF,MGM,UDR,UAL,VFC,AKAM,IP,DRI,SWKS,JKHY,J,TXT,CF,SYF,FLT,FMC,FDS,WAT,TYL,HBAN,TER,IEX,MRO,ATO
LLL,STJ,MUR,SCG,MNST,LLL,FLS,FLS,LRCX,ADT,NWL,TSN,RSG,NWSA,WAT,WYND,DOV,KIM,XLNX,PVH,MUR,UHS,CA,CAM,TIF,CTXS,EMN,PLL,GPS,CAM,JNPR,PVH,BWA,DOV,KSU,NEM,BLL,CINF,KMX,BLL,CPGX,IFF,IFF,DHI,CA,JNPR,MAS,AYI,ETFC,ARE,PRGO,COO,WHR,HCP,CMS,ULTA,HII,RJF,CDNS,IT,MAS,AKAM,WYNN,FTNT,UHS,MLM,HRL,CPRT,ATO,VAR,ETFC,WYNN,CBOE,FOXA,HRL,XRAY,FMC,LNT,INCY,PFG,RF,NTAP,SIVB,STX,TDY,EVRG,OKE,ATO,OMC,ABC,MAS,ABC,K,IEX,NTAP,AVY,CINF,DVN,GWW,DPZ,CINF,FDS,CAG,JBHT,CLX,CTLT,PEAK,WRB,KMX,SJM,NTAP,TXT,WRB,SYF,ATO,RCL,CFG,BRO,NTAP,EXPE,BG,K,JBHT,AXON,SWKS,OMC
CNX,CF,ADT,HRB,BCR,ADSK,BBY,EW,KIM,AES,AEE,HP,CFN,KIM,UNM,MAC,PNR,RL,RHT,DISCA,MCHP,COH,NWL,CCE,CA,WU,AEE,NWL,BBY,NTAP,AEE,CHRW,WU,EQT,SNA,CF,MCHP,COG,DOV,WU,SLG,BF.B,LKQ,WU,SCG,TSO,COG,FRT,LB,RMD,IFF,IFF,IFF,ADS,CDNS,WHR,RJF,DRI,AJG,KSS,EQT,AJG,AKAM,XYL,SJM,WDC,HSIC,HRL,BR,APA,HAS,STX,SIVB,HRL,GRMN,AAL,XRAY,FMC,ZBRA,ARNC,WAB,EXPE,RF,NLOK,ETFC,JBHT,EVRG,WHR,AES,BKR,IEX,OMC,NTAP,POOL,BXP,CINF,J,BBWI,CINF,DGX,FLT,BBWI,DGX,CAG,SEDG,POOL,EVRG,VFC,PFG,SEDG,EVRG,LKQ,APA,MOS,SJM,DGX,GRMN,PHM,IPG,NTRS,BBY,NTRS,BALL,WAT,EPAM,WDC
PHM,ROK,PAYX,UUM,NWL,PCL,EW,UUM,AES,WAT,NRG,XL,VAR,UUM,CNX,MNST,ROST,MAC,UAA,CFN,AES,PVH,CCE,CA,LH,DGX,CTXS,DGX,RSG,WYN,DHI,COG,AMG,PNR,MKC,DOV,EMN,WU,DHI,HRS,LKQ,OKE,TXT,DVA,MAT,COH,CNP,CHRW,EQT,IT,CBG,MAA,MKC,WHR,ADS,CNP,PVH,TTWO,IT,SJM,SJM,EXPD,AAP,EXPD,MAA,TAP,MAA,BR,TXT,CMA,BHGE,DVN,ETFC,NDAQ,UHS,BFB,FOXA,SIVB,STE,QRVO,HES,PKI,CE,IT,BIO,KEY,MTB,ANET,SJM,NVR,CCL,IEX,HBAN,CINF,AES,ABC,VTRS,RCL,WDC,CCL,AVY,FLT,CRL,PEAK,FMC,NTAP,GRMN,KMX,EVRG,AVY,TRMB,ESS,AVY,APA,FDS,SJM,MRO,MRO,DGX,PAYC,MRO,CBOE,EPAM,AVY,DGX,MKC
LRCX,RRC,HUM,STZ,PCL,EW,STZ,CFN,ADT,NWL,CFN,NWSA,LUK,MCHP,EA,TRIP,HSY,COH,KMX,LLL,NWL,HP,WU,EFX,CTXS,WAT,WYNN,WYN,MKC,SPLS,WYN,AEE,CBG,CMS,LLL,IPG,ARG,LLL,WRK,DHI,KSU,HRL,LNC,MOS,HRL,HOLX,WU,MOS,ANSS,CBG,PNR,LKQ,RMD,XYL,FMC,NCLH,XRAY,CDNS,INCY,HFC,CDNS,HCP,KSS,EXR,KMX,DVN,AAP,MAA,DGX,BHGE,AAL,MRO,MAS,CTXS,LNC,SJM,AES,HST,ABC,IT,CXO,CINF,UDR,URI,URI,RCL,RCL,TDY,WDC,MAS,FMC,K,OMC,MGM,ABC,DGX,MTB,CE,MGM,CE,CMS,CE,AVY,NLOK,POOL,TYL,POOL,INCY,WDC,BRO,LNT,JBHT,ETSY,FSLR,ZBRA,TER,IRM,GRMN,EPAM,SNA,SJM,JBHT,MAA,JBHT,STX,CMS
TAP,HSY,WDC,LRCX,TAP,NWL,LRCX,AES,WYND,TAP,MCHP,RSG,KIM,TAP,KIM,RL,CHK,PLL,TAP,WU,AEE,AES,TSO,DGX,HRB,CSC,RSG,FTI,JNPR,RSG,LLTC,DGX,PNR,MAS,DGX,MCHP,WRK,ARG,PNR,MOS,DHI,UDR,KSU,KSU,DHI,LKQ,NTAP,MAS,ARE,CTL,HAS,ANSS,ARE,MKC,VNO,EXPD,WYN,XRAY,DOV,XYL,VNO,MLM,STX,VIAB,NRG,MOS,MOS,STX,CHRW,UDR,REG,SIVB,AAL,FTNT,MAS,FMC,LNT,EXPD,VAR,ZBRA,IR,SIVB,IT,CFG,J,AES,CINF,ABMD,LDOS,IT,BKR,J,DRE,HOLX,IEX,PKI,AVY,BIO,AKAM,CMS,PFG,FANG,CE,GRMN,AMCR,CE,NTAP,XYL,BBY,JBHT,JKHY,EXPE,COO,INCY,IRM,HWM,BBY,CFG,BRO,PTC,TSN,TXT,WBA,HBAN,WDC,TER
PETM,MTZ,PNR,CFN,UUM,AKAM,ADSK,NWSA,JWN,NLSN,LRCX,LUK,TRIP,SPLS,WU,GNW,WFM,MKC,CCE,FFIV,CFN,NEM,FLR,SWN,SWN,SEE,XEC,RSG,KSU,TRIP,XEC,LLTC,KSS,WU,BBY,CPB,DOV,XRX,BF.B,SCG,XL,TXT,CNP,HRL,KMX,SLG,COH,HOG,ARNC,MKC,XYL,IT,TPR,STX,LB,ADS,KSU,EXR,MAS,HCP,SYMC,COO,HAS,INCY,AKAM,CAG,NCLH,TSCO,VNO,MAA,WDC,CHRW,DRE,CHRW,XRAY,HST,JEC,FOXA,IEX,IEX,ALLE,CFG,BKR,ABMD,IT,J,WHR,JKHY,HRL,TIF,IT,CINF,IEX,NTAP,CRL,J,CCL,NVR,RJF,CTRA,IEX,J,J,SEDG,DRI,CAH,IRM,POOL,STX,DGX,FLT,UAL,JBHT,AVY,UAL,PKI,LW,ZBRA,RVTY,CINF,GRMN,PTC,LVS,SWKS,LUV,STX
EFX,FTI,BFB,EXPD,CPB,HRB,PCL,MAC,VAR,MCHP,WAT,TAP,CNX,AES,JWN,CMA,FE,WU,EA,MNKKQ,EFX,CA,WAT,MHK,CCE,TRIP,OKE,CA,CAM,BLL,MLM,WU,CPB,CHRW,NEM,AKAM,DHI,LNC,TXT,CINF,WRK,WRK,CA,MAC,COH,CNP,ALK,TSO,RMD,EQT,ARE,AJG,AJG,IFF,RJF,DRI,TTWO,WYN,FMC,FMC,IT,WYNN,HCP,CF,CMG,DOV,NOV,DGX,TSCO,NCLH,STX,CBOE,CTXS,FMC,AAP,CBS,HRL,STE,FMC,CNP,PNW,UBFUT,CFG,PFG,IR,FBHS,TDY,CNP,OXY,LDOS,HBAN,AVY,BKR,TDY,NVR,UAL,CAH,STX,BBWI,AKAM,WAB,AVY,IEX,TECH,JBHT,CPT,DRI,TER,LNT,CHRW,FMC,ALGN,TXT,JBHT,TER,NVR,J,RE,MRO,FDS,J,EG,AVY,MAA,CCL,BRO
CFN,ROP,FLR,PLL,LLL,TAP,CMA,PLL,UUM,SWY,KIM,MCHP,AKAM,SNI,LRCX,JWN,STZ,CFN,TRIP,DISCK,KIM,FLS,EFX,FFIV,UHS,TIF,TIF,BBY,SWN,MCHP,NTAP,KIM,MCHP,HRS,CMS,LLL,SCG,MCHP,SIG,BF.B,SCG,AKAM,HRL,CTAS,WU,AYI,LKQ,DVA,WYN,LKQ,EQT,LEN,KSU,RMD,ALB,VNO,COO,COO,TAP,CNP,TAP,SYMC,RJF,FTI,BHGE,TSCO,TPR,AAP,AKAM,VNO,CHRW,WAB,LNT,JKHY,CTXS,IEX,BFB,LDOS,SIVB,CE,XRAY,URI,HAL,WAB,JBHT,WDC,ANET,WDC,WAB,RCL,GPC,INCY,MGM,PFG,K,FANG,BXP,IEX,CE,USD,CE,PFG,MGM,LYV,AES,DGX,FMC,IRM,AVY,AKAM,WRB,FLT,LDOS,SWKS,INCY,J,TXT,CBOE,AKAM,JBHT,CF,EQT,HBAN,PKG,IEX,JBHT
BLL,SNDK,EMN,EFX,LRCX,CMA,LUK,CPB,NWSA,UUM,-,CHRW,EFX,VAR,CSC,EA,XRX,HRB,AKAM,UNM,CMA,WAT,MKC,MKC,VMC,IFF,MKC,BLL,MCHP,FTI,SIG,HRS,JNPR,AMG,IFF,MOS,WU,SEE,AKAM,MAC,BF.B,KSU,HBI,SCG,KSU,WU,SCG,UNM,PRGO,HOLX,CTXS,CHD,PNR,DRI,CNP,UNM,PNR,CHD,CHD,AJG,URI,TIF,INCY,SYMC,KEYS,FTNT,XTSLA,UHS,KMX,TAP,CMA,LNT,STX,IFF,REG,WYNN,QRVO,VAR,ODFL,VAR,HBAN,CHRW,URI,RF,EXPE,OXY,IT,HPE,UAL,J,OMC,EMN,PENN,DPZ,PFG,CE,RCL,MGM,K,WAB,MAS,CNP,UDR,DGX,EPAM,UDR,GNRC,CPT,DRI,HRL,HRL,AKAM,LVS,EVRG,J,FLT,MKTX,J,AMCR,J,RVTY,TSN,WDC,WRB,LVS,IEX
TSO,NTAP,BSX,CBRE,EW,AES,NWSA,TAP,MCHP,CNX,SWY,LRCX,WU,VMC,GNW,CHRW,NLSN,CSC,MUR,XL,MAC,LH,FFIV,CBG,VAR,BLL,MCHP,OKE,KIM,COH,CAM,EXPD,HRS,DGX,BWA,MAT,KMX,BLL,MCHP,BLKFDS,HRS,LKQ,UDR,EMN,CHRW,DHI,CA,CTAS,KSU,NBL,CDNS,FOX,MAA,WYN,COG,AKAM,BEN,EXPD,AMD,CHRW,KSS,TAP,FFIV,TSCO,TSCO,SIVB,ANET,VNO,KSU,AAP,DRE,ABMD,CTL,BHGE,LDOS,AAP,CNP,DRE,J,AES,FOXA,DRI,ETFC,CHRW,UDR,TDY,BXP,IFF,EMN,STX,SJM,ABMD,CINF,MAS,TYL,IEX,BIO,J,WAB,CDAY,BIO,UDR,DPZ,K,CZR,OMC,ATO,WDC,JBHT,BBY,AVY,EVRG,AKAM,IRM,JBHT,ZBRA,TYL,LKQ,BBY,ESS,CAG,EXPE,OMC,NTRS,JBHT,J
LEN,HST,XRX,TSO,PLL,PLL,EA,MCHP,MAC,MAC,VAR,JWN,MKC,EA,LUK,EW,PGR,CA,CNP,NWL,CA,EFX,UHS,CMS,MKC,MKC,BLL,KIM,HRS,BBY,FFIV,HRB,COG,MKC,WU,COH,CA,MOS,HRS,XL,HAS,CA,CHRW,EXR,CNP,CHRW,TSCO,XL,RE,IFF,AJG,BFB,BFB,KMX,AJG,COO,EXR,KMX,NWL,INCY,CNP,MHK,VIAB,CMG,NBL,VAR,STX,TAP,SIVB,ATO,MRO,DRE,FTNT,NI,NDAQ,LDOS,IEX,CTL,CE,STX,AVY,PFG,FOXA,CNP,PFG,IT,RF,FBHS,STX,OMC,WAB,DRE,STX,VTRS,LB,LB,AES,RJF,VTRS,IEX,CTRA,MGM,WAB,CCL,K,IRM,BXP,CAH,AKAM,COO,JBHT,LDOS,UAL,HWM,PAYC,IRM,UAL,BBY,EXPE,ZBRA,CFG,ESS,EQT,ESS,TXT,JBL
HP,MYL,GPS,PETM,AES,MCHP,TAP,VAR,NWL,CFN,CMA,AEE,UUM,CMA,MAC,WU,MAR,CMA,LLTC,TSCO,PLL,MKC,MHK,FLR,OKE,CMS,CMS,AEE,AEE,PVH,SNA,SNA,DOV,BWA,AMG,BBY,MAS,KSU,SLG,IFF,WU,IRM,BF.B,STX,EMN,COG,FRT,CA,MKC,XL,LKQ,XEC,CHD,CDNS,CHD,PNR,VAR,PNR,HCP,MAS,HSIC,AAP,EQT,BHGE,INCY,EMN,FTNT,MLM,MAS,HAS,TXT,NCLH,FTI,CTL,BFB,NDAQ,LDOS,LW,EXPD,NLOK,PKI,HBAN,XRAY,CE,ULTA,OMC,HES,LDOS,LNT,EMN,EMN,PFG,MPWR,RJF,CAH,OMC,UDR,ABMD,FANG,BIO,QRVO,RCL,OMC,PAYC,TECH,KIM,OMC,AES,JKHY,CINF,COO,BBY,SWKS,LDOS,NVR,TXT,PAYC,EVRG,J,RVTY,PTC,SJM,CCL,SNA,LDOS,AVY
CMS,HOG,PRGO,LLL,MAS,BBY,VAR,J,PETM,HP,TAP,CNX,EXPD,JWN,VAR,XL,DTE,EW,KSS,CNX,JNPR,DGX,XL,NEM,MAT,CBG,CCE,TIF,COH,HRS,GPS,TIF,EXPD,SNA,BLL,WU,XEC,KSS,WU,WDC,CNP,KMX,IRM,CA,EXR,HBI,MOS,COH,LEN,PKG,TSS,KSU,COO,HOLX,PVH,BHGE,EXPD,IFF,IVZ,CBOE,M,RJF,NCLH,EMN,UDR,FMC,KSS,ATO,CMA,KSS,HRL,CTL,FMC,REG,CHRW,FTNT,LW,ABC,XRAY,BFB,LW,NI,NTAP,CXO,PHM,DRI,WAB,IT,HES,BXP,HRL,RJF,AAL,K,DPZ,CMS,CAG,PFG,CAG,PFG,JBHT,WAB,CZR,NVR,PAYC,MGM,CAH,DPZ,BRO,PEAK,CTLT,BRO,FLT,GRMN,AVY,JBHT,BG,MOS,JBHT,EQT,EG,AVY,NTRS,LUV,PKG,ESS
NWL,IVZ,MCO,DHI,J,VAR,TSN,CMA,CFN,RHT,HP,CMA,CMA,MKC,VMC,EFX,NTRS,UNM,GPS,PLL,CSC,TSO,DGX,WAT,SCG,XEC,SEE,MKC,BLL,LLL,PVH,WYN,NTAP,DHI,CHRW,KSS,STX,KEY,CINF,TSO,MAC,HBI,XL,HBI,NTAP,DVA,XL,TSCO,RJF,DRE,RMD,PKG,HOLX,PNR,COO,KMX,KMX,PKG,PKG,RJF,HCP,CNP,CINF,MAA,VAR,LNT,UHS,EMN,TIF,TIF,SIVB,MAS,MRO,NCLH,FMC,HAS,VAR,HRL,NTAP,SIVB,PFG,ALLE,JBHT,BKR,FBHS,MGM,CFG,PHM,PFG,SJM,TDY,BXP,PFG,INCY,PKI,NVR,RJF,BKR,NVR,AES,UDR,MAS,BXP,XYL,CCL,TXT,CAG,DRI,GRMN,JKHY,IRM,AVY,INCY,LNT,GRMN,ETSY,EXPE,JBHT,PTC,IPG,TXT,DGX,TSN,WDC,ALB,CINF
BTU,HOT,RL,EW,CMA,TSN,MCHP,HRB,TAP,TXT,EFX,WAT,TAP,LUK,XL,CSC,EMN,CBRE,SJM,HRB,XL,NWL,CBG,TSO,PVH,SWN,KLAC,CCE,LLL,CCE,LLL,MAS,DGX,WYN,TSS,MLM,COG,SLG,MOS,HAS,AKAM,XL,WU,NTAP,MAC,CA,UNM,SNA,PNR,JNPR,RJF,DISH,EXPD,XEC,HSIC,PVH,PRGO,IT,KSS,COO,FMC,CF,FMC,NRG,STX,HES,EMN,MAS,ETFC,ABC,AES,REG,CHRW,PNW,TXT,HRL,NDAQ,URI,WYNN,FOXA,CFG,XRAY,ABMD,CBOE,CFG,PHM,ETFC,EMN,EVRG,CINF,BFB,PKI,TDY,EMN,STE,BXP,K,BXP,PFG,JBHT,TXT,QRVO,PAYC,TXT,TXT,ATO,UAL,SJM,CPT,GNRC,CTXS,SWKS,NVR,NVR,FLT,GRMN,RCL,TER,BG,LKQ,ZBRA,CF,EXPE,RF,MAA,EQT
VRSN,ORLY,MAR,CSC,PHM,TXT,PLL,LRCX,TSN,EA,SNI,AKAM,HRB,FFIV,NWSA,UNM,PAYX,NWSA,ALTR,MAC,FFIV,FFIV,DISCK,WU,MCHP,HAR,IFF,MCHP,CA,KIM,LEN,SPLS,SNA,BLL,IPG,ARG,CINF,DHI,HOG,WFM,UDR,HAS,XRX,CHRW,CTAS,KMX,ALB,WFM,TSS,LEN,PKG,CHRW,DISH,EXPD,DVA,COG,KSS,NCLH,COO,PVH,MHK,HSIC,SJM,HFC,LW,NOV,REG,AES,KSS,NRG,FTNT,NDAQ,TXT,NBL,NCLH,SIVB,ARNC,NCLH,BFB,XRAY,PKG,HAL,PFG,CTL,AAP,WHR,STX,PKG,CHRW,HRL,J,NTAP,MAS,BXP,RJF,BKR,DVN,TXT,MKTX,PWR,MGM,TXT,WDC,TFX,FDS,FDS,XYL,IEX,PEAK,KMX,OMC,INCY,TRMB,ESS,HWM,RE,IPG,UAL,CBOE,SYF,MGM,RVTY,UAL,ALGN,CF,MAA
ARG,NTRS,CNP,CINF,EFX,CMS,NWL,CSC,EA,CMA,CNX,CFN,FFIV,HRB,SWY,NWSA,FAST,XL,TSN,CMA,HSP,HSP,BLL,BLL,CBG,HRB,DHI,SEE,KLAC,SNA,BBY,BLL,MAS,TRIP,CPB,PNR,PNR,JNPR,LNC,UDR,IPG,WU,WFM,OKE,ALB,XL,CNC,UDR,JNPR,UDR,WYN,WYN,PRGO,MAA,DRI,PKG,CINF,HII,JBHT,MAA,EXR,MAS,KSU,VAR,NCLH,CF,MLM,CAG,WYNN,MAS,NDAQ,CMA,VNO,CF,FOXA,LW,URI,XRAY,QRVO,ALLE,EXPE,HAS,DRI,JBHT,CNP,CFG,WDC,HBAN,AVY,WAB,BXP,MAS,INCY,MPWR,HBAN,CAH,PFG,AES,BIO,TXT,RCL,JBHT,K,UDR,TFX,EVRG,PKG,TYL,AES,PARA,UDR,SIVB,HRL,SIVB,TXT,AVY,LKQ,PAYC,ESS,AMCR,EQT,AXON,DGX,K,SNA,SYF
AES,DTE,EQT,PHM,BBY,LRCX,J,TXT,NLSN,J,ADT,EFX,JWN,MHK,CFN,VMC,GPC,WAT,RSG,DGX,DGX,XL,HRB,HRB,XEC,XL,VAR,JNPR,FTI,CA,HBAN,LEN,TIF,XRX,GT,CHRW,EXPD,ENDP,SEE,ARG,CA,KEY,FBHS,BF.B,UDR,KSU,CTAS,EXR,ALK,NTAP,EXPD,RJF,ADS,ARNC,UNM,KSS,COG,WHR,CNP,CPRT,KSU,KSU,MLM,MOS,TPR,FFIV,FMC,AKAM,CTL,RJF,COG,FTNT,HRL,WYNN,NI,AES,SJM,J,SJM,NTAP,UHS,VIAC,IR,AAP,CXO,CNP,BIO,WAB,CNP,AVY,BIO,WYNN,EMN,PHM,HOLX,MPWR,TXT,WAB,OMC,TFX,K,CINF,CCL,WDC,IRM,PKG,WRB,STX,TECH,POOL,BBY,GRMN,ALGN,LKQ,LKQ,ESS,CF,BG,ZBRA,RE,ESS,EPAM,PKG,TSN,EQT,TXT
JOY,MUR,CMG,MCHP,TXT,J,TSO,LUK,EW,AKAM,MNST,J,LRCX,XL,LH,LH,L,EFX,CHRW,LH,UNM,WU,AES,XEC,XL,FTI,XL,KLAC,CSC,MAS,CMS,CMS,BLL,EXPD,HBAN,CA,JNPR,IPG,MRO,SEE,XRX,IPG,EMN,WFM,HBI,NTAP,SNA,ALB,UDR,PNR,ADS,ADS,GWW,RJF,VIAB,CA,HCP,HCP,CA,DOV,RJF,MAA,MOS,WRK,KSS,REG,AES,MOS,UHS,AES,DVN,HRL,CMA,LNC,JKHY,FOXA,SIVB,ARNC,ALLE,BKR,RE,FOXA,AAP,DRI,RF,RF,AVY,STX,HBAN,LNT,AVY,DPZ,AVY,HBAN,PAYC,K,EMN,EVRG,IEX,NVR,PWR,VTRS,EMN,BRO,DGX,SBNY,LDOS,SYF,INCY,LKQ,SEDG,COO,LNT,FLT,POOL,LKQ,AVY,LNT,SYF,SWK,SWK,BBY,POOL,STX,WRB,CE
DHI,ADT,DVA,VAR,VAR,EFX,AES,NWL,TXT,PCL,MAS,MAC,EA,CFN,J,NWL,CAM,BLL,SRCL,MKC,BLL,CMS,CSC,DISCK,WU,MAS,MAS,MAT,IFF,HBAN,SPLS,JNPR,CA,IPG,HOG,HBAN,HAS,WRK,KSU,KORS,SNA,LNC,HOG,XL,TSO,HAS,FL,CNC,EXPD,HES,LEN,PRGO,WYN,AMG,IFF,IFF,NCLH,KSU,KSU,M,PVH,SJM,NRG,ALB,EMN,TPR,KSU,REG,LNT,XRAY,NBL,AAP,DVN,VNO,PNW,LNC,LNC,NDAQ,FANG,WYNN,JBHT,BKR,PKG,NTAP,EMN,BIO,OMC,HAL,ABMD,PKG,CINF,TDY,RJF,LB,NLOK,INCY,OMC,K,TXT,MAS,AES,CAG,JBHT,EMN,ATO,AVY,VTRS,UDR,SWK,WRB,AKAM,HRL,ZBRA,TER,MTCH,LW,JBHT,SNA,SNA,TSN,DGX,SWK,AXON,EXPE,WBA,LW
CPB,FISV,WYNN,VRSN,PETM,TSO,EFX,PETM,SWY,EFX,MAC,PCL,XL,EFX,DGX,WAT,AME,EXPD,WEC,CA,CNX,CBRE,NEM,LH,HAR,IPG,EXPE,LLL,CCE,AEE,BLL,NEM,HRL,IFF,SEE,SEE,BBY,CA,ARG,SNA,AMG,SNA,STX,FBHS,HOG,ALB,WFM,NTAP,AJG,AJG,XEC,LB,HSIC,PRGO,VAR,CINF,WHR,INCY,CBOE,CA,HOLX,EXR,TAP,MLM,COG,JKHY,COG,KSU,TAP,JKHY,NI,VNO,REG,FTI,NBL,REG,JKHY,BFB,ANET,TSCO,HST,PKG,CTL,IR,STX,STX,EMN,CINF,JKHY,UAL,PKG,POOL,ABMD,FMC,DVN,EMN,UAL,CAG,PWR,VTRS,CNP,BXP,FDS,J,LNT,EPAM,TECH,LDOS,LDOS,GRMN,CPT,TYL,KIM,CBOE,PEAK,PAYC,CBOE,CF,PAYC,POOL,AMCR,POOL,RVTY,LW,TER,CFG
MAS,CLX,WEC,TXT,VRSN,CBRE,TXT,VRSN,CNX,VAR,AKAM,CSC,VMC,MAC,NWL,EXPD,BBBY,SNI,NVDA,HSP,EXPE,BLL,XEC,NRG,MAS,EXPD,TRIP,CHRW,MAS,CMA,IFF,CBG,HBAN,TIF,KSS,GT,MLM,SIG,IPG,CNP,TSO,MOS,BBY,CNP,XYL,UDR,KSS,CBG,LKQ,WYN,BFB,EQT,RJF,AJG,PNR,ALB,VIAB,COG,DRI,ADS,INCY,CMG,HFC,REG,FMC,AKAM,NBL,KSS,REG,CBOE,WYNN,AES,AES,TXT,FTNT,UHS,WYNN,SJM,ARNC,NI,CPB,AVY,HAS,BIO,AES,AAP,HAL,HAS,BKR,HBAN,PFG,DISCK,BXP,CTXS,INCY,RJF,BKR,UDR,BXP,BXP,BXP,ABMD,BRO,DPZ,CAG,LNT,CPT,PAYC,POOL,CPT,POOL,HST,ESS,TYL,VTRS,INCY,RE,AVY,LKQ,CBOE,POOL,ZBRA,SNA,AMCR,LW,POOL
CMA,ACT,RSG,TSN,CMS,MAS,PETM,PCL,J,HRB,TSO,VAR,J,LRCX,SNI,SNI,CF,LH,JWN,BLL,MKC,MUR,EXPD,MCHP,CAM,CAM,LEN,CMS,CMS,DHI,DRI,MCHP,NEM,CSC,TRIP,LEN,XRAY,PNR,KEY,IPG,HRL,SEE,MOS,UDR,EXPD,EXPD,TSO,FL,AMG,RE,CA,STX,PKG,PKG,PRGO,VAR,PKG,BEN,BEN,HSIC,CPRT,FMC,MAA,HAS,VIAB,STX,IRM,LNT,XRAY,LNT,PNW,APA,NDAQ,AAL,AES,TSCO,NCLH,NBL,JKHY,RJF,RJF,ETFC,EMN,XRAY,WHR,PFG,JBHT,OMC,PKG,BIO,NLOK,FMC,LB,WHR,AAL,PFG,MGM,OMC,CDAY,WDC,LKQ,AES,SJM,PWR,LYV,APA,KIM,PEAK,VFC,OMC,CBOE,NLOK,TER,BRO,WRB,NTAP,EVRG,TXT,CFG,SEDG,AVY,CAG,ESS,CAG,SWK,DGX
CBRE,STX,OKE,BBY,MCHP,EA,CMS,NLSN,CSC,MNST,J,MAS,MAC,MAS,NEBLQ,VAR,DVA,VAR,EW,MHK,LH,HRB,VAR,AES,FTI,VAR,EXPD,URI,KORS,LEN,CPGX,IFF,WYN,CPB,FCX,CINF,CBG,EXPD,XEC,AMG,SEE,XRX,ALB,AKAM,VAR,EXR,IPG,MAT,AMD,CA,CHRW,IRM,STX,IT,PKG,DVA,IFF,HOLX,NCLH,IVZ,MAA,FFIV,CMG,COG,REG,UHS,CBOE,NOV,COG,DRE,MAS,PKI,NI,ARNC,RE,NCLH,AAL,ODFL,HST,ANET,SIVB,L,AVY,AES,BKR,CTL,AAP,BXP,IFF,MGM,HAS,BFB,PKI,FANG,PHM,NLOK,EVRG,EMN,AES,K,BRO,BRO,MAS,FDS,MGM,BRO,TXT,BRO,NLOK,FMC,ETSY,CBOE,GRMN,PEAK,NTAP,IPG,ETSY,IPG,AES,MRO,LW,AMCR,AMCR,SWK,AMCR,PODD
MCHP,HUM,RHT,MAS,TRIP,PETM,MAS,CNX,PCL,TSN,CSC,ADT,NWSA,LH,MHK,CFN,GGP,GNW,COH,CBRE,HRB,MHK,CMS,RRC,JNPR,URI,CSC,EXPE,AES,JNPR,CA,HBAN,CSC,KSS,ARG,HOG,AKAM,EQT,LLL,XRX,OKE,PNW,OKE,HOG,AKAM,PNR,HAS,PNR,IFF,DRI,JNPR,HAS,BWA,CINF,HOLX,NLSN,IT,CA,NDAQ,KSU,HAS,ADS,MHK,DISCK,JKHY,CPRT,LNT,CBOE,DRE,REG,RJF,RJF,CF,ETFC,AAL,VAR,UHS,LNC,NCLH,PHM,URI,LW,ALLE,HAS,WU,NTAP,HAS,ALB,WHR,EVRG,LUMN,HRL,FMC,XRAY,TXT,TXT,MAS,MAS,UAL,CNP,VTRS,PWR,EVRG,CAH,WDC,TECH,NVR,HRL,UDR,ETSY,GRMN,LNT,HWM,VTRS,ESS,POOL,MGM,NTAP,AVY,BG,SYF,PAYC,LW,TER,ENPH,TSN
CSC,PAYX,KSS,LEN,TSN,SCG,SCG,EFX,MAS,CPB,CINF,KIM,SNI,EXPD,EFX,CPB,ESV,HSP,WU,VAR,MAS,CSC,SPLS,MAS,BLL,OKE,HAR,IFF,MLM,CHRW,HRB,FFIV,PVH,KSU,BBBY,ETFC,MOS,HAS,BBY,BBY,BBY,TSO,HOLX,XRX,XL,FFIV,IFF,ETFC,SLG,VIAB,AMG,ARNC,CINF,DVA,KSU,HAS,DRI,CNP,MAA,HOLX,CINF,CBOE,MAS,FFIV,WYNN,APA,LW,URI,LW,EMN,TAP,ETFC,JKHY,LW,VAR,ALLE,TSCO,ALLE,PHM,HST,UBFUT,AES,NRG,PKG,DRI,UDR,CNP,HES,ATO,PFG,RCL,BIO,DPZ,ABMD,MAS,PTC,WAB,LNT,UDR,UDR,CDAY,LYV,AES,CE,KMX,SJM,TYL,GNRC,SJM,HWM,LVS,HWM,PEAK,AKAM,APA,EVRG,NTAP,EXPE,TXT,AXON,CBOE,SNA,DPZ,LDOS,CE,EG
UUM,EMN,MKC,CMA,CBRE,CINF,VRSN,CMS,HP,AVP,AVP,SWY,NEBLQ,EXPE,HBAN,SPLS,NTAP,NWL,AEE,EXPE,WU,VAR,MCHP,SEE,IFF,JNPR,IPG,MAS,RRC,AES,MAS,LLL,LLL,HRL,NTAP,MNK,HRB,CF,SNA,EXPD,TSS,LNT,SEE,HOLX,JNPR,CTAS,KSU,LKQ,DRI,PNW,LB,HOLX,XEC,HSIC,EXPD,ZION,CA,ALB,HSIC,COG,IVZ,CINF,HOLX,HOLX,HAS,WRK,TSCO,KMX,NI,URI,VIAB,NI,VIAB,JEC,TAP,JKHY,WU,UHS,RE,ETFC,CNP,HST,HBAN,CINF,NTAP,CXO,PFG,XRAY,NTAP,CHRW,EVRG,WAB,JBHT,BKR,WRK,MAS,ABMD,UAL,NLOK,MKTX,OMC,CCL,LVS,SJM,CAH,HRL,FDS,FMC,CINF,TER,PEAK,NVR,DPZ,ZBRA,LW,MGM,PTC,ESS,FMC,CF,AES,LW,BBY,BBY,BBY,SNA
TSN,JNPR,TDC,PNW,ARG,VRSN,CINF,HBAN,HRB,PETM,PETM,HBAN,LH,BLL,HRB,MHK,FLR,BBY,EFX,FMC,TSCO,MCHP,CNX,XL,SEE,DHI,HBAN,CSC,FFIV,CSC,NEM,CA,LEN,JWN,EXPD,SCG,SEE,WYN,CA,AKAM,MOS,TSS,CTAS,IPG,IRM,CMA,PNR,AJG,MRO,URI,IRM,EXPD,AMG,AKAM,CINF,CDNS,CDNS,ZION,VAR,VIAB,BEN,UHS,PVH,STX,LNT,KSU,AKAM,PNW,TTWO,CHRW,UHS,FMC,MYL,AES,SIVB,AVY,AAP,JKHY,RJF,RE,MYL,PNW,CNP,EMN,XRAY,HAS,PKG,JBHT,PHM,JKHY,RJF,AAL,WAB,PKI,FMC,CTXS,CNP,NLOK,CNP,CAG,NLOK,EMN,CF,CRL,CE,HST,JBHT,TECH,IRM,BFB,NVR,KIM,LKQ,TECH,EVRG,CBOE,BRO,MGM,EVRG,AES,AKAM,PODD,LKQ,POOL,DPZ,CF
J,WDC,CCE,DEN,SCG,TRIP,HBAN,FDO,CMA,MAS,VRSN,LH,SWY,J,FFIV,CMS,ADSK,NEBLQ,HSP,BBY,MHK,CMA,LH,NAVI,CSC,EXPE,SWN,CNP,SNA,KLAC,CSC,KORS,IFF,COG,UNM,AMG,KSU,SNA,IFF,HOG,IRM,EXPD,IPG,SEE,FL,FL,EXPD,EXPD,WYNN,EXPD,ANSS,CINF,IT,VIAB,AMD,XL,NLSN,UNM,ZION,PKG,CBOE,HAS,ADS,UHS,FTNT,PNW,CAG,PKI,EMN,TTWO,JKHY,FTI,AAP,SIVB,CF,ARNC,ALLE,RE,MYL,PNW,ETFC,MGM,RCL,LW,HSIC,EMN,UAL,RCL,HAS,ATO,LNT,DVN,XRAY,WAB,WHR,WAB,INCY,CAH,ABMD,LKQ,CAG,K,MRO,FMC,ETSY,LDOS,SEDG,JKHY,LKQ,VFC,INCY,PEAK,IPG,HRL,PTC,VTRS,LNT,INCY,TECH,TXT,SNA,DPZ,WRB,EPAM,K,BBY
CINF,BSX,CHRW,DRI,VMC,HP,CSC,MAS,CPB,CINF,HRB,HRB,DGX,HBAN,PWR,DGX,HP,DGX,CA,NWSA,WAT,UNM,JNPR,CSC,EXPE,LEN,HRB,WYNN,CHRW,DRI,EXPD,GPS,FFIV,CINF,CINF,VRSN,CNP,IFF,CNP,CA,EXPD,FBHS,SNA,EXPD,WFM,WFM,ETFC,HRL,XYL,AMD,AMD,XL,IRM,DISH,CA,HOLX,BLKFDS,FMC,HOLX,NDAQ,XRAY,NCLH,TSCO,UDR,NDAQ,WYNN,DRE,NBL,GRMN,COG,WAB,TAP,VAR,MYL,TSCO,PNW,RJF,WRK,NI,FANG,WRB,ABMD,NI,AVY,CTL,CBOE,LUMN,PFG,MGM,HAS,FBHS,SJM,WHR,EVRG,MPWR,ABMD,LNT,LKQ,CAH,NLOK,AAP,EVRG,LNT,IEX,NLOK,NLOK,AES,BBY,OMC,WDC,LKQ,SEDG,JKHY,RE,TRMB,WRB,ESS,RCL,AXON,AKAM,DPZ,SYF,CAG,LNT,ESS,SWK
HRB,PRGO,JNPR,CVH,CINF,HBAN,CNX,IPG,EFX,VRSN,PCL,DGX,PCL,HRS,EXPD,IFF,SIAL,IFF,KIM,WAT,CBRE,CNX,NAVI,UNM,EXPD,CNP,URI,TRIP,HBAN,UNM,UNM,DRI,KORS,TSS,WYN,MRO,HOG,VRSN,HAS,SIG,UNM,ALB,TSO,IRM,SEE,SEE,DHI,FFIV,PKG,CHRW,HOLX,AMG,EXR,EXR,HCP,FMC,RE,VIAB,FFIV,JBHT,ADS,M,UHS,FMC,CPRT,COG,WRK,DRE,PKI,CTL,RE,VIAB,NCLH,RJF,LW,TXT,RE,AAP,WU,HAS,VIAC,COG,FFIV,ALLE,CBOE,LKQ,CPB,AAP,FBHS,NLOK,FFIV,LB,PHM,WRK,WAB,CNP,PTC,IPG,IPG,ABMD,EVRG,BIO,TECH,CEG,EVRG,XYL,AVY,AVY,HWM,TXT,TXT,TER,VTRS,EXPE,WDC,TYL,INCY,POOL,EQT,AVY,LKQ,WDC,TRMB,APA,MAS,MAS
PWR,EW,KMX,ARG,EA,CSC,IPG,CINF,IPG,EW,HBAN,CPB,VRSN,NEBLQ,CPB,LUK,NI,MHK,CMA,CSC,VAR,JNPR,EXPE,IPG,MWV,MAT,PVH,HAR,UNM,GMCR,TRIP,CSC,HAS,GT,VRSN,XRAY,GAS,HOG,JNPR,CBG,CBG,SRCL,KORS,HAS,AJG,IPG,FFIV,UHS,FBHS,RJF,FBHS,GWW,FBHS,KSU,AKAM,EXR,HOLX,TIF,CMG,HAS,PKG,NDAQ,REG,M,RJF,RJF,JKHY,RJF,PNW,HRL,HSIC,EMN,NBL,GRMN,ETFC,PKG,AVY,MRO,PNW,URI,WU,MYL,CINF,FOXA,NI,XRAY,ALB,BKR,BIO,CNP,XRAY,LYV,SJM,SJM,BFB,UDR,LKQ,LVS,EVRG,AAP,EMN,MKTX,TXT,MKTX,XYL,CZR,IEX,TXT,PARA,UDR,BFB,PTC,TYL,KIM,IPG,PTC,POOL,PTC,LNT,KMX,EVRG,LKQ,APA,DPZ,POOL,LDOS
SCG,RHT,PFG,BLL,DEN,DRI,CBRE,SCG,MNST,HBAN,GNW,TSO,MAS,CHRW,EW,BLL,CLX,FFIV,RL,SNI,CMS,EXPE,VMC,VMC,FLR,HBAN,CNP,VAR,EXPD,IFF,HAS,CPB,SCG,HBAN,TIF,TIF,GT,GT,EXPD,TSS,AJG,KORS,HAS,VAR,TSCO,SNA,HRL,IFF,URI,AMG,DRE,BWA,HAS,JNPR,BWA,KSU,MAA,VAR,M,CMG,COG,PVH,HII,KSU,ALB,AES,CPRT,COG,JKHY,NDAQ,CTL,UHS,EMN,AAP,WYNN,WU,REG,RJF,UHS,UHS,WRK,JBHT,MGM,HBAN,HAS,PKG,NTAP,UAL,CXO,FBHS,UAL,PKG,POOL,TXT,SJM,BIO,PHM,PKG,JBHT,BRO,CCL,OMC,LYV,QRVO,KIM,JBHT,UDR,BFB,DPZ,NLOK,NLOK,RE,BRO,IPG,RCL,LDOS,SNA,AKAM,WDC,NDSN,MAS,CFG,SYF,SYF,TSN,BG
CVH,TDC,SIAL,J,CSC,PHM,NLSN,HP,ARG,CMS,TDC,VMC,HBAN,CBRE,MAS,HRS,JNPR,CMS,CFN,TSO,NWSA,EXPD,MAS,VAR,IPG,MWV,CAM,FLR,CNP,EXPD,IPG,UNM,COH,HRB,LEN,XEC,LEN,CNP,KSS,KSS,HOG,NFX,LNT,XYL,IPG,ALK,DRI,DHI,CPB,LNT,CTL,CA,JNPR,COO,AMG,PRGO,UNM,MAA,COG,VAR,VAR,MOS,EXR,RJF,KSU,NCLH,VIAB,JKHY,CBOE,UHS,FRT,NBL,RJF,BFB,PKG,LKQ,LKQ,WU,TSCO,WRB,HII,FFIV,HSIC,FBHS,PNW,WU,CBOE,NTAP,RJF,XRAY,IFF,HAS,EVRG,JBHT,XRAY,WRK,NLOK,CNP,LNT,OMC,ABMD,LKQ,QRVO,LVS,LDOS,NVR,HST,NLOK,TXT,DPZ,LDOS,LVS,GEN,NTAP,MKTX,UDR,PHM,SYF,POOL,UDR,PKG,APA,SWK,PAYC,CAG,K
EXPE,GPS,SRCL,VMC,DHI,DEN,FFIV,ARG,CMS,CSC,EW,CINF,HRS,CPB,TDC,NEBLQ,BCR,TSCO,LLL,MAS,SNI,NAVI,IPG,SCG,NRG,MLM,MLM,MLM,CMA,SWN,CPB,HAS,CINF,LEN,PCL,WYN,TRIP,BBBY,GT,FL,HOLX,BBY,VAR,TSO,HAS,XYL,XYL,IPG,TIF,VAR,XL,UDR,CA,PVH,FBHS,HSIC,HSIC,KSS,NRG,FFIV,NDAQ,KORS,ALB,LNT,BEN,JNPR,HAS,NDAQ,FRT,PKI,APA,PNW,PNW,FRT,FTI,RE,PKG,AAL,AVY,PKI,HSIC,CPB,PNW,DISH,AVY,ALB,LW,WRK,UDR,RJF,CNP,EVRG,WRK,FBHS,FANG,PHM,XRAY,INCY,MAS,UAL,LYV,CTRA,NLOK,IPG,DPZ,IEX,BRO,OMC,HRL,INCY,CHRW,VTRS,MTCH,JKHY,AKAM,BRO,PKG,UDR,MGM,EVRG,LNT,TRMB,SJM,MAS,PODD,PKG
DRI,KSS,KIM,IRM,DRI,HSP,ARG,CBRE,CINF,ARG,IPG,VRSN,BLL,DGX,HRS,HRB,NEM,VMC,MCHP,VMC,HBAN,IPG,UNM,EXPD,URI,NAVI,RRC,FFIV,OKE,CMS,AES,COH,UNM,CA,ETFC,TSS,WYN,XEC,AMG,VRSN,SRCL,NI,EXPD,ALB,FBHS,LNT,UDR,KSU,DVA,IRM,UDR,CTL,DRI,FBHS,KSS,AMG,UHS,CINF,CINF,NLSN,IFF,NKTR,UDR,CPRT,M,DRE,RJF,FFIV,WAB,GRMN,FMC,ALLE,TIF,AVY,RJF,NI,EMN,TSCO,LNC,REG,TAP,UHS,MYL,WU,PKG,FOXA,FOXA,RJF,CINF,WRK,MGM,CHRW,WYNN,PKG,LKQ,EVRG,IPG,JBHT,AAP,EVRG,FBHS,TFX,MOS,LNT,APA,CCL,NLOK,JBHT,CHRW,SWK,TER,MTCH,HST,NDSN,KIM,SNA,TRMB,ETSY,CF,TRMB,NDSN,PKG,PAYC,L,SYF,DPZ
HBAN,MAR,NI,IFF,HP,ARG,HSP,BLL,FDO,TDC,VMC,GNW,CPB,LEN,CMS,SWY,DPS,LUK,SNI,IPG,MLM,SPLS,DHI,JNPR,FFIV,PVH,DRI,HBAN,HRB,MLM,QRVO,QRVO,GT,HAS,CA,EXPD,CTAS,GAS,LEN,HOLX,HBAN,CTAS,AKAM,FL,PVH,KORS,NFX,DRI,FMC,PVH,SLG,DRI,PVH,TIF,MAA,AVY,ADS,NLSN,ALB,ZION,MOS,HOLX,PKI,NDAQ,FFIV,IRM,PKI,VIAB,FMC,PNW,TIF,HSIC,DISCK,RE,EMN,EMN,ANET,PKI,WRB,TAP,GL,CNP,LW,UAL,HBAN,AVY,UDR,CPB,JBHT,IFF,PHM,LUMN,HRL,AAL,JBHT,LNT,SJM,PWR,LDOS,MOS,FFIV,CF,TFX,EVRG,UAL,LYV,CHRW,CHRW,FMC,KIM,HWM,BFB,EVRG,PTC,RE,PEAK,WRB,TFX,UDR,FMC,WDC,LDOS,STX,SJM,UAL,WRB
XRAY,PVH,AA,HP,FFIV,VMC,HP,FFIV,DEN,GNW,BLL,PETM,CMS,GNW,CHRW,PCL,GPS,IPG,UNM,IFF,SWY,HBAN,CMA,HBAN,CPB,FFIV,FTI,EXPD,MAT,MAT,MCHP,HRL,KLAC,COH,COH,PCL,VAR,HRB,WYN,JNPR,CTAS,LEN,PNW,SNA,SNA,PVH,SEE,URI,DRE,SLG,BWA,EXR,UDR,IRM,TIF,TIF,ZION,PRGO,WHR,ALB,UHS,COG,CBOE,JNPR,DRE,HAS,KMX,TPR,NDAQ,FMC,NRG,JKHY,TAP,VAR,VNO,VNO,TXT,ANET,VNO,AVY,BKR,WRK,PHM,NI,ALLE,HSIC,HBAN,HSIC,XRAY,PHM,CHRW,JBHT,FANG,BFB,PKG,LKQ,FANG,PTC,LKQ,IPG,KIM,LNT,PWR,ATO,ABMD,GNRC,EMN,BXP,KIM,LVS,IP,LW,CBOE,LW,BRO,IP,IP,LDOS,NDSN,LNT,EPAM,MGM,LDOS,LKQ,CFG,NDSN
BMC,WEC,SPLS,MWV,IFF,IPG,BLL,HSP,VRSN,IPG,IFF,BLL,CBRE,PCL,IFF,PWR,KLAC,CPB,DGX,CMS,EXPD,VMC,LEN,MUR,HBAN,CHK,SNA,SNA,DHI,ETFC,GMCR,AES,IPG,UNM,EQT,KSU,VRSN,PNW,VRSN,UNM,ALK,AJG,AJG,AJG,COO,COO,AJG,XYL,EXR,TIF,EXR,DRE,LNT,CA,AVY,IT,AMG,CMG,DRE,QRVO,CMG,TSCO,HRL,URI,AES,M,URI,GRMN,IRM,FTI,PKI,DISCK,RE,MRO,ARNC,RJF,DISCK,PKG,TAP,APA,UAL,AAP,CPB,RCL,LW,HBAN,XRAY,PNW,NLOK,CXO,WHR,PHM,LNT,DVN,UDR,SJM,LDOS,FANG,EMN,FBHS,WHR,IRM,KIM,AES,INCY,KMX,INCY,VTRS,BFB,APA,NDSN,CPT,RCL,TRMB,LNT,HRL,LDOS,PKG,HST,EPAM,MOS,MAS,CE,IP,L,MRO
PNW,EQT,DGX,XRAY,HBAN,CNX,IFF,DEN,HBAN,BLL,ARG,AVP,HSP,EW,BLL,HSP,CCE,HRS,HRB,EXPD,VMC,SWY,SEE,EXPE,DHI,NWSA,NRG,UNM,VAR,FFIV,COH,VAR,DRI,XRAY,HRB,UNM,PNW,VAR,HOLX,LEN,JNPR,HOLX,TSS,PVH,LNT,AJG,TIF,SEE,UHS,FBHS,DRI,FBHS,ARNC,UDR,HAS,ARNC,ALB,KORS,ADS,BEN,QRVO,HII,DISCK,DRE,NWL,NI,PNW,IRM,RJF,NI,BEN,URI,ARNC,TAP,TIF,PHM,WRK,VNO,HII,CHRW,COG,WYNN,RJF,MYL,FOXA,ALLE,ALLE,ALLE,WRK,TXT,ATO,UDR,LUMN,UDR,EVRG,LUMN,LVS,PHM,CTXS,LDOS,TFX,AAP,AAP,AVY,PKG,INCY,LKQ,LKQ,NVR,TECH,GNRC,UDR,PTC,EQT,IP,LNT,STX,EQT,STX,MGM,SEDG,NDSN,CFG,TRMB,LNT,ZBRA
IFF,RSG,BWA,HBAN,LEN,BLL,TMK,IFF,MWV,DEN,CMS,HRS,GNW,IFF,CBRE,HBAN,EA,EXPE,NWSA,HBAN,PWR,IFF,HBAN,CMA,PETM,FLR,UNM,IPG,PVH,URI,VAR,CTAS,CNP,SCG,XRAY,BBBY,KORS,MNK,BWA,SRCL,CMA,VRSN,LEN,CBG,BF.B,MAC,COTY,KSS,PNW,EXR,ARNC,LNT,VAR,HAS,NCLH,QRVO,JBHT,NDAQ,QRVO,CF,AAP,UDR,CPRT,WYNN,HFC,NDAQ,CF,LW,NOV,WAB,GRMN,ARNC,FRT,WU,MYL,CHRW,CMA,LKQ,REG,AAP,DRI,NRG,FBHS,PHM,L,BKR,RJF,LW,ALLE,LW,UDR,XRAY,UDR,PTC,PTC,HWM,AAP,WRK,WRK,LNT,UAL,FFIV,PKG,UAL,NVR,TTWO,PAYC,PKG,ABMD,CTXS,HST,IP,IP,UAL,LDOS,MKTX,SYF,TECH,TRMB,MAS,TAP,VTRS,IP,NDSN,NDSN,AMCR
WIN,MCO,XL,FFIV,BLL,IFF,FDO,TMK,IFF,VMC,TMK,TDC,CINF,PWR,PCL,J,PVH,PCL,WAT,CPB,TSO,SNI,IFF,DHI,NAVI,SNA,FLR,AES,CPB,CPB,KLAC,CPGX,TSS,SPLS,SCG,CTAS,DRI,LEN,CBG,PNW,VRSN,AES,XYL,LEN,NFX,VAR,EXR,PNW,CMG,UHS,UHS,NCLH,PNW,VAR,HII,HCP,FMC,JBHT,UHS,DRE,NCLH,HRL,M,JBHT,DISCK,VIAB,NDAQ,TIF,FTI,DISCK,DISCK,CF,HSIC,PKG,NRG,URI,PKI,AVY,PKI,WU,IRM,RJF,L,CPB,LKQ,LW,BKR,UDR,LW,JBHT,JBHT,LDOS,FBHS,LNT,WYNN,HRL,JBHT,IRM,AAL,CAH,LNT,SJM,BBWI,ABMD,AVY,WRB,MAS,CE,ETSY,STX,KIM,NDSN,RE,DPZ,HST,KIM,UDR,SWK,PKG,LYV,TECH,STX,MAS,CCL,HST,HST
IRM,WYNN,FRX,JOY,PNW,PNW,MWV,MWV,VMC,IFF,DRI,ARG,EW,CMS,EXPE,SCG,MUR,MAS,XL,SWY,SPLS,CPB,TRIP,TRIP,LEN,AES,GCI,NRG,GT,HAR,CMA,FTI,CTAS,MAT,MAT,EQT,AMG,AMG,PNW,HBAN,LEN,HOG,NFX,KORS,XRX,PNW,HBI,ZION,STX,XEC,VIAB,RE,SLG,REG,ZION,JBHT,NDAQ,UHS,HII,HRL,FFIV,LKQ,NKTR,ADS,PNW,RE,NI,TTWO,HAS,BEN,EMN,RE,URI,CMA,WHR,NRG,HII,NI,APA,TXT,NRG,EMN,WU,L,ALB,DISH,MGM,FOXA,UHS,WHR,JKHY,WHR,DVN,WYNN,FBHS,BFB,WHR,WHR,CBOE,KIM,CAH,IPG,LKQ,PKG,SJM,CHRW,HRL,KIM,LVS,LDOS,ABMD,POOL,SIVB,IP,TYL,TRMB,AKAM,BFB,KMX,CFG,TRMB,KMX,ZBRA,CE,IP,UAL
FOSL,OKE,LNC,BMC,MWV,MWV,DEN,TSO,FFIV,HSP,CPB,IPG,IFF,TDC,SPLS,CBRE,LLL,SWY,FMC,MLM,IFF,MAS,CPB,IFF,AES,MUR,MWV,PVH,URI,VAR,WYNN,GT,ETFC,CTAS,KORS,CNP,CPGX,CBG,TIF,WYN,PNW,XYL,CBG,LNT,MOS,BF.B,URI,LNT,CA,MRO,PVH,PNW,VIAB,BWA,DISH,AMD,BWA,HRL,NLSN,UDR,PRGO,NWL,JBHT,AES,TIF,PKI,FFIV,FRT,VIAB,LW,ALLE,BEN,LW,JBHT,CMA,JBHT,CHRW,CF,TXT,GL,DVA,RCL,HST,MGM,WRB,UAL,WRK,CBOE,CCL,UDR,WRK,TPR,PKG,PWR,LNT,FMC,PKG,CBOE,BRO,CBOE,CBOE,KIM,CAH,IRM,IEX,JKHY,JKHY,CTXS,CBOE,PKG,APA,CHRW,TECH,GEN,GEN,PKG,WDC,MAS,WRB,TECH,KMX,MOS,LNT,UAL,GEN,RVTY
HSP,CHRW,WYND,FDO,PWR,TMK,PNW,SNI,TMK,DRI,HRS,CBRE,PHM,IPG,IPG,HAR,TAP,HBAN,MNST,PWR,IPG,SCG,SNI,FLS,RHI,FLS,AES,CMA,ETFC,HAS,KORS,CNP,SPLS,ETFC,CMA,HRB,BBBY,TSS,BBBY,UA,NFX,WYN,ALK,NFX,GT,FBHS,CBG,HAS,REG,CBOE,LNT,PVH,ZION,AVY,XEC,UHS,TIF,FFIV,XRAY,AAP,JBHT,NRG,PKG,PKI,CF,MAS,MAS,DISCK,BEN,VIAB,CF,TIF,PKI,DISCK,DVN,CF,PHM,REG,AAL,MYL,ABMD,GL,UHS,FFIV,RE,TXT,WU,LKQ,LUMN,HWM,LW,HST,CHRW,BIO,CTXS,AAL,FMC,AAP,WHR,EMN,SJM,NLOK,IPG,KIM,HRL,PAYC,SBNY,NVR,WRB,NVR,TECH,DPZ,BFB,SNA,CBOE,APA,PEAK,WRB,CHRW,TAP,BFB,MTCH,NDSN,LYV,ZBRA,CAG
MWV,CNP,NRG,PWR,TMK,BMC,GNW,SWY,BLL,XRAY,EXPE,EW,HAR,BBY,SCG,TSO,WEC,NBR,TSCO,LUK,CPB,SEE,SCG,SWY,PCL,UNM,FFIV,DHI,NRG,KORS,CNP,KLAC,MNK,VRSN,HAS,VAR,NDAQ,DRI,PVH,TIF,XYL,GAS,VRSN,UNM,AES,TSCO,PVH,MAC,COTY,BFB,STX,TIF,AVY,ZION,UHS,VRSN,ARNC,LNT,LKQ,KORS,LKQ,ZION,VAR,BEN,FTI,BEN,FRT,NI,WRK,FRT,FTI,COG,AVY,TIF,WU,TAP,GL,EMN,WRK,ALB,FFIV,HSIC,WRB,PNW,MYL,RJF,CXO,UHS,TXT,FFIV,L,FFIV,FFIV,CNP,HWM,FBHS,HRL,SJM,FOXA,WHR,MKTX,SEDG,INCY,LDOS,EMN,LKQ,SJM,CBOE,PTC,CBOE,PTC,SNA,SNA,BFB,JKHY,SWK,NDSN,MKTX,CPT,KIM,HST,LNT,MOS,EVRG,MOS,KEY
FDO,DGX,AEE,TMK,IRM,DHI,DRI,VMC,HSP,TMK,EA,EXPE,ARG,XYL,BBY,IPG,FLS,GT,CBRE,HAR,FMC,NWSA,MUR,PETM,UNM,FMC,CPB,HP,TRIP,OKE,ETFC,MAT,GAS,CNP,QRVO,FCX,TIF,CTAS,TSS,GAS,GAS,JNPR,FFIV,PNW,PNW,XRX,FBHS,COO,FRT,STX,JBHT,QRVO,REG,SNA,EXR,RE,VRSN,DRE,HRL,LNT,VIAB,PKG,KORS,HII,JNPR,NBL,FTI,WAB,MOS,NOV,TMK,GRMN,GRMN,NRG,MRO,CMA,HSIC,MYL,GL,LKQ,PRGO,LKQ,AES,RJF,UHS,CPB,WRB,SNA,CBOE,WYNN,FOXA,FBHS,ATO,TPR,SNA,XRAY,FBHS,ALLE,PKG,LVS,IRM,MOS,ATO,BBWI,JKHY,AES,DPZ,HWM,BXP,HST,DPZ,IPG,POOL,CPT,HRL,STX,TFX,KIM,SWK,JKHY,LDOS,EVRG,LYV,MOS,LKQ,KIM
SNI,MKC,PCL,TRIP,XRAY,LEN,HRS,HRS,SCG,FDO,XRAY,CMS,TSO,PHM,HAR,EXPE,CTXS,SCG,MKC,TGNA,LUK,SNA,FLS,LEN,RRC,RHI,ETFC,HRS,DISCK,RRC,CINF,CMA,CMA,HAR,CTAS,CPGX,CVC,BWA,NTAP,CTAS,VAR,VAR,NI,ALK,CBG,UNM,ARNC,COTY,XEC,REG,TIF,SLG,DRE,SLG,JBHT,MAA,DRE,HAS,CF,IFF,UDR,ALB,JNPR,NLSN,IRM,FRT,DISCK,ZION,AVY,CF,AVY,AVY,BEN,HSIC,LKQ,WRK,VNO,CMA,URI,LNC,AAP,WU,LKQ,HSIC,CPB,IRM,HSIC,PWR,CPB,ALLE,AAL,WRK,LDOS,ATO,CNP,WHR,HWM,FBHS,SJM,LYV,FMC,CDAY,FMC,HWM,CRL,BBWI,HWM,NI,LYV,LYV,LW,RCL,CPT,POOL,SNA,EQT,CTLT,IP,INCY,BFB,LYV,IPG,L,CFG,LYV,SJM
CLF,SPLS,LH,SNI,BMC,FDO,SWY,FOSL,CBRE,HRS,FDO,DRI,TMK,HSP,HSP,TDC,JWN,TSO,BLL,FDO,NAVI,LEN,SWY,SNA,PNW,RRC,HRS,HRB,MWV,CNP,GT,TRIP,VAR,FFIV,BLKFDS,NTAP,PCL,NDAQ,CTAS,BWA,ETFC,CBG,PVH,TSS,UNM,IRM,VAR,LEN,LNT,ALK,ZION,VAR,XL,UHS,KORS,BWA,DVA,ADS,DVA,MOS,ALB,JBHT,SNA,PVH,URI,TIF,TIF,BEN,FFIV,HSIC,ARNC,FRT,ALLE,DVN,ALLE,GL,ETFC,CHRW,HSIC,IRM,REG,WRB,COG,ALB,RCL,WRB,UHS,ROL,FFIV,AAP,NRG,LNT,BFB,PENN,LUMN,AAP,WRK,XRAY,KIM,PTC,PHM,PHM,UAL,HRL,CHRW,SEDG,TFX,LVS,MAS,PTC,SWK,ETSY,UDR,UDR,PKG,PHM,KIM,CPT,LYV,LDOS,IPG,TECH,VTRS,HST,IPG,TRMB
TMK,KIM,CA,IPG,IPG,XRAY,XRAY,BMC,HRS,TSO,CBRE,EA,IPG,ARG,CINF,CINF,SRCL,PWR,VAR,HRS,ARG,FMC,ESV,RHI,SNA,CPB,RHI,ETFC,IPG,HRB,CTAS,IPG,CVC,FTI,VAR,GAS,DISCK,NTAP,GAS,PVH,SIG,PVH,NDAQ,CMA,FFIV,TSS,JBHT,VAR,BWA,BWA,GWW,JNPR,VRSN,CF,SLG,JNPR,HRL,VRSN,PRGO,NCLH,DRE,IFF,DRE,NI,NLSN,XRAY,XRAY,HAS,PKG,PVH,MYL,MYL,HII,PKI,APA,MYL,NBL,TAP,LKQ,HSIC,LYV,HII,ALB,RE,RJF,RE,PNW,NI,AAP,UHS,TXT,TXT,TXT,LDOS,HRL,JBHT,AAL,KIM,XRAY,SJM,IPG,CAH,ABMD,VTRS,HST,TFX,MGM,MAS,CTXS,NDSN,LYV,CTLT,PKG,PKG,STX,CPT,BFB,CHRW,CCL,WDC,AXON,CE,HST,IPG,KIM,LYV
HRS,KMX,PVH,POM,FDO,SWY,VMC,XRAY,GNW,SCG,SCG,TMK,PWR,VRSN,PETM,MAS,AKAM,NAVI,FFIV,NAVI,SEE,DHI,SNA,CPB,FMC,RL,JNPR,LEN,CTAS,GT,HRL,CINF,MAT,VAR,MNK,HAS,CF,CVC,AES,CMA,WYNN,FFIV,AES,FFIV,CMA,MOS,BF.B,HP,CHRW,QRVO,RE,AVY,SNA,LNT,JNPR,CF,LNT,BWA,BWA,XRAY,CF,VIAB,LKQ,PNW,MAS,FTI,SNA,ALB,PVH,WRK,IRM,WRK,JEC,IRM,GL,PKI,NRG,GL,CHRW,DISH,JNPR,TAP,JNPR,LKQ,DISH,L,OXY,BWA,HST,L,DISCK,NLOK,HWM,LKQ,LDOS,LDOS,HAS,HRL,INCY,IRM,CF,UAL,HRL,MAS,WRB,EMN,RCL,APA,PKG,NI,BXP,TECH,NDSN,TFX,CPT,WDC,DPZ,HRL,MOS,STX,MTCH,UDR,TAP,ZBRA,KEY,LNT
QEP,BWA,TIF,HRL,SNI,SNI,BMC,DRI,XRAY,PWR,PHM,FFIV,TDC,HAR,ARG,FFIV,RSG,GRMN,EXPD,SPLS,FDO,LUK,PETM,GT,CTAS,DISCK,NAVI,MWV,LEN,DISCK,XRAY,ETFC,TRIP,CMA,JWN,CMA,UNM,TIF,DRI,VAR,DRI,AMG,FL,NDAQ,ALK,DRI,PNW,JBHT,PVH,DVA,PNW,DVA,HRL,TMK,UDR,DISH,HAS,LKQ,HAS,CINF,HII,VAR,LNT,QRVO,PKI,HII,JBHT,CF,TPR,JNPR,JEC,JEC,PKG,EMN,PKI,WHR,CF,DISCK,LYV,PKG,EMN,CCL,RE,WRB,NRG,WYNN,NI,PNR,FOXA,LYV,BWA,PWR,SNA,AAP,PWR,WYNN,ATO,CTXS,LVS,MRO,BFB,FBHS,MKTX,RHI,IPG,WRK,LYV,EMN,CRL,EMN,UAL,MGM,LW,L,MGM,HST,VTRS,PARA,TAP,VTRS,CE,WRB,EVRG,ENPH,EVRG,VTRS
IPG,FRX,JWN,HSP,JOY,PWR,SNI,GME,TGNA,CBRE,HSP,PHM,LEN,TMK,TMK,BBY,RHT,MWV,PLL,ARG,SCG,RHI,RHI,NWSA,DISCK,PETM,CMA,DISCK,FLR,WYNN,DISCK,SCG,PNW,MNK,FTI,KORS,ETFC,CPGX,VAR,GT,TRIP,UNM,QRVO,JNPR,ETFC,NFX,MAC,FBHS,WU,FRT,ALK,ZION,UHS,JBHT,SNA,KORS,LB,XEC,UDR,LKQ,ZION,PKI,NDAQ,MAS,NI,DISCK,ZION,WRK,HSIC,RE,URI,LW,JNPR,ALLE,PHM,IRM,PNW,JBHT,DISH,WRK,AIZ,REG,HII,WHR,IRM,MYL,L,WRB,L,HST,AAP,LW,CNP,CHRW,L,PKG,BFB,JKHY,IRM,FFIV,MOS,CBOE,PHM,FOXA,QRVO,ABMD,L,UAL,HST,ABMD,PKG,ABMD,CRL,MTCH,NDSN,CTLT,KEY,JKHY,MAS,HST,WRB,AES,PODD,KIM,AES,AES
DOFSQ,WYND,CPB,HAS,HSP,GNW,TGNA,PNW,DRI,GME,FFIV,IFF,DHI,DHI,LEN,ARG,MCHP,LEN,IPG,SCG,SNA,FDO,XRAY,CNX,DRI,CMA,NWSA,CHK,HAR,CTAS,OKE,TSS,FTI,GAS,COG,DRI,HBAN,TRIP,NDAQ,BBBY,CVC,FL,JNPR,KSS,LEN,TIF,HP,WYN,ZION,VRSN,REG,VRSN,QRVO,VRSN,IRM,NDAQ,UDR,IRM,IFF,IRM,LNT,QRVO,COG,ZION,FRT,URI,AVY,FTI,JNPR,FFIV,LW,NRG,BFB,DXC,AVY,FRT,NI,HII,NBL,VNO,LKQ,UAL,WYNN,NRG,JNPR,NI,TXT,MGM,LKQ,CBOE,CBOE,JKHY,PWR,HRL,ABMD,IPG,JKHY,HAS,PTC,PKG,INCY,WHR,CHRW,BIO,HWM,HWM,WRK,TFX,EMN,MAS,MAS,SWK,CHRW,CRL,UDR,JKHY,SWK,NDSN,BFB,WRB,KIM,LYV,IPG,VTRS,SJM,GEN
XYL,LH,TXT,BTU,HRS,EXPE,GME,GNW,PNW,FFIV,XYL,XRAY,EXPE,PETM,GRMN,TMK,WYND,HAR,VMC,SNA,HRS,ARG,ARG,DRI,ARG,HRS,DISCK,RL,WYNN,RL,MAT,OKE,XRAY,PVH,SPLS,COG,TSS,JWN,WYNN,CF,PVH,NDAQ,TRIP,MNK,KORS,KSS,LNT,BF.B,HRL,CMG,DVA,REG,TIF,FRT,CF,FBHS,KORS,UDR,LNT,DVA,AVY,BEN,IRM,FRT,ZION,ALB,RE,JNPR,DISCK,AVY,SNA,HII,WRK,GL,FRT,ETFC,MYL,LYV,EMN,LYV,IPG,PRGO,DISH,REG,FFIV,UBFUT,RE,LUMN,WYNN,LUMN,ALLE,FOXA,BIO,SNA,IPG,ALLE,CTXS,ATO,FBHS,FOXA,RHI,INCY,IRM,JKHY,LVS,BFB,CTXS,SBNY,APA,CE,SNA,AAP,SWK,CPB,SWK,L,EQT,NI,KIM,PKG,VTRS,BFB,JKHY,TAP,TRMB,LKQ
TRIP,FMC,TSO,SWY,FOSL,TGNA,FOSL,HRL,TSO,XYL,FOSL,HSP,SCG,SCG,VRSN,PETM,MNST,ARG,IFF,NEBLQ,PETM,MWV,NWSA,ARG,MUR,SCG,CTAS,CPB,GCI,IPG,SCG,TMK,RL,AES,DISCK,QRVO,POM,HBAN,HBAN,FLR,FL,WYNN,WYNN,AES,KSS,LEN,ZION,HBI,SCG,CPB,NDAQ,CPB,AKAM,HRL,VRSN,AOS,AVY,RE,MOS,XEC,KORS,SNA,NLSN,EQT,SNA,NLSN,JNPR,AVY,CF,PKG,HII,SNA,WHR,URI,WRK,QRVO,JBHT,DVN,WHR,DISCK,ARNC,JNPR,WHR,CCL,TXT,UHS,SNA,FFIV,SNA,FOXA,DVN,L,HAS,HST,CHRW,PWR,PWR,LDOS,MOS,WRK,LDOS,HRL,FOXA,INCY,VTRS,IPG,IPG,LYV,CE,LW,KMX,L,MGM,NI,TECH,BFB,TECH,PEAK,L,MTCH,CZR,INCY,HRL,NI,JKHY,L
LUK,ADSK,NVDA,EA,SWY,FOSL,HRL,PWR,PWR,FOSL,PWR,PWR,XRAY,CINF,XYL,GRMN,MAC,TMK,HBAN,MWV,CINF,CINF,FDO,SNI,TRIP,NRG,RL,MUR,DRI,FLR,TMK,XRAY,VRSN,KORS,PVH,PNW,MNK,UNM,TRIP,OKE,KORS,TRIP,WYN,WYN,TIF,VRSN,TSS,TIF,IRM,ZION,VRSN,SNA,NCLH,DRE,AOS,MOS,IRM,M,VIAB,UHS,DVA,IRM,ZION,NCLH,HII,HFC,HII,XRAY,URI,HII,JNPR,TPR,APA,WHR,URI,ABMD,DXC,ETFC,ETFC,JBHT,HAL,PHM,GL,IRM,UAL,NRG,GL,CXO,LYV,PWR,SNA,SNA,LYV,LUMN,LYV,ATO,UHS,BFB,BFB,LNC,CHRW,FMC,CBOE,APA,MKTX,QRVO,BFB,PTC,NDSN,VTRS,VTRS,LYV,L,HST,DPZ,CHRW,CHRW,TRMB,VTRS,DPZ,UDR,IP,MTCH,ROL,ROL,IPG
RHI,SRCL,HRB,FOSL,EXPE,FFIV,PWR,SEE,LEN,TGNA,SEE,TGNA,PETM,TGNA,TSO,GT,EXPD,XYL,NEBLQ,TDC,LEN,PWR,GT,CINF,CMA,CTAS,CINF,HAS,HAS,LUK,JBHT,GAS,PCL,CVC,GAS,CVC,NI,JBHT,NI,RRC,NI,UA,UNM,TIF,TSS,AES,WYNN,ARNC,VAR,WU,VAR,WU,TMK,PNW,TMK,FFIV,NRG,NRG,IRM,JNPR,IRM,LNT,QRVO,JEC,ADS,SNA,NWL,RE,BFB,LKQ,WU,PKG,NRG,ABMD,IRM,NBL,MRO,WRB,JBHT,FBHS,MGM,SNA,LNC,TXT,MGM,BWA,ROL,L,BWA,LKQ,IRM,HWM,NLOK,HAS,BIO,LYV,LUMN,AAL,LUMN,RHI,HAS,ATO,CTXS,WRB,L,DPZ,NI,ABMD,NI,UAL,WDC,PKG,WDC,SWK,CRL,NDSN,APA,APA,HRL,CPT,IP,TAP,KIM,RVTY,TAP,IP
GAS,CA,FMC,HRS,HRL,HRS,PHM,TGNA,FOSL,EXPE,MWV,SEE,AVP,TSO,DRI,XYL,RL,TGNA,SWY,PCL,HRL,HRS,MWV,CTAS,CINF,FTR,SCG,DRI,RL,NRG,HAR,VRSN,RHI,URI,URI,FFIV,JWN,ETFC,JBHT,XYL,WYN,RRC,CMA,GT,AMG,ETFC,IRM,TSS,AYI,HBI,CPB,TMK,CPB,COTY,MOS,COTY,AOS,MOS,AAP,HII,HRL,DRE,AVY,IPG,JBHT,JBHT,NLSN,JBHT,JBHT,SNA,BFB,IRM,NOV,VIAB,JBHT,MRO,TAP,TXT,FBHS,HII,ALB,RE,PRGO,PRGO,GL,PNW,BWA,GL,PWR,AAL,LKQ,CNP,AAP,L,ATO,CBOE,IRM,HWM,FFIV,CHRW,MRO,CHRW,FFIV,AAP,AAP,CTXS,QRVO,RE,BIO,MGM,STX,WDC,MAS,RCL,CE,MAS,CPT,HST,BWA,MOS,APA,KIM,KMX,JKHY,APA,TECH
STZ,AEE,VAR,EXPE,GNW,ZION,DHI,SNA,SNA,MWV,HAS,LEN,DRI,AVP,ETFC,MWV,TSCO,CINF,LUK,TMK,MWV,HAR,DRI,FDO,IRM,GCI,MUR,FMC,HP,HRL,RL,HAR,HAR,PCL,RL,JWN,RL,NI,FLR,CVC,FFIV,STX,AMG,NI,NI,CBG,GT,TMK,GWW,LB,QRVO,JBHT,FRT,KORS,TSCO,TMK,WU,AVY,WU,WU,SNA,JNPR,ARNC,IVZ,PKG,NWL,PKG,HII,LKQ,ALLE,PKG,DISH,TMK,CPB,HSIC,HII,IRM,PHM,DISCK,WHR,TXT,FANG,WRK,WYNN,SNA,JNPR,LYV,RE,GL,CPB,PWR,BWA,LKQ,HWM,UHS,TPR,ALLE,LYV,LNC,XRAY,PNR,HAS,WRK,CTXS,BFB,MAS,LVS,L,UAL,BXP,RE,CRL,HSIC,HSIC,BFB,BWA,HRL,WYNN,TFX,HRL,ETSY,L,INCY,BFB,RVTY,KMX
NBR,TXT,CFN,GAS,BTU,HRL,LEN,LEN,GME,PHM,TGNA,SCG,BBY,SEE,HRL,LEN,XL,J,CMS,GT,PCL,HRL,HP,FMC,NWSA,DRI,MAT,FLS,LUK,FDO,TSS,RHI,LUK,OKE,HAR,URI,FFIV,FFIV,UNM,UAC/C,NDAQ,HP,SRCL,AMG,DRI,GT,COO,FTI,SNA,GWW,HBI,UHS,JBHT,TSCO,WU,XEC,CF,WU,IPGP,PRGO,TSCO,IVZ,IVZ,RE,ARNC,PKG,HFC,NLSN,JEC,MOS,MHK,BFB,WU,WRK,KIM,HSIC,FRT,APA,MRO,CF,SNA,LNC,DVA,HST,BWA,LYV,CCL,TXT,HSIC,HSIC,IPG,ATO,FOXA,JKHY,IRM,HAS,CBOE,PNR,JKHY,PHM,LVS,BFB,BIO,HAS,CTXS,VTRS,PTC,HST,SBNY,SNA,NI,CPB,NI,GL,L,CE,NI,DPZ,PEAK,AAL,JKHY,JKHY,UDR,AES,MGM,MGM
EA,LNC,CBRE,XYL,SNA,SNA,SNA,HAS,PHM,PNW,DEN,MWV,MWV,DRI,SNA,SNA,CHRW,DHI,MLM,J,TMK,PCL,HRS,PNW,FLS,ARG,HRL,NWSA,NAVI,HP,FTI,NWSA,GPS,DISCK,FFIV,FLR,MRO,WYNN,JWN,JBHT,GT,DRI,KSS,BWA,WYNN,WYNN,LEN,AMG,VRSN,SEE,FRT,AMD,PHM,NCLH,NDAQ,SNA,IPGP,CF,AVY,WHR,NRG,PRGO,BEN,IRM,ALK,IPG,BEN,PKG,RE,IRM,WRK,MHK,TPR,HII,VIAB,KIM,KIM,NOV,PKG,EMN,DISCK,WHR,CCL,JNPR,DVA,GL,PNR,WU,RE,NRG,HWM,LKQ,HST,FOXA,ALLE,HST,FFIV,LUMN,PNR,INCY,PKG,PKG,WHR,CBOE,NI,L,SNA,HAS,IPG,SBNY,IPG,NRG,TFX,CHRW,PHM,GEN,HST,VTRS,JKHY,INCY,STX,CZR,PNR,GL,VTRS,ROL
SNA,TIF,CNX,QEP,XYL,HAS,QEP,PHM,HRL,SNA,SNA,XYL,TGNA,MWV,PHM,SEE,WU,SPLS,MHK,NBR,CTAS,XRAY,CINF,PCL,FDO,HRL,PCL,NAVI,HRL,JBHT,NRG,PHM,QRVO,RHI,CNP,NDAQ,BWA,XYL,CVC,AES,BWA,CMA,GT,ETFC,NDAQ,NI,AMG,IRM,CBOE,NI,WU,AKAM,DVA,CPB,XL,UDR,M,DVA,RE,RE,RHI,REG,AES,TMK,IPG,BFB,IPG,WHR,HII,TPR,DISH,WHR,IPG,PHM,QRVO,SNA,WHR,PNW,IRM,NRG,FBHS,DVA,IRM,WRK,COG,WRK,LKQ,OXY,WU,IPG,CPB,AAP,L,NLOK,TPR,IRM,TPR,UHS,HWM,BFB,LUMN,PTC,PTC,HST,RHI,AAP,CRL,IPG,VTRS,IPG,L,GL,CPB,MKTX,EQT,MTCH,BWA,BWA,LDOS,CE,FMC,CPT,TECH,CDAY,CDAY,CRL
URBN,NVDA,TAP,WIN,POM,JOY,ZION,JOY,EXPE,JOY,HRL,DHI,XYL,GT,MWV,POM,UNM,SNA,SPLS,PETM,DRI,MLM,HAR,XRAY,SNI,CINF,FMC,GCI,FMC,RHI,RHI,LUK,OKE,DRI,JBHT,HAR,JBHT,POM,CF,TRIP,NTAP,JBHT,NTAP,QRVO,MNK,TRIP,XRX,GT,BFB,SCG,AOS,CF,AOS,KSS,RE,M,FBHS,IPG,JNPR,TSCO,REG,DVA,RE,PRGO,RE,AVY,ALB,HSIC,ALB,ZION,IPG,JNPR,MOS,QRVO,FFIV,FFIV,FFIV,NRG,AAP,FRT,CF,DISCK,REG,SNA,ROL,CCL,HST,NRG,PNW,BWA,UHS,CBOE,JKHY,IPG,AAP,CHRW,PNR,L,LYV,PNR,ATO,MRO,FBHS,CHRW,FFIV,LVS,AAP,NDSN,AAP,FOXA,CRL,MAS,KMX,MAS,HSIC,AKAM,WYNN,KMX,NI,BWA,HRL,GEN,ROL,MGM,NRG,PNR
HRL,TSO,UUM,SNA,ZION,GAS,GAS,GAS,GRMN,HAS,JOY,SNA,SEE,GRMN,XRAY,NBR,DGX,POM,CPB,CINF,DHI,PETM,PCL,HRS,LUK,PCL,FDO,CTAS,SCG,CINF,VRSN,PCL,AES,PNW,TMK,JBHT,XYL,ADT,XYL,NI,JBHT,ALK,HBAN,SRCL,WYN,NDAQ,WYN,NFX,QRVO,NDAQ,AVY,AOS,NDAQ,MOS,COTY,IPG,XEC,TMK,TSCO,FRT,XEC,RHI,FRT,PKG,TMK,ZION,BWA,SNA,SNA,NLSN,KSS,TMK,JBHT,LKQ,SNA,DISCK,DVN,HSIC,NRG,IPG,WYNN,IRM,SNA,BWA,HST,FFIV,FFIV,LB,HWM,SNA,HST,FANG,TPR,ALLE,LNC,JKHY,L,SNA,FMC,AAL,LNC,LVS,JKHY,PHM,LKQ,AAL,HSIC,CRL,LW,RE,NLSN,HII,GL,MGM,PARA,TECH,L,L,CE,NI,PEAK,HRL,CDAY,INCY,NI,EVRG
SWY,NRG,CMS,GNW,HAS,PBCT,SEE,ZION,GT,QEP,GRMN,HAS,HRL,SNA,GT,AVP,VAR,PHM,TGNA,VRSN,RHI,TGNA,MLM,MWV,XRAY,FDO,FLS,GT,RHI,TMK,LUK,URI,TMK,JBHT,FLR,FTI,NTAP,AES,FFIV,FFIV,FLR,HBAN,FLR,URI,RRC,FTI,KORS,BWA,MOS,SNA,TMK,NI,WU,RE,DRE,WU,IPG,AMD,AOS,SNA,WU,ARNC,JEC,LKQ,LKQ,ALLE,WHR,LKQ,QRVO,QRVO,TPR,MOS,QRVO,SNA,HII,NOV,ABMD,WHR,CF,SNA,PHM,VNO,TAP,GL,TAP,SNA,IRM,HST,WRB,WRB,WYNN,MHK,LW,MHK,FOXA,SNA,SNA,LNC,PHM,JKHY,HRL,LDOS,SEDG,CMA,WRK,CRL,ABMD,BIO,SNA,CMA,MGM,BXP,CE,PHM,MAS,CRL,JNPR,TAP,IP,L,TFX,PNR,BFB,PNR,BFB,JKHY
FTR,PLL,EXPD,TEG,QEP,POM,HAS,DHI,DHI,SEE,LEN,FDO,ADT,XRAY,HAS,DRI,WAT,XRAY,MAS,GNW,TGNA,CTAS,GCI,HAR,HRS,PHM,PHM,SCG,NWSA,NWSA,NWSA,RL,JBHT,FLR,PNW,POM,AES,PVH,SPLS,WYNN,BBBY,NTAP,JBHT,WYNN,HP,FLR,TMK,HAR,IPG,JBHT,HRL,FRT,NI,XL,REG,SLG,QRVO,AMG,TMK,NRG,ARNC,FRT,DVA,ARNC,ALLE,GRMN,TMK,IPG,ALLE,TMK,NLSN,NOV,FFIV,APA,JNPR,BWA,FBHS,DXC,CMA,NCLH,VNO,FBHS,UAL,UHS,WYNN,ROL,MYL,MYL,LB,LNC,TAP,IPG,IPG,LW,MHK,L,MHK,FFIV,CF,HAS,WRK,WRK,BFB,WRK,NDSN,PTC,CBOE,HSIC,MGM,TFX,VFC,NI,VFC,JNPR,CHRW,TFX,PARA,CPB,MKTX,TFX,L,HST,MGM,NRG,PNR,MOS
TGNA,MNST,MAS,DOFSQ,GAS,GME,JOY,CTAS,GAS,LEN,PNW,JOY,LSI,ETFC,SEE,ETFC,BLL,HRL,PCL,SEE,POM,GNW,LUK,HP,GCI,LUK,CHK,FDO,CINF,TGNA,PCL,FLR,NDAQ,NDAQ,NDAQ,TMK,TE,FLR,ETFC,DRI,AES,QRVO,MNK,TMK,VRSN,WYN,FTI,AES,KIM,SNI,SNA,NDAQ,RE,AOS,HRL,LNT,TMK,PNW,XEC,REG,JNPR,AVY,NI,DVA,XRAY,LKQ,GRMN,JEC,NLSN,JEC,NOV,BWA,KSS,JNPR,DISCK,JNPR,SNA,SNA,FRT,CPB,RCL,ALB,LYV,HII,PRGO,HST,LB,IRM,NI,RE,HSIC,LNC,ALLE,MOS,HAS,FOXA,CHRW,FOXA,ALLE,CF,FOXA,CTXS,RHI,LKQ,FOXA,CBOE,NDSN,LW,QRVO,HAS,SBNY,CDAY,EMN,CE,LYV,CDAY,CPB,HSIC,ETSY,IP,KEY,PEAK,NI,KMX,GL,TFX
GNW,CNX,MCHP,THC1,THC1,XYL,RHI,GT,HAS,HRL,QEP,HRL,FDO,HRL,NBR,HAS,NWSA,SEE,SCG,DHI,HAR,TMK,PHM,GCI,POM,ETFC,HP,LUK,FDO,SCG,SWN,JBHT,GMCR,LUK,RHI,RL,FLR,TE,MNK,NFX,RRC,KSS,UA,UA,TRIP,BWA,HAR,NDAQ,SNI,AVY,NI,SEE,KORS,NDAQ,LNT,IRM,FFIV,SLG,SLG,PNW,TMK,TMK,TMK,SNA,PVH,QRVO,LKQ,QRVO,TMK,IPG,ZION,FFIV,LKQ,KIM,IPG,ALK,ZION,DISH,ALB,NBL,AIV,IPG,TXT,LNC,REG,COG,PWR,AIZ,PNR,GL,LB,MOS,MHK,LYV,PENN,UHS,HST,RHI,HRL,PENN,PTC,HST,LDOS,FFIV,BIO,NDSN,HAS,AAP,TFX,L,PARA,SBNY,CZR,STX,TFX,NI,MAS,STX,APA,CHRW,INCY,CDAY,CHRW,UDR,TFX,UDR
CTAS,CBRE,FFIV,CTAS,TGNA,QEP,POM,RHI,JOY,GRMN,CTAS,DEN,DEN,HAS,AVP,HRL,GNW,RHI,ARG,POM,NBR,DRI,FMC,IRM,HRL,XRAY,GT,RHI,FLS,XRAY,ARG,NRG,DISCK,TMK,AES,XYL,TMK,DISCK,ADT,HP,MNK,TMK,BWA,FLR,AIV,JBHT,AES,FMC,TMK,TMK,GT,PHM,AMD,ALK,QRVO,DRE,PNW,AOS,PNW,IPG,FRT,SLG,BWA,KORS,DVA,TMK,ADS,ALLE,ZION,BFB,LKQ,IPG,SNA,NOV,DISH,ZION,IPG,IRM,SNA,CMA,WHR,LYV,FANG,COG,LNC,DVA,AOS,LYV,DISH,NI,LYV,IRM,LNC,UHS,MOS,MHK,BWA,HST,HST,FMC,AAL,RHI,CMA,NDSN,HSIC,ETSY,BIO,QRVO,TAP,BIO,CPB,TFX,JNPR,WDC,NI,PARA,HSIC,WDC,DPZ,PEAK,CHRW,NI,CPT,REG,WRK,NRG
POM,MCHP,EFX,TGNA,RHI,DOFSQ,PBCT,IGT,RHI,GAS,DHI,LSI,GT,FDO,TGNA,GAS,HRS,GAS,NBR,RHI,ETFC,POM,RIG,PHM,PHM,CNX,ARG,CINF,XRAY,ARG,FLR,DISCK,TE,POM,CVC,DISCK,AIV,GPS,GPS,ETFC,TMK,AIV,AIV,BBBY,FLR,AMG,JEC,LUK,SEE,KIM,KIM,VIAB,CF,PHM,FFIV,PNW,SLG,REG,IPG,LB,BWA,NI,NWL,BWA,WU,WU,ALLE,PVH,WHR,WHR,FFIV,LKQ,IRM,BEN,HFC,MHK,BWA,FRT,IPG,MHK,CCL,AIZ,IPG,DVA,IPG,PNR,NRG,AOS,TAP,WU,NWL,ALLE,BWA,IRM,LW,LW,FOXA,MHK,PENN,HRL,HST,AAL,HAS,WHR,BBWI,SNA,AAL,LUMN,L,CRL,TFX,JNPR,REG,LYV,QRVO,GL,JKHY,CE,WYNN,WYNN,CPT,FMC,CZR,MTCH,REG,INCY
BBY,ARG,CINF,LEG,CTAS,THC1,TEG,QEP,SEE,HAR,GME,CTAS,SNA,PNW,LSI,DHI,FFIV,DEN,MWV,LEN,GNW,PNW,HRL,LUK,TDC,SNI,XRAY,CNX,CHK,PCL,PNW,PNW,FLR,RL,XYL,AES,PVH,FTR,CMA,NDAQ,TIF,LEG,TIF,VRSN,JBHT,QRVO,FMC,XRX,HOG,HRL,AKAM,HRL,SEE,SEE,PNW,HRL,REG,LB,FRT,AVY,PNW,RE,PRGO,WU,AVY,ARNC,ARNC,BWA,IPG,IVZ,IVZ,WU,ZION,IPG,NOV,IPG,JNPR,BWA,ABMD,NOV,FRT,DISH,BWA,TAP,PNR,TAP,JNPR,COG,ROL,PNW,CF,CF,WRB,FFIV,HST,BWA,RHI,FMC,HAS,ATO,JKHY,JKHY,HST,L,CBOE,NI,CCL,SNA,HSIC,WRK,AAP,KMX,TAP,EMN,KMX,CCL,CDAY,KEY,CPB,CZR,PNR,CHRW,GEN,KEY,CRL,TAP
HAS,CMS,MNST,RHI,DOFSQ,CTAS,WIN,WIN,MOLX,CTAS,HAR,GT,PNW,CTAS,DHI,XRAY,CPB,CTAS,TMK,XYL,FTR,GRMN,FTR,ESV,GAS,GT,ADT,PCL,PCL,FLS,PHM,ARG,POM,XYL,POM,ALLE,CMA,SPLS,NFX,IRM,KSS,FLR,LEG,AIV,QRVO,TMK,FLR,EVHC,NDAQ,HOG,ALLE,HBI,ALK,NI,CPB,REG,DISH,FRT,KORS,AES,SLG,XRAY,PNW,ALLE,SLG,ALK,M,MHK,ARNC,BWA,PHM,ZION,NLSN,DISH,BEN,FBHS,VIAB,FBHS,DVN,FFIV,LNC,BWA,DISCK,AAL,WRK,AIZ,DISH,CCL,LNC,IRM,WU,WRB,DISCK,WRB,BWA,CF,LYV,CHRW,CHRW,HST,CMA,REG,WRB,PTC,MAS,HSIC,LUMN,FOXA,WRK,CPB,FOXA,ROL,PHM,CDAY,GL,WYNN,CE,GEN,HSIC,CRL,NI,CRL,CRL,CHRW,UDR,MKTX
ZION,DEN,LEN,AIV,IGT,SEE,CTAS,POM,CTAS,DHI,GAS,OI,RHI,LSI,PNW,PHM,HSP,PNW,GT,HRL,TDC,VRSN,IRM,ETFC,FTR,HP,HAS,HRL,TMK,NAVI,POM,GMCR,PHM,CPGX,ALLE,TE,RHI,LEG,LEG,MNK,UA,GT,URI,JBHT,TMK,AIV,VRSN,CF,AAP,AOS,HOG,PKI,MOS,WU,FRT,AAP,AAP,QRVO,REG,NI,UNM,IPG,XEC,GRMN,IVZ,BWA,QRVO,UNM,WU,ARNC,MOS,IVZ,KIM,FFIV,ABMD,HFC,NOV,ZION,CPB,AAL,NWL,TXT,AOS,FANG,HII,PRGO,AIZ,WYNN,IPG,MHK,MOS,UHS,IRM,BWA,JKHY,LNC,HSIC,PENN,SNA,CTXS,SNA,HWM,APA,HSIC,RE,HAS,RE,TAP,FOXA,AAP,CMA,CE,BXP,TAP,CZR,CZR,MTCH,CDAY,CRL,HSIC,WYNN,QRVO,AES,GEN,FFIV,ALLE
RDC,HP,ARG,ZION,WIN,RHI,OI,OI,XYL,RHI,GT,FOSL,ETFC,DEN,CTAS,LSI,HRB,AVP,WIN,FTR,WIN,GT,CTAS,HRL,MLM,PNW,FTR,XRAY,MUR,FMC,TGNA,RRC,ARG,QRVO,DRI,RHI,ALLE,ALLE,AIV,ADT,LEG,UAC/C,DRI,LEG,UA,HP,NDAQ,FLR,LUK,AKAM,CF,HOG,TSCO,HOG,AAP,SNI,COTY,JNPR,AMG,SLG,RE,AES,IPG,MHK,BWA,MHK,PVH,TMK,BWA,WU,AIV,PHM,COG,AIZ,ALK,FTI,ALK,FTI,NOV,AIV,BWA,CF,PNR,IPG,CF,PWR,COG,IPG,DVA,DVA,MHK,RE,MOS,LNC,CBOE,FFIV,LNC,TPR,ATO,LUMN,TPR,XRAY,LNC,BFB,JNPR,FOXA,NRG,MGM,HAS,HSIC,NRG,STX,BWA,KMX,CDAY,FOXA,CCL,ALLE,JNPR,ETSY,CDAY,KEY,REG,HRL,KMX,REG
PBCT,TAP,CMA,URBN,PBCT,TEG,IGT,BTU,ZION,MOLX,OI,PNW,CTAS,NBR,DEN,TGNA,IPG,TDC,PETM,WIN,J,XYL,TMK,TMK,CNX,HAS,PNW,TMK,ARG,MUR,LEG,HP,XYL,NFX,TGNA,AIV,SNI,CMA,FTR,FTI,AIV,BBBY,ETFC,DRI,BWA,SRCL,BWA,NI,NI,IPG,SNI,ALK,HOG,NRG,PKI,FRT,FRT,AAP,NI,DISCK,AES,PNW,RHI,SLG,QRVO,IVZ,MHK,RHI,KIM,MHK,KIM,NLSN,PHM,ZION,KSS,AIV,APA,IPG,DXC,AIZ,DISH,FRT,CF,LYV,CCL,CF,WYNN,JNPR,IRM,PNR,PNR,WU,UHS,RE,PNR,PENN,WYNN,NRG,RHI,HWM,ALLE,ALLE,L,XRAY,CMA,BIO,FOXA,WRK,RE,NLSN,HSIC,REG,LYV,REG,BWA,CPB,BIO,FOXA,QRVO,ALLE,GEN,WYNN,PEAK,PODD,TECH,QRVO
TEG,BLL,MWV,IGT,NBR,OI,URBN,URBN,QEP,BTU,ZION,RHI,GAS,JOY,GAS,RHI,IFF,FDO,GRMN,XRAY,XYL,HAS,XYL,XYL,ETFC,VRSN,VRSN,FTR,POM,TSS,RRC,SWN,IRM,GPS,LEG,NI,SPLS,AVY,IRM,NTAP,STX,AVY,TMK,TRIP,AVY,ZION,LUK,AIV,HBI,AYI,SEE,ALLE,LUK,AMD,FLR,PKI,PKI,TSCO,FBHS,AOS,NI,WU,BFB,AVY,MHK,ADS,WU,BFB,ADS,JBHT,JBHT,FBHS,CPB,KSS,AIV,DISH,MHK,KIM,MHK,KIM,AOS,FLIR,AIZ,HWM,LYV,IPG,PRGO,CMA,TPR,ROL,FANG,CMA,PNR,DISH,FFIV,NCLH,WRB,WYNN,L,ALLE,L,PNR,HWM,EPAM,AAL,RE,PHM,MKTX,MKTX,QRVO,CE,EMN,PARA,BXP,CCL,KMX,CRL,MTCH,GEN,PNR,AAL,TFX,KEY,WRK,INCY,APA
LEG,UUM,CVH,PBCT,SEE,WIN,DOFSQ,XYL,IGT,ZION,RHI,GME,HAS,ZION,JOY,PNW,NEBLQ,QEP,POM,CTAS,XRAY,TDC,TDC,MLM,GT,IRM,LUK,ARG,IRM,POM,URI,LEG,NI,ARG,GPS,PVH,FTI,TMK,QRVO,LEG,AVY,ALLE,AVY,AVY,SWN,URI,NI,PVH,AVY,NRG,IPG,SNI,FFIV,QRVO,PHM,CPB,MOS,FBHS,UNM,BWA,PKI,NLSN,WU,UNM,GRMN,JEC,AIV,IVZ,MHK,DISH,BWA,JBHT,BWA,AIV,CPB,DVN,DISH,FFIV,PRGO,PRGO,ROL,AIV,FLIR,PNR,IPGP,HWM,DVA,HWM,NWL,LB,NI,NCLH,CBOE,CBOE,CF,PNR,MOS,DISH,MRO,L,HWM,JNPR,RE,RE,PTC,CMA,CZR,CMA,CMA,NRG,TAP,TAP,NRG,BBWI,TPR,HSIC,QRVO,GL,MTCH,GEN,QRVO,REG,HSIC,CPT,EMN,PEAK
GRMN,JOY,JOY,OI,URBN,NBR,IRM,NBR,OI,OI,MOLX,GRMN,JOY,RHI,RHI,JOY,VMC,JOY,J,GRMN,HAS,FTR,PNW,POM,ESV,TMK,TMK,SNI,TSS,XYL,FMC,WYNN,CPGX,TE,GMCR,SPLS,GPS,QRVO,TE,SPLS,HP,TIF,ALLE,ALLE,SRCL,MNK,BBBY,KORS,AKAM,COTY,TSCO,LUK,NRG,LUK,SEE,TSCO,JNPR,NI,LB,TMK,AOS,DISCK,ALK,BFB,BFB,AIV,SLG,HFC,HFC,UNM,QRVO,KIM,ALK,NLSN,ZION,KSS,AIZ,CPB,AIV,JNPR,PBCT,PNR,RHI,AOS,AIZ,REG,AAL,TAP,AOS,TAP,DVA,NRG,WU,NCLH,NCLH,MOS,DISH,MOS,DISH,CMA,AOS,WRB,JNPR,FBHS,SNA,RHI,CMA,CPB,LUMN,TAP,BIO,HSIC,STX,BWA,CPB,DPZ,CZR,TPR,TPR,APA,BWA,HSIC,GL,TECH,CZR,NI
THC1,EFX,IFF,NBR,LEG,IRM,THC1,PBCT,TSS,GT,TSS,ETFC,GRMN,FOSL,ZION,DEN,HBAN,ETFC,RHI,PHM,GRMN,PHM,GRMN,FTR,TEG,ADT,IRM,PNW,PNW,LEG,FLS,FLS,AIV,ALLE,HP,PKI,LEG,AIV,AVY,JWN,QRVO,MNK,BBBY,PHM,URI,RRC,SIG,VRSN,GT,TSCO,LUK,MOS,PKI,FFIV,GT,FLR,AMD,PKI,PKI,UNM,IPG,JEC,FLIR,XRAY,WHR,PVH,BFB,ARNC,RHI,ALB,WHR,ALK,HFC,ALK,DXC,APA,AIV,MHK,KIM,ZION,PNR,PBCT,UBFUT,VNO,AOS,LNC,HWM,IPGP,NRG,CF,GL,PNR,CPB,PNR,WRB,NWL,CF,WRB,CMA,SNA,XRAY,AOS,REG,AAL,REG,ALLE,WHR,ETSY,PHM,MKTX,HII,CZR,CDAY,ALLE,JNPR,TPR,FOXA,ROL,GL,CDAY,CRL,EMN,FFIV,EMN,CPT,WRK
IGT,CINF,IRM,SEE,TEG,LEG,XYL,GRMN,ETFC,WIN,ETFC,GAS,QEP,ADT,FTR,FTR,MAS,HAS,VRSN,ADT,GT,GAS,POM,TDC,HP,POM,POM,XYL,XYL,PHM,ZION,NDAQ,URI,FLS,PHM,LUK,QRVO,HP,DISCK,TE,ALLE,ETFC,SWN,SWN,FTI,FMC,QRVO,WYNN,AOS,FFIV,CMG,GT,GT,SNI,IPG,CMG,CPB,IPGP,SNA,IPGP,AMG,BWA,ALLE,ALK,JEC,SCG,UNM,ADS,IVZ,PHM,SLG,CPB,DISH,COG,FBHS,CPB,FTI,JNPR,AIZ,PNR,AAL,AOS,ROL,MHK,NWL,LB,CF,DVA,AAL,TPR,WRB,CPB,CMA,WU,CMA,WRB,NRG,REG,UHS,WRB,REG,LNC,LUMN,LNC,UHS,REG,BBWI,REG,REG,REG,GL,PHM,FOXA,FOXA,AAL,BIO,TPR,LYV,AAL,QRVO,HSIC,GL,BWA,FFIV,CHRW,EMN
HCBK,CMA,XRAY,LDOS,OI,URBN,FLIR,DOFSQ,WIN,TSS,BTU,TSS,FOSL,OI,FOSL,VRSN,PWR,DRI,TDC,ETFC,VRSN,ETFC,HAS,GAS,TMK,TDC,SNI,VRSN,VRSN,VRSN,XYL,ZION,LEG,LEG,NFX,HP,AVY,IRM,HP,TMK,TE,TE,SIG,UAC/C,BBBY,JEC,CF,SNI,FFIV,GT,PKI,KIM,KSS,PKI,LUK,ALLE,SNA,ALK,AES,PKI,NKTR,FLIR,SLG,JWN,PRGO,RHI,JEC,WU,AOS,ALK,ALK,QRVO,FBHS,MHK,BWA,VIAB,TPR,ALK,ZION,ABMD,PWR,ROL,VNO,AIZ,FANG,MOS,IPG,NWL,CF,AIZ,TPR,NWL,NWSA,CMA,TAP,MRO,REG,HSIC,HSIC,BWA,WRB,LUMN,XRAY,JNPR,XRAY,WHR,MKTX,JNPR,FFIV,PHM,EMN,PARA,QRVO,HII,EMN,LYV,GL,JNPR,CDAY,JNPR,EMN,ALLE,QRVO,PEAK,ETSY,FFIV
PKI,LEN,BBY,GME,AIV,AIV,HCBK,TSS,BTU,IGT,AIZ,HAR,ZION,GAS,OI,CTAS,SPLS,ADT,GNW,QEP,ADT,WIN,VRSN,GRMN,GRMN,XYL,CNX,POM,LEG,ZION,CVC,XYL,ZION,AIV,TE,AVY,LUK,SNI,HAR,FTR,CF,SIG,RRC,RRC,ALLE,BBBY,RRC,JEC,NRG,LUK,COTY,TSCO,COTY,JEC,JEC,ALK,ALLE,SNA,RHI,RHI,FBHS,AOS,GRMN,XEC,UNM,WHR,RHI,M,AIV,AOS,CPB,KSS,ALB,FBHS,PRGO,BEN,HFC,ALB,ALK,DVA,ZION,ZION,ZION,DISCK,DISCK,AAL,NWL,LNC,AIZ,IPGP,PNW,NWSA,NWL,NWSA,HSIC,DISH,RE,RE,BWA,TPR,BWA,FOXA,NI,NI,LNC,TAP,TAP,PHM,CPB,RCL,PHM,AAL,ALLE,QRVO,BXP,EMN,LYV,EMN,EMN,TPR,MKTX,FFIV,TFX,AOS,QRVO,CPT
NFX,MWV,TRIP,AVY,AVY,HCBK,GT,FLIR,PBCT,ETFC,PBCT,ZION,OI,QEP,FDO,FDO,GT,IRM,XYL,GAS,GAS,J,PWR,ADT,HAS,TSS,TDC,TSS,SNI,PNW,HP,FTR,FTR,TGNA,FLS,LEG,WYNN,FTI,OKE,AVY,DISCK,BWA,HP,HP,FMC,AVY,AIV,QRVO,ALLE,ALLE,NRG,FFIV,ALLE,GT,NI,NI,NI,FLR,PHM,AMG,WHR,ALK,XRAY,RHI,XEC,PHM,ALK,SLG,SLG,HFC,UNM,FLIR,MHK,HFC,NLSN,COG,CPB,PVH,JNPR,MRO,BEN,RHI,FRT,NWL,AIV,AOS,TAP,MOS,MOS,NWL,LNC,GL,RE,TAP,DISH,RHI,DXC,AIZ,REG,REG,ZION,CMA,AAL,SNA,HAS,PHM,REG,AIZ,WHR,LUMN,HAS,VFC,MKTX,BIO,WYNN,AAL,EMN,PNR,PNR,EMN,ALLE,AAL,WRK,HII,PEAK,CDAY
ANF,CVH,QEP,FTR,FTR,IGT,NBR,TEG,POM,POM,AVY,QEP,PBI,PBI,ADT,ADT,GRMN,VRSN,LEN,JOY,PNW,ADT,ETFC,RIG,XYL,PWR,XYL,IRM,RIG,SNI,AIV,POM,ALLE,GMCR,OKE,PHM,HP,MRO,HRB,STX,FMC,FMC,PHM,JWN,ZION,SIG,SNI,SIG,JBHT,PHM,KSS,NRG,JEC,IPG,SNI,NRG,CMG,COTY,JEC,NKTR,DISCK,UNM,UNM,LB,RHI,SLG,IVZ,DISH,M,AIV,FBHS,ALB,IVZ,FLIR,AIZ,AIZ,BEN,PNR,FFIV,BWA,NLSN,PWR,AIV,RHI,HWM,DISCK,MOS,DISH,RHI,MOS,AIZ,HSIC,NCLH,CF,IVZ,HSIC,PENN,CMA,TPR,HSIC,JNPR,L,ALLE,TPR,LUMN,AIZ,ALLE,FFIV,CZR,HII,CDAY,ALLE,CCL,TPR,FOXA,QRVO,TAP,BIO,ALLE,MKTX,REG,BXP,ALLE,HSIC,AOS,BFB
AIV,IFF,EXPE,BMS,RDC,AVY,LEG,RDC,IRM,THC1,WIN,BTU,TSS,POM,QEP,QEP,LEN,NFX,SEE,PNW,PHM,IRM,GAS,TEG,ADT,LEG,LEG,ADT,CNX,PWR,NAVI,ALLE,FLS,NI,ZION,TGNA,PKI,FLS,SNI,DISCK,URI,PHM,UAC/C,JEC,FLS,LEG,JWN,SRCL,M,AAP,PHM,IPG,KIM,M,HOG,HOG,FLR,AES,ALK,HBI,JEC,ALLE,FLR,CPB,LB,UNM,XEC,AIV,UNM,KIM,ALB,AIV,DVA,BWA,TPR,TPR,KSS,KSS,NWL,NLSN,MHK,NWL,IPGP,CF,RHI,SEE,RHI,PRGO,MHK,NCLH,RE,MRO,CF,IVZ,NWL,NRG,WU,BWA,ZION,ZION,RE,SNA,SNA,ZION,SEE,JNPR,ETSY,HII,ALLE,USD,JNPR,CMA,TPR,VFC,REG,TAP,KMX,UHS,FOXA,UHS,GL,BWA,EMN,CZR,HII,GL
OI,XRAY,HRL,RDC,LDOS,RDC,BTU,HCBK,RDC,TEG,IRM,IRM,PKI,PKI,PBI,WIN,ARG,WIN,DRI,DRI,ZION,ZION,JEC,HAS,VRSN,GRMN,TSS,RIG,PHM,PKI,NDAQ,FMC,RRC,HP,NI,GPS,AIZ,HAR,FTI,FLS,UAC/C,JEC,JEC,SIG,JEC,SNI,LEG,LEG,AES,PKI,FFIV,KORS,SNI,KIM,ALLE,SEE,ALK,PHM,ARNC,FBHS,HBI,FLR,DISH,RL,AIV,CPB,NKTR,ALK,SEE,SLG,SEE,HFC,AIV,SLG,MHK,NWL,PNR,AIV,PNR,TPR,RHI,NLSN,MHK,FRT,APA,HII,DISCK,TPR,DISCK,DISH,IVZ,IVZ,TAP,RHI,NWSA,IVZ,PNW,CF,WRB,RE,CTXS,RE,HSIC,UHS,PHM,MKTX,FFIV,NRG,JNPR,JNPR,RHI,MKTX,WRK,UHS,ALLE,JNPR,GEN,CRL,KEY,ROL,TPR,HAS,JNPR,BWA,ALLE,BXP
LSI,IRM,HSP,HCBK,LSI,MOLX,AVY,EXPE,HAR,LSI,POM,AVY,POM,TSS,LM,PBI,POM,PETM,GAS,IRM,THC,TEG,WIN,VRSN,LEG,TEG,AIV,PHM,ADT,NFX,ALLE,AIV,NFX,FTR,CPGX,WYNN,PHM,PHM,ALLE,ALLE,FLS,FTI,GRMN,FTI,UAC/C,ALLE,ALLE,RRC,PKI,AES,MOS,COTY,CMG,ALLE,CMG,PHM,TSCO,CPB,RL,CPB,NLSN,DISH,AOS,WHR,CPB,DVA,PHM,KIM,CPB,FBHS,PVH,DVA,RHI,MOS,ALB,DXC,XRX,AIZ,SLG,SLG,CMA,MHK,PWR,IPGP,BEN,NWL,IPGP,MHK,JNPR,DISCK,JNPR,RHI,HSIC,NWL,RE,RE,NWL,NWL,MHK,DISH,HSIC,HSIC,BWA,REG,ALLE,FFIV,CPB,GL,AIZ,FFIV,FFIV,BWA,HII,WRK,BBWI,ALLE,AAL,CZR,ROL,GL,PNW,ROL,WYNN,ALLE,MTCH,CZR
AVY,SWY,RHI,ANF,MOLX,FTR,TSS,HAR,FLIR,PBCT,FTR,AIZ,AVY,FTR,POM,ZION,XYL,FTR,HRL,NFX,NEBLQ,TSS,ADT,PWR,TSS,NDAQ,PWR,ESV,PWR,IRM,PKI,ADT,AIZ,AVY,AVY,ZION,TGNA,TGNA,TMK,AIV,JEC,SWN,FMC,LUK,PHM,LUK,AVY,FLS,AIV,MOS,AES,AES,IPG,HBI,M,LUK,PHM,LUK,FLIR,DISH,FLIR,XEC,HOG,DISH,DISH,KIM,DISH,AOS,XEC,RHI,FLIR,UNM,ADS,ALB,COG,PBCT,FLIR,PBCT,NLSN,DVN,FANG,BEN,BEN,ROL,LB,RHI,REG,SEE,IPGP,CMA,IPGP,DISCA,IVZ,REG,RHI,NWSA,AIZ,NCLH,NRG,MHK,APA,BWA,CDAY,ALLE,FBHS,LNC,RHI,WHR,AAL,CCL,REG,QRVO,CMA,CZR,BIO,REG,ALLE,REG,FFIV,REG,FFIV,SEDG,NRG,WYNN,JNPR,HII
MOLX,FOSL,FOSL,TE,BMS,BMS,EXPE,IRM,TEG,AVY,PBI,PBCT,AIZ,LM,PKI,TSS,SNA,OI,ADT,AVP,IRM,THC,TEG,LEG,AIV,GAS,NDAQ,TDC,NDAQ,AIV,SNI,CVC,PKI,PHM,ADT,FLS,FCX,FSLR,RHI,URI,FTI,URI,SNI,FLS,LUK,GPS,SPLS,AVY,TSCO,AIV,KORS,AYI,HBI,AAP,ALK,JEC,AES,ARNC,SEE,JEC,CPB,WHR,WHR,NWL,HOG,FL,KIM,FLIR,CPRI,SEE,RHI,SLG,AIZ,AOS,MOS,PRGO,PBCT,ABMD,BWA,PBCT,FLIR,CMA,CMA,AIV,SEE,FANG,SEE,HII,NCLH,FANG,ROL,NI,PNW,HSIC,WU,REG,LW,IVZ,RE,APA,NI,NRG,ZION,CDAY,AIZ,SEE,BWA,ALLE,FBHS,BWA,RCL,FOXA,AAL,AAP,VFC,BBWI,REG,QRVO,CZR,FOXA,BXP,JNPR,HAS,JNPR,MKTX,PAYC
TSS,IPG,TGNA,GRMN,HCBK,GRMN,GRMN,FTR,DOFSQ,NBR,IGT,POM,FTR,ALLE,FLIR,OI,PHM,TEG,PHM,HAS,DISCA,LEG,LM,JEC,PWR,AIV,GAS,NFX,NFX,CHK,ADT,PKI,AVY,IRM,PKI,FTR,FTR,RL,PHM,SNI,SNI,SNI,FLS,FMC,PKI,JWN,SRCL,RHI,KSS,XRX,AYI,KSS,AAP,AYI,HP,AES,LUK,DISH,ALLE,ALK,ALK,AMG,RL,AIV,NKTR,PNR,CPB,CPB,ALK,CPB,M,PVH,M,RHI,NWL,NLSN,NWL,HFC,TPR,DXC,KIM,NOV,PBCT,BEN,VNO,IPGP,MHK,AAL,REG,AOS,CMA,ZION,NI,NI,REG,TAP,KIM,AOS,NCLH,AOS,MHK,TPR,AOS,BWA,TAP,FBHS,AIZ,OGN,RCL,CZR,MKTX,CCL,ROL,CMA,TAP,BXP,PNW,PNW,PNW,GNRC,ROL,MKTX,BXP,TFX,PAYC,CHRW
BMS,FDO,GAS,MOLX,LM,LDOS,FTR,LDOS,HCBK,IRM,NDAQ,WIN,BTU,FLIR,TSS,BTU,TDC,PBI,DEN,DEN,AVP,NEBLQ,LEG,ZION,LM,JEC,ALLE,PWR,GAS,NDAQ,PWR,NFX,HP,ZION,AIV,ADT,HAR,PKI,FLS,PHM,FTR,FLS,PKI,ZION,LEG,PHM,FLS,ALLE,PHM,KSS,AAP,JEC,AYI,GPS,HBI,HP,RHI,RHI,HP,PHM,LB,FBHS,HP,HP,AOS,XEC,DVA,XEC,PHM,M,ADS,FLS,FLIR,NWL,FLIR,MOS,SLG,SLG,DVA,FTI,SEE,MRO,SEE,KIM,AAL,VNO,HII,RHI,COG,JNPR,NLSN,TAP,AOS,CPB,CPB,CMA,NWSA,NI,NI,NI,SEE,NI,PNR,LW,WHR,NLSN,JNPR,AAL,BWA,BBWI,QRVO,WRK,BBWI,PNW,WRK,UHS,PNR,CCL,REG,PNW,GNRC,ETSY,AAL,PNW,HRL,AOS
SEE,QEP,GNW,PCS,DNB,BTU,LDOS,AVY,LSI,RDC,DNB,PBI,THC1,AVY,FSLR,FOSL,XRAY,ZION,QEP,THC,JOY,LM,ZION,NDAQ,RIG,LM,PKI,GAS,ALLE,ADT,GAS,TGNA,ADT,NWSA,LUK,AIZ,IRM,RHI,ENDP,QRVO,LUK,LUK,LUK,CF,SNI,UA,GRMN,BBBY,MAT,CF,JEC,CMG,M,FLR,NRG,RHI,SEE,DISCK,PNR,ALLE,ALLE,GRMN,FBHS,KIM,PHM,FLIR,FLIR,DVA,DVA,ADS,AIZ,RHI,PRGO,IVZ,AOS,PNR,PVH,MOS,BEN,KSS,NOV,HWM,NWL,ZION,UBFUT,BEN,LNC,CF,UBFUT,SEE,RHI,REG,NRG,PNW,NLSN,WU,NI,LW,NWSA,JNPR,BEN,SEE,TPR,SEE,NLSN,LW,LW,RHI,GL,WHR,ROL,RHI,AAP,FFIV,CTLT,CMA,FFIV,XRAY,AOS,CPB,CPB,AOS,PNW,QRVO,HSIC,MTCH
DNB,TMK,DOFSQ,TSS,GME,TSS,AIV,JBL,AVY,WPX,HCBK,DNB,PBCT,WIN,WIN,LM,HRL,PKI,DHI,ZION,DEN,AIV,TSS,TSS,NDAQ,ESV,JEC,AIV,PKI,ALLE,IRM,IRM,TGNA,PKI,FTR,NFX,OKE,NFX,URI,FMC,PKI,FTR,FTR,SNI,JWN,DISCK,DISCK,PBCT,MAC,SPLS,XRX,AIV,RHI,AES,AES,GT,JEC,HP,JEF,ARNC,RL,CPB,AMG,NKTR,KIM,AOS,AOS,NKTR,PNR,FLIR,FLS,XRX,SLG,SEE,SEE,AOS,NLSN,TPR,PBCT,ALK,IPGP,APA,NLSN,NLSN,FRT,NWSA,CMA,DISCK,NWSA,NLSN,NWSA,IPGP,NLSN,GL,GL,DXC,CMA,ZION,AIZ,NRG,UHS,MHK,NRG,NRG,GL,GL,OGN,SEE,RHI,AAL,ALLE,HAS,FFIV,ROL,CMA,PNR,AOS,AOS,UHS,HII,HII,FOXA,AOS,CRL,AIZ,HSIC
TE,WIN,WIN,AIZ,ANF,LSI,LSI,LEG,LEG,FTR,LSI,FTR,FLIR,AIZ,AVY,TEG,SEE,LM,JOY,PBI,LM,DISCA,AIV,AIV,ALLE,ALLE,GRMN,LEG,AIV,THC,THC,NI,PWR,WYNN,FMC,FMC,FSLR,FMC,RL,MUR,PHM,PKI,SPLS,HAR,DISCK,GRMN,RL,SPLS,CF,KORS,SCG,RHI,AES,CMG,GPS,HBI,HP,SEE,HOG,KIM,PHM,RL,FLS,AOS,PNR,DISH,PNR,PHM,RL,DVA,PBCT,M,PVH,TPR,SLG,FLIR,PRGO,NWL,FLIR,BEN,MOS,HFC,HWM,CMA,CMA,MHK,NWSA,LEG,CMA,RHI,AOS,KIM,ZION,DISCK,PNW,AIZ,IVZ,JNPR,JNPR,UHS,AIZ,APA,SEE,LUMN,ZION,CPB,SEE,RCL,ROL,GL,AIZ,LNC,UHS,PARA,UHS,HII,ROL,CTLT,BBWI,AOS,NCLH,PNW,CTLT,MKTX,RHI,BBWI
FLIR,HSP,CTAS,LM,AIZ,AIZ,ETFC,BMS,PKI,AIZ,THC1,PKI,LM,BTU,GME,IRM,GAS,TSS,ZION,TEG,TEG,JOY,NDAQ,LM,PKI,RIG,TEG,ALLE,ZION,FTR,AVY,AVY,NRG,SNI,AIZ,SNI,FLS,OKE,RRC,ZION,ZION,DISCK,GPS,RL,HAR,PKI,RHI,DISCK,SRCL,JEC,AIV,PBCT,MAC,MAC,RHI,FLIR,HOG,ALLE,DISH,GPS,JEF,JWN,AIV,HOG,SCG,NKTR,FL,NWL,FL,XEC,XRX,PBCT,UNM,DVA,IVZ,SLG,RHI,PRGO,MOS,NWL,HFC,DVN,NOV,SEE,ZION,APA,LEG,REG,PRGO,REG,KIM,ALK,RHI,NLSN,DXC,PNW,AOS,WU,TAP,AIZ,NRG,FRT,LW,TAP,TPR,LUMN,LNC,NLSN,CCL,RHI,WRK,FFIV,SBNY,WYNN,AAP,RHI,RHI,AAL,BIO,NCLH,AOS,CTLT,FMC,CPB,NWSA,ETSY
JBL,DOFSQ,ZION,DNB,WPX,DNB,RDC,AIZ,THC1,PBI,RDC,LM,IRM,IRM,TEG,AIZ,VRSN,ALLE,HAS,TSS,TSS,NBR,FOSL,ALLE,TE,ZION,NFX,TEG,TEG,GAS,NI,MUR,HCBK,ADT,NWSA,IRM,RRC,LUK,PKI,LUK,SPLS,CF,DISCK,DISCK,RL,HAR,PHM,RIG,XRX,M,M,XRX,GPS,HP,FLIR,GPS,FLIR,FLIR,DISCK,FLIR,FLR,PHM,CPB,PNR,HP,RL,FBHS,PBCT,FBHS,RL,HFC,SEE,FLS,PRGO,PVH,LEG,ALB,NLSN,FTI,XRX,LEG,NBL,NWSA,PWR,PWR,FRT,NLSN,HBI,SEE,BEN,BEN,AOS,DISH,ZION,NI,AOS,NCLH,DXC,LW,OGN,NWSA,ZION,UHS,OGN,NRG,UHS,FBHS,ROL,HII,AIZ,AAL,TPR,BIO,IVZ,RHI,AAP,XRAY,HII,HII,FFIV,FOXA,HII,HII,RHI,UHS,JNPR
LDOS,GAS,TEG,LSI,GRMN,NDAQ,JBL,LSI,NBR,DOFSQ,NBR,NDAQ,WIN,TEG,IRM,FLIR,CTAS,FSLR,AVP,NDAQ,QEP,NDAQ,ALLE,DISCA,JEC,PKI,ZION,PKI,TDC,AVY,MUR,PWR,SWN,FMC,JEC,OKE,NWSA,GRMN,FMC,PKI,AIZ,SPLS,HAR,PKI,CF,RL,PBCT,PKI,EVHC,MAC,GPS,FLIR,FLR,RHI,XRX,CSRA,GPS,JEC,FLR,HP,DISH,HP,LB,FLIR,KORS,TRIP,LB,RL,HBI,PBCT,AOS,AOS,PBCT,PVH,PBCT,SEE,LEG,RHI,RHI,MOS,FOX,LEG,HFC,FLIR,FLIR,AIV,BEN,ZION,FANG,ZION,REG,NLSN,REG,AOS,AOS,NI,TAP,SEE,COG,NCLH,PENN,LW,GL,AIZ,NCLH,XRAY,UHS,CZR,NRG,TPR,BWA,FBHS,PNW,AAL,BEN,FFIV,BBWI,FFIV,PARA,KEY,JNPR,BBWI,CPB,NWSA,PNW,NWSA
ATI,CTAS,PBCT,DF,TSS,FLIR,BMS,THC1,FTR,HCBK,LEG,IGT,NBR,LEG,HCBK,FSLR,PNW,FOSL,PBI,OI,PBI,ALLE,DISCA,THC,ZION,NFX,LM,ZION,AVY,RIG,FTR,JEC,PBCT,AIZ,SNI,JEC,ADT,URI,LUK,ENDP,HAR,AIZ,FTI,GRMN,SIG,FLS,MNK,JWN,SPLS,SRCL,LEG,LEG,AIV,AIV,MAC,PBCT,CSRA,XRX,GRMN,JEF,PNR,KIM,PNR,PHM,FL,KORS,RL,FL,PBCT,CPRI,XEC,AIZ,SEE,PNR,RHI,RHI,MOS,BEN,KSS,RHI,NWSA,DXC,KIM,APA,NLSN,CMA,HBI,NWSA,HII,NWSA,COG,PNW,GL,AIZ,MRO,KIM,JNPR,MRO,WYNN,WYNN,TAP,UHS,WYNN,PBCT,PNR,NWL,GL,PNW,SEE,PNW,WHR,ZION,IVZ,CTLT,FFIV,PNW,HII,BBWI,HAS,BBWI,BIO,NRG,FOXA,AIZ,BXP,RHI
UNS1,PBCT,IGT,FLIR,NDAQ,WPX,AIZ,ETFC,AIV,PKI,TEG,HCBK,NDAQ,HCBK,ALLE,HCBK,DEN,FLIR,TSS,PKI,NFX,PBI,PKI,FOSL,PBI,R,HCBK,NDAQ,JEC,GRMN,NFX,SNI,NWSA,RIG,IRM,NWSA,JEC,JEC,JEC,AIZ,RL,HRB,CF,GPS,SPLS,CF,UA,PHM,LEG,LEG,RHI,GRMN,GRMN,GRMN,GRMN,GRMN,HBI,HOG,HBI,RL,SEE,JEF,JWN,FBHS,TRIP,LB,PBCT,PNR,FLIR,HBI,UBFUT,ADS,XRX,XRX,PNR,IVZ,IVZ,COG,HFC,FLIR,TPR,AAL,FOX,PBCT,LEG,NLSN,VNO,NLSN,ZION,IVZ,ZION,JNPR,ALK,KIM,ZION,CPB,MRO,ROL,DXC,NWSA,FRT,WYNN,FRT,PNR,CDAY,NRG,NLSN,FBHS,NLSN,ALLE,BBWI,UHS,FBHS,CCL,HII,BEN,UHS,RHI,NRG,NRG,UHS,UHS,MKTX,BXP,WYNN,UHS
DF,ZION,AVY,PKI,GT,JBL,DNB,PKI,AIZ,DNB,PKI,NBR,ALLE,PBCT,AIZ,PKI,ETFC,ATI,TEG,LM,NDAQ,PKI,R,WIN,WIN,AVY,R,JEC,ESV,CVC,JEC,AIZ,SNI,RRC,PBCT,FSLR,FMC,AIZ,FSLR,JEC,RHI,ZION,ZION,AIZ,AIZ,SWN,SWN,GRMN,JEC,EVHC,PBCT,SCG,PBCT,FLIR,PBCT,MAC,PBCT,HBI,AIV,GRMN,GRMN,PNR,KIM,JEF,FLS,PBCT,CPRI,CPRI,XRX,XRX,FOX,NKTR,AOS,PBCT,UNM,XRX,AOS,FLIR,PVH,PVH,SLG,IPGP,MRO,NOV,HBI,HBI,NCLH,BEN,ALK,HII,NCLH,PBCT,MRO,MRO,AIZ,GL,ROL,GL,CPB,BEN,CPB,BEN,CPB,GL,BWA,BWA,TPR,BWA,AOS,CDAY,ZION,WHR,RHI,RHI,PNW,AOS,NRG,NRG,XRAY,XRAY,XRAY,BIO,UHS,UHS,BWA,HRL
GT,TEG,HCBK,NDAQ,JBL,GT,MOLX,MOLX,DNB,LEG,URBN,RDC,TEG,NDAQ,PBCT,AVY,QEP,AVY,PKI,AIV,FSLR,AIZ,PBI,PKI,AVY,DISCA,RIG,GRMN,GRMN,TDC,TDC,NAVI,JEC,JEC,WYNN,PBCT,NFX,PBCT,TGNA,HAR,SWN,MUR,JWN,SPLS,GRMN,PBCT,PKI,UAA,HRB,GRMN,SRCL,NFX,HP,PBCT,KIM,XRX,AIV,AIV,KIM,FLR,HOG,HOG,HBI,XRX,FLIR,HOG,SEE,SEE,DISH,FLS,RL,NWL,PNR,FLS,FLS,FLS,COG,LEG,XRX,COG,XRX,SEE,NBL,MRO,MHK,ZION,FANG,NCLH,VNO,ALK,DISH,DISH,HII,HII,KIM,DISCK,CPB,DVA,BEN,SEE,WYNN,CPB,NWL,NWL,OGN,PNR,PNW,DXC,BBWI,ZION,PNW,BBWI,CTLT,HAS,WHR,ROL,BXP,IVZ,WRK,HAS,NRG,CPB,ETSY,ETSY,AAL,AAL
NDAQ,RDC,MOLX,JBL,TE,HAR,HAR,AIV,BMS,LM,LM,LEG,HCBK,THC1,LEG,NFX,WIN,LEG,THC,FSLR,PKI,GME,AIZ,R,AIZ,DNB,ESV,LM,CVC,ESV,TE,TE,LM,PBCT,AN,AN,ZION,ZION,AIZ,RL,NRG,RL,RL,FTR,NWSA,HRB,TRIP,TRIP,FL,RHI,MAC,HP,LEG,LEG,AYI,KIM,GRMN,GRMN,FL,HOG,KIM,AIV,SEE,FLR,JEF,USD,TRIP,HBI,HP,HP,DVA,HBI,FOX,FOX,HBI,ALB,DVA,XRX,LEG,PWR,ALK,KIM,DVN,ALK,MOS,LEG,FRT,IVZ,NLSN,KIM,DISCA,AIZ,JNPR,NRG,BEN,SEE,GL,PNW,OGN,IVZ,NWL,NWSA,NWSA,AOS,CPB,TPR,ZION,TPR,TPR,FBHS,FBHS,PNW,WYNN,WHR,PNR,WRK,WRK,HAS,WHR,WHR,CTLT,WRK,RHI,FOXA,CPB,WYNN
LM,IGT,TSS,CLF,HAR,CVC,CVC,DNB,URBN,NFX,FLIR,TEG,LEG,GME,BTU,GME,FDO,AIV,OI,LEG,LEG,FLIR,JOY,PBI,AN,WIN,THC,AVY,LM,JEC,AIZ,THC,AN,AN,RIG,GRMN,PBCT,FLIR,ZION,GPS,TGNA,HAR,HRB,NWSA,HRB,RHI,MUR,AIZ,FLR,PBCT,GRMN,MAC,MAT,NFX,AIV,NWSA,XRX,PBCT,PBCT,SEE,HP,FLS,PHM,HBI,PBCT,SEE,PRGO,FBHS,ROL,FL,ROL,XEC,LB,UNM,XRX,PVH,FLS,IVZ,IVZ,LEG,IVZ,SLG,MOS,HFC,KIM,KIM,AIV,VNO,KIM,PVH,DXC,DVA,AIZ,ALK,HII,HII,HII,FRT,AOS,NWL,GL,AIZ,TAP,CPB,LW,NCLH,XRAY,ZION,LNC,ROL,TPR,BIO,WHR,BEN,ROL,VFC,BEN,VFC,RHI,BXP,WRK,RHI,AIZ,AAL,FOXA,NCLH
USX1,GNW,FTR,CVC,PKI,PKI,ANF,CVC,JBL,URBN,DOFSQ,USX1,DNB,AIV,AIV,LEG,PBI,PBCT,NDAQ,GME,R,FOSL,HCBK,HCBK,FOSL,HCBK,AN,R,THC,LM,GRMN,RIG,FMC,NAVI,LM,RIG,URI,NWSA,PBCT,SWN,HRB,TGNA,AIZ,PBCT,DNB,AIZ,GPS,PWR,PBCT,MAT,NFX,SRCL,FLIR,XRX,NWSA,AYI,GT,GPS,CPB,PNR,AIV,GPS,JEF,FLS,ROL,FBHS,HOG,XRX,NWL,FOX,HBI,PRGO,HOG,NWSA,DVA,PWR,UNM,DVA,FLS,IVZ,RL,TPR,LEG,MOS,NWSA,DXC,FLIR,DXC,IVZ,COG,SEE,ROL,DXC,DXC,SEE,JNPR,SEE,TAP,NWL,TAP,DISH,GL,BEN,WYNN,PBCT,HII,DXC,XRAY,OGN,SEE,LUMN,GNRC,HAS,FRT,IVZ,IVZ,VFC,BEN,NWSA,PARA,BEN,NWSA,NWSA,FMC,TPR,AIZ
PCS,FTR,PKI,UNS1,FLIR,ETFC,WPX,WPX,WPX,BMS,FSLR,FLIR,AIV,RDC,NDAQ,AIV,IRM,AIZ,LM,FOSL,HCBK,R,THC,TE,R,PBCT,AVY,DISCA,FTR,PBCT,PBCT,PBCT,RIG,GME,RRC,LM,GRMN,RRC,NWSA,TGNA,MUR,RHI,NWSA,RHI,RHI,SPLS,NAVI,CHK,GRMN,BHF,FLR,AAP,XRX,NWSA,RL,AIV,NWSA,MAC,COTY,COTY,GPS,IPGP,GPS,AMG,FBHS,GPS,HP,PRGO,FLS,IPGP,NKTR,LB,HBI,HOG,HOG,HOG,PWR,FLS,PWR,FLS,DXC,FOX,ALK,LEG,NBL,ALK,ZION,FLIR,PVH,DXC,FLIR,BEN,KIM,JNPR,DISCK,NLSN,FRT,BEN,GL,DXC,PVH,PENN,PBCT,NWSA,PNW,ZION,PNR,AOS,ZION,AOS,LNC,AIZ,FRT,NRG,FRT,FRT,IVZ,BXP,GNRC,BIO,BBWI,XRAY,BBWI,CTLT,BBWI,TPR
CVC,HCBK,FLIR,PDCO,TER,ANF,LM,LM,NFX,NDAQ,BMS,BMS,GME,URBN,R,ATI,LM,R,GME,R,AIV,HCBK,AN,AIZ,PBCT,PBI,PBI,THC,DISCA,CNX,HCBK,GRMN,GME,LM,MUR,RRC,DISCA,NAVI,GRMN,RHI,GRMN,GRMN,RHI,DNB,PBCT,UAC/C,CHK,MNK,AIZ,HRB,HP,FLR,SCG,PWR,SRCL,JWN,MAC,NWSA,GPS,AIV,MAC,PBCT,XRX,GPS,RL,ROL,XRX,HOG,PRGO,PNR,HP,PNR,HRB,HRB,NWSA,UNM,SEE,SEE,RL,RL,FLS,MOS,APA,NWSA,PBCT,NOV,KIM,AIV,FRT,DVN,ALK,FRT,BEN,DVA,JNPR,BEN,ZION,NWSA,IVZ,CPB,DXC,NWL,AIZ,DXC,NWSA,OGN,HII,PNR,PNW,BEN,CCL,FRT,AOS,PNR,XRAY,NRG,GNRC,WRK,BEN,RHI,HAS,TPR,BIO,BBWI,GNRC,BEN
HAR,FLIR,TE,TER,ETFC,TE,PKI,NDAQ,NDAQ,AIV,USX1,THC1,BMS,BMS,NFX,PBCT,FOSL,HCBK,FLIR,FLIR,GME,TE,AVY,AVY,HCBK,TE,PBCT,PBCT,R,DISCA,DISCA,GME,WYNN,HCBK,DISCA,NAVI,FLIR,AN,FLIR,GRMN,PBCT,JWN,TGNA,HRB,MUR,FTR,PWR,SWN,KORS,FLR,BHF,BHF,NWSA,FL,NFX,RL,KIM,KIM,MAC,PBCT,PBCT,SEE,PBCT,PBCT,JWN,HRB,JEF,LB,AIZ,AIZ,PNR,HRB,XTSLA,ADS,PWR,DVA,FOX,AOS,AOS,AOS,DISCA,NWSA,AAL,NCLH,NOV,NCLH,FOX,FRT,LEG,FRT,FRT,APA,PVH,PVH,ALK,ZION,NLSN,HII,WU,GL,IVZ,DISH,MHK,PENN,FRT,FRT,FRT,LNC,DXC,LNC,CZR,USD,ZION,ZION,ZION,GNRC,AAP,AAP,BXP,CTLT,RHI,PARA,SEDG,TPR,CTLT,BWA
TER,CLF,GRMN,WPX,PDCO,LM,NDAQ,TE,PBI,FLIR,CLF,WPX,URBN,FSLR,RDC,ALLE,TSS,GME,FOSL,AIZ,AIZ,PBCT,TE,PBCT,DISCA,AN,DNB,AN,PBCT,HCBK,GME,AN,GRMN,MUR,GRMN,CSRA,PBI,DISCA,DISCA,PBCT,JWN,GPS,PBCT,NAVI,FTR,NWSA,RIG,RL,RHI,PWR,PWR,FLS,NFX,RL,FL,FL,DISCK,GT,XRX,MAC,COTY,LB,ROL,ROL,AMG,JWN,FLS,LEG,FOX,AMG,HRB,HOG,RL,HBI,ADS,HBI,CPRI,PWR,FOX,ROL,UNM,ALK,NCLH,IVZ,DXC,FLIR,DXC,ALK,BEN,PRGO,HII,COG,DVA,ROL,DVA,FRT,DISCK,DISCK,APA,FRT,OGN,TAP,DISCK,DISCK,AOS,MHK,NWL,FRT,PNR,FRT,PNR,PNR,SEE,AOS,NRG,WHR,WHR,WHR,IVZ,IVZ,WHR,BEN,WHR,FRT,BEN,CPB
PDCO,LSI,PCS,GT,FSLR,UNS1,TE,PDCO,LM,CLF,NFX,URBN,RDC,R,THC,R,FLIR,THC,HCBK,HCBK,ALLE,AVP,DNB,JOY,PDCO,FLIR,DISCA,DNB,GME,AN,R,HCBK,NAVI,DISCA,NAVI,PBI,CSRA,PDCO,PBI,HRB,NAVI,USD,NAVI,TGNA,GPS,FLIR,AIZ,MUR,NFX,GPS,FLS,GPS,PWR,SRCL,LEG,LEG,RL,RL,NWSA,NFX,TRIP,MAC,FL,SCG,GPS,HP,ROL,ROL,AMG,LB,NWL,RL,HP,LEG,LEG,NWSA,RL,RL,LB,LB,NBL,PVH,LB,DXC,ALK,NBL,PVH,PBCT,DVN,LEG,VNO,HII,FLIR,FLIR,PVH,DVA,DVA,CPB,SEE,LW,LW,DXC,OGN,FRT,WYNN,PNW,MHK,CCL,BEN,OGN,WYNN,AOS,BEN,SBNY,NWSA,ZION,FRT,FRT,AAP,BEN,PARA,WHR,XRAY,BEN,PARA,CTLT
AIZ,TSS,ATI,HAR,CVC,TER,UNS1,PBI,CVC,JBL,JBL,CLF,WPX,NFX,ATI,THC,AVY,NDAQ,AIZ,PBCT,PBCT,AN,PBCT,FLIR,FLIR,THC,URBN,PBI,AN,R,LM,R,TDC,FSLR,PBI,DISCA,RIG,CSRA,NAVI,NRG,DNB,NRG,DNB,MUR,TGNA,DNB,FLIR,HRB,NWSA,FLIR,JWN,PWR,SRCL,SCG,BHF,SCG,LEG,JWN,NFX,FL,IPGP,HBI,NFX,FL,SEE,PRGO,HBI,HP,GPS,PRGO,LB,FOX,CPRI,ROL,FOX,ROL,HOG,UNM,SEE,HFC,HBI,FLS,RL,FOX,HFC,PBCT,ALK,PVH,DXC,FLIR,PVH,PVH,PBCT,BEN,PBCT,APA,IPGP,OGN,FRT,HII,ROL,PNW,PNW,HII,NWL,NWSA,ROL,NWL,CDAY,PNR,FRT,NCLH,PNR,SEE,SBNY,XRAY,HAS,SEE,AIZ,NWSA,IVZ,GNRC,NCLH,XRAY,FRT,PNW
WPX,GRMN,GME,R,R,NFX,PDCO,NFX,UNS1,USX1,WPX,DOFSQ,USX1,DNB,USX1,NDAQ,TEG,BTU,LEG,ALLE,FLIR,DNB,NE,CVC,THC,FSLR,TE,FSLR,DNB,GME,AN,LM,PBI,NRG,CSRA,FLIR,PDCO,PBI,NRG,NWSA,NWSA,PBCT,FLIR,ENDP,NAVI,PWR,HRB,NAVI,HP,AIZ,HRB,M,BHF,BHF,PWR,MAT,AYI,NFX,GT,JWN,JWN,XRX,AIZ,HRB,FLR,AMG,AMG,FLS,HOG,HOG,PRGO,IPGP,NWL,JEF,IPGP,FOX,HBI,HOG,COG,UBFUT,HOG,HBI,TPR,DVN,MRO,FOX,PBCT,FOX,AIV,VNO,PRGO,FLIR,COG,IPGP,APA,IPGP,BEN,NLSN,PNW,PVH,PBCT,ROL,NCLH,BEN,DISCK,AOS,AOS,UHS,UHS,XRAY,SEE,IVZ,NWSA,OGN,SEE,HAS,NWSA,NWSA,CTLT,WRK,FRT,FRT,BEN,HAS,XRAY,IVZ
R,ANF,DF,NFX,NFX,R,NFX,CLF,TE,ATI,AIV,ALLE,R,CVC,BMS,DNB,THC,BMS,PBCT,AVY,FOSL,NFX,GNW,AN,DNB,JOY,FSLR,HCBK,HCBK,AIZ,RIG,ESV,R,SWN,FLIR,PDCO,DNB,DNB,MUR,NAVI,FLIR,DNB,MUR,FLIR,FLIR,TGNA,TGNA,GPS,GPS,NFX,EVHC,AIZ,FLS,JWN,FLS,FLS,JWN,FLS,JWN,TRIP,AIZ,LEG,LEG,MAC,HBI,JEF,LEG,AMG,LEG,PWR,HOG,PWR,JEF,PWR,XEC,IPGP,IPGP,FOX,NWSA,HBI,PVH,RL,HBI,NBL,FOX,TPR,TPR,FANG,PBCT,NOV,PBCT,SEE,ROL,PBCT,FRT,ROL,ALK,ALK,ROL,ROL,PNW,PBCT,DISH,PNW,DISH,CDAY,BEN,CDAY,XRAY,NWSA,IVZ,LUMN,NCLH,NWSA,HAS,SBNY,SEE,AIZ,FRT,FRT,NWSA,IVZ,GNRC,IVZ,FMC,GNRC
CPPRQ,LDOS,TER,ETFC,UNS1,PDCO,PBI,UNS1,AN,PDCO,R,R,IGT,IGT,URBN,BMS,PBCT,DNB,AVY,ATI,OI,FSLR,FLIR,OI,CVC,OI,WIN,TE,AIZ,DNB,DNB,TDC,FLIR,GRMN,FSLR,DNB,NAVI,NRG,PDCO,FSLR,DISCA,NWSA,NRG,TDC,PWR,MUR,UAC/C,FLIR,JWN,FLS,FLIR,CSRA,AIZ,AIZ,SCG,PWR,FLS,HRB,HRB,LEG,NFX,TRIP,MAC,TRIP,XRX,FLS,GPS,TRIP,IPGP,ROL,CPRI,HP,PWR,RL,CPRI,RL,ROL,NWSA,UNM,SEE,FTI,FTI,DXC,TPR,IVZ,MRO,NBL,KIM,FLIR,HBI,HBI,VNO,IPGP,FRT,NRG,ALK,PVH,APA,HII,NLSN,NCLH,NCLH,DXC,DISH,DXC,ROL,CDAY,BBWI,FRT,UHS,AOS,SEE,AIZ,XRAY,AOS,SEE,AIZ,GNRC,NCLH,ALK,CMA,SGAFT,FRT,NCLH,IVZ,FMC
PBI,LM,R,ATI,PBI,FSLR,FSLR,TER,PDCO,TE,CVC,FSLR,FSLR,WPX,DNB,URBN,ATI,RDC,FSLR,DNB,DNB,AVY,CVC,DNB,JOY,PDCO,FLIR,CVC,TE,FLIR,CHK,CHK,MUR,PBI,NRG,NRG,SWN,TDC,LM,FLIR,PDCO,FLIR,PDCO,PWR,CHK,CHK,CSRA,UA,FLS,NWSA,CSRA,NWSA,HRB,FLS,JWN,SRCL,FL,LEG,TRIP,NWSA,SRCL,COTY,COTY,AIZ,HRB,GT,PWR,IPGP,PWR,GPS,PWR,ROL,LEG,M,RL,HRB,DISCA,CPRI,ROL,NWSA,LB,NCLH,PVH,SLG,TPR,IVZ,IVZ,GPS,MRO,PBCT,MRO,HBI,DISCA,SEE,ROL,PBCT,APA,PBCT,DVA,WU,NLSN,HII,IVZ,ROL,BEN,WYNN,WYNN,MHK,NWL,WYNN,BEN,XRAY,DXC,AIZ,OGN,NCLH,OGN,OGN,UBFUT,AIZ,AIZ,AIZ,TPR,VFC,BIO,FRT
GME,ATI,ETFC,FSLR,ATI,PBI,R,R,ATI,FSLR,ATI,ATI,CVC,USX1,CVC,RDC,BTU,JBL,BTU,BTU,AVY,DEN,GME,GNW,NE,AIZ,AIZ,GNW,PBI,PBI,FLIR,FLIR,DISCA,PDCO,ESV,MUR,NRG,UBFUT,DNB,DISCA,GPS,RIG,PWR,DISCA,DISCA,NAVI,DNB,DNB,FLIR,JWN,MAT,EVHC,FL,HRB,MAT,HRB,SCG,FL,SRCL,MAT,LEG,FL,IPGP,SEE,GT,MAC,FLR,JEF,COTY,NKTR,LEG,NWSA,XEC,XEC,M,M,NWSA,HBI,M,FOX,HRB,UNM,FLS,HBI,DVN,DVN,DVN,VNT,APA,APA,VNT,DXC,VNO,APA,IPGP,VNO,VNO,PVH,PVH,PBCT,HII,IVZ,HII,MHK,IVZ,DISH,NCLH,NWSA,NWSA,NWL,UHS,DXC,XRAY,GNRC,GNRC,AIZ,CMA,ALK,VFC,VFC,SEE,NCLH,IVZ,BIO,NCLH,XRAY
ETFC,GT,NFX,PBI,FHN,ATI,TER,ATI,TER,R,TE,CVC,ATI,PDCO,TE,DOFSQ,GME,CVC,ATI,TE,TE,OI,AVP,NE,NFX,NE,PDCO,FLIR,FLIR,PDCO,PDCO,PBI,CHK,PWR,TDC,ESV,AN,GME,CSRA,PBI,FSLR,PDCO,AN,PDCO,TDC,DISCA,NWSA,TGNA,PWR,RL,NWSA,HRB,RL,MAT,HRB,BHF,HRB,SCG,LEG,AIZ,FLS,NFX,EVHC,DISCA,AIZ,LEG,JWN,FLR,FLR,FLR,JEF,LEG,NWSA,IPGP,ROL,CPRI,HRB,M,HOG,IPGP,DVN,DISCA,SLG,UNM,NCLH,UNM,APA,UBFUT,HBI,MRO,LEG,NOV,SEE,HBI,LEG,PVH,OGN,VNO,PBCT,PNW,DISCK,DVA,PENN,NCLH,HII,BEN,NWSA,BEN,WYNN,DXC,XRAY,OGN,GNRC,DXC,AIZ,NWSA,DXC,CMA,ALK,DXC,VFC,VFC,PARA,WHR,HAS,CMA
FHN,TER,HAR,USX1,CLF,USX1,CLF,ANF,CLF,TER,PDCO,AIV,DOFSQ,ATI,IGT,USX1,BMS,TE,TE,BMS,JBL,JBL,OI,PDCO,OI,CVC,GME,AIZ,PDCO,TE,PBI,DISCA,DNB,DNB,PDCO,TDC,LM,PWR,PWR,DNB,TDC,NAVI,DISCA,NRG,ENDP,R,FTR,CSRA,DISCK,USD,AIZ,RL,JWN,CSRA,CSRA,UBFUT,SRCL,SRCL,PWR,GT,NWSA,HRB,SCG,USD,MAC,AIZ,MAC,AIZ,TRIP,NWL,AMG,CPRI,NKTR,DISCA,HRB,XEC,M,DISCA,HBI,HOG,MRO,HOG,DISCA,DISCA,UNM,PVH,GPS,FLS,FOX,DISCA,APA,HFC,FRT,VNO,VNO,OGN,PBCT,HBI,DISCK,DISCK,WU,OGN,ROL,DVA,ROL,DXC,IVZ,WYNN,MHK,ALK,OGN,BEN,OGN,ALK,DXC,DXC,NCLH,NCLH,SEE,SEE,DXC,CMA,VFC,PARA,WHR,FOXA
APOL,NFX,PBI,FHN,USX1,CLF,ATI,USX1,R,CVC,TER,TE,NFX,TE,PDCO,TE,DNB,AN,BMS,URBN,ATI,QEP,PDCO,AVP,GME,GME,CVC,NE,NE,GNW,ESV,PDCO,PDCO,TDC,DNB,PWR,TDC,LM,TDC,RIG,AN,DISCA,RIG,CHK,CSRA,ENDP,R,NWSA,CSRA,TRIP,RL,MAT,CSRA,DISCK,AIZ,EVHC,PWR,AYI,FLS,SRCL,GT,AIZ,GT,GT,PWR,FLR,AIZ,GPS,LB,HRB,IPGP,DISCA,ROL,HP,LB,TRIP,XEC,XEC,DISCA,UNM,NCLH,XRX,HOG,LB,FLS,GPS,MRO,DVN,NOV,UNM,SLG,RL,HBI,GPS,GPS,GPS,PRGO,IPGP,ALK,DVA,VNO,PVH,ALK,ALK,PENN,ALK,DVA,ALK,ALK,MHK,NWSA,WYNN,UBFUT,MHK,ALK,OGN,ALK,DXC,DXC,CMA,ALK,DVA,CMA,GNRC,CMA,PARA
AN,PCS,CLF,CPPRQ,CPPRQ,AMD,USX1,GHC,USX1,UNS1,AN,PDCO,TE,JBL,DOFSQ,CVC,RDC,X,JBL,CVC,AN,CVC,BMS,ATI,URBN,URBN,OI,GME,OI,NE,CNX,DNB,THC,ESV,GME,R,MUR,R,R,PWR,R,FSLR,CSRA,LM,PDCO,CSRA,DISCA,DISCA,SIG,FL,FL,JWN,RRC,EVHC,DISCK,AIZ,BHF,BHF,EVHC,SCG,FL,EVHC,MAT,NWSA,LEG,HBI,GT,JWN,HRB,TRIP,FL,UAA,DISCA,CPRI,HP,DISCA,ADS,IPGP,IPGP,M,KSS,HRB,HRB,FLS,FTI,FLS,RL,UNM,VNT,RL,NOV,LEG,APA,COG,HBI,HBI,HBI,LEG,NLSN,VNO,DVA,NLSN,DVA,IVZ,ALK,DVA,ALK,IVZ,IVZ,IVZ,DXC,NWSA,ALK,NCLH,NCLH,ALK,MHK,MHK,DVA,DVA,ZION,OGN,DVA,CMA,VFC,BIO
BIG,R,USX1,GHC,AMD,CPPRQ,GHC,FSLR,FSLR,AN,CPPRQ,NFX,PDCO,AN,JBL,AN,CVC,URBN,URBN,JBL,BMS,BMS,NBR,NBR,GNW,FOSL,JOY,JOY,GNW,OI,GNW,FSLR,ESV,R,PWR,THC,PWR,RIG,AN,AN,LM,PWR,TDC,PBI,RIG,PDCO,NRG,R,RL,CSRA,RRC,RRC,EVHC,RRC,EVHC,NFX,NFX,MAT,MAT,EVHC,SCG,SCG,BHF,LEG,IPGP,PWR,NWSA,PWR,JWN,JEF,NWSA,FL,TRIP,TRIP,AMG,ADS,LB,HP,XEC,DISCA,UAA,IVZ,FTI,KSS,SLG,HFC,NOV,RL,FLS,VNT,RL,UBFUT,LEG,LEG,COG,COG,GPS,COG,VNO,ALK,ALK,DISCK,VNO,VNO,VNO,PENN,DISH,PENN,PENN,NCLH,NWL,ALK,LNC,LUMN,MHK,MHK,RL,DVA,MHK,MHK,MHK,ALK,ZION,SEE,DVA,WHR
GHC,GHC,FHN,APOL,GHC,GHC,AMD,CPPRQ,ANF,ANF,GHC,JBL,JBL,DOFSQ,AN,PDCO,URBN,DOFSQ,AN,AN,CVC,PDCO,NFX,NFX,AVP,GNW,FOSL,PDCO,JOY,FSLR,OI,CNX,OI,FLIR,R,GME,R,MUR,GME,R,PWR,PBI,PBI,R,R,TDC,TDC,FTR,TRIP,HP,TRIP,TRIP,DISCK,TRIP,DISCA,DISCK,AIZ,PWR,SCG,XRX,XRX,MAT,HRB,BHF,NWSA,NWSA,HRB,NWSA,JEF,LEG,DISCA,JEF,IPGP,UBFUT,DISCA,HP,HP,ROL,HRB,HRB,JWN,KSS,UNM,PVH,DISCA,DISCA,DISCA,MRO,UNM,FLS,UNM,UNM,GPS,RL,UNM,LEG,LEG,RL,LEG,LEG,IPGP,VNO,NLSN,PVH,MHK,IVZ,UBFUT,DISH,NCLH,PENN,ALK,NWL,MHK,NWL,NWL,NWL,ZION,RL,CMA,OGN,OGN,MHK,SEE,RL,ZION,HAS
FSLR,AN,CPPRQ,AN,APOL,APOL,CPPRQ,AMD,GHC,GHC,UNS1,AN,AN,GHC,CLF,JBL,AN,PDCO,DOFSQ,PDCO,URBN,ATI,FSLR,GME,QEP,NBR,GNW,URBN,FSLR,JOY,FSLR,OI,FSLR,CHK,SWN,OI,GME,THC,SWN,PDCO,PBI,AN,LM,CSRA,NRG,NRG,PDCO,NRG,NAVI,SIG,NAVI,SIG,TRIP,CHK,NAVI,TRIP,EVHC,AIZ,AYI,FLS,MAT,GT,TRIP,IPGP,DISCA,XRX,IPGP,COTY,NWSA,COTY,TRIP,TRIP,FL,AMG,TRIP,UAA,AMG,HRB,CPRI,HP,UA,LB,KSS,RL,PVH,KSS,UNM,NOV,RL,SLG,FTI,PRGO,RL,DISCA,UBFUT,PRGO,COG,GPS,HBI,RL,HBI,ALK,PVH,RL,DVA,VNO,PENN,VNO,VNO,DVA,DVA,MHK,LUMN,UBFUT,LNC,UBFUT,UBFUT,NWL,OGN,SGAFT,DVA,SEE,ALK,ZION,RL,ZION
AMD,APOL,APOL,AMD,AN,AN,AN,AN,CPPRQ,CPPRQ,ANF,GHC,CLF,CLF,GHC,IGT,DOFSQ,GHC,PDCO,GHC,PDCO,URBN,ATI,URBN,NBR,AVP,NE,OI,ATI,URBN,URBN,URBN,URBN,OI,THC,SWN,THC,OI,RIG,CSRA,CSRA,R,FSLR,AN,PBI,PBI,ENDP,TDC,RRC,DISCK,SIG,FL,CHK,NAVI,TRIP,DISCA,TRIP,EVHC,AIZ,PWR,EVHC,SRCL,SRCL,COTY,BHF,IPGP,DISCA,MAT,MAC,DISCA,UAA,AMG,AMG,LB,UAA,AMG,JWN,LB,HP,CPRI,HP,CPRI,IVZ,UBFUT,RL,SLG,FLS,APA,GPS,GPS,HFC,VNT,UNM,UNM,NOV,NOV,RL,PRGO,IPGP,HBI,LEG,IPGP,IPGP,NLSN,PVH,PVH,VNO,NCLH,DVA,DISH,NCLH,DVA,NWL,LNC,RL,RL,NWL,FOX,RL,RL,RL,ZION,RL,SEDG,UBFUT,VFC
,FSLR,,,,,,,,,,,GHC,,,GHC,WPG,,,DOFSQ,DOFSQ,DOFSQ,QEP,FSLR,FSLR,ATI,QEP,FOSL,URBN,ATI,FOSL,UBSFT,FOSL,THC,OI,CHK,ESV,URBN,URBN,CHK,RIG,TDC,ENDP,RIG,AN,RIG,OI,PDCO,CHK,NAVI,DISCK,CHK,NAVI,DISCA,RRC,NAVI,MAT,TRIP,BHF,BHF,BHF,PWR,DISCA,MAT,MAT,DISCA,BHF,HRB,MAT,NWSA,GPS,UA,UAA,UAA,GPS,LB,UAA,ADS,ADS,JWN,M,HP,XRX,FTI,KSS,XRX,UBFUT,DISCA,DISCA,UBFUT,FLS,SLG,HFC,NOV,PRGO,RL,UNM,UNM,FOX,IPGP,RL,RL,RL,FOX,RL,UBFUT,PVH,DVA,DISH,VNO,MHK,UBFUT,RL,RL,LUMN,LNC,DVA,UBFUT,ZION,FOX,SGAFT,RL,MHK,MHK,SEE,RL
,,,,,,,,,,,,,,,HAWKB,,,,,,,URBN,QEP,ATI,QEP,ATI,ATI,FOSL,FOSL,JOY,FOSL,GNW,URBN,CHK,URBN,OI,SWN,THC,LM,ENDP,CSRA,R,URBN,LM,OI,AN,ENDP,DISCA,DISCA,CHK,DISCK,SIG,SIG,SIG,UAA,NAVI,DISCA,UBFUT,HRB,HRB,BHF,NWSA,PWR,UAA,BHF,MAT,MAC,DISCA,JWN,FLR,COTY,GPS,GPS,UA,JWN,GPS,JWN,JWN,ADS,APA,UAA,ADS,GPS,XRX,FTI,SLG,SLG,SLG,FOX,FOX,GPS,PRGO,PRGO,RL,UNM,NOV,NOV,RL,FOX,UBFUT,FOX,FOX,UBFUT,FOX,RL,FOX,UBFUT,RL,FOX,UBFUT,RL,VNO,DVA,UBFUT,FOX,FOX,ZION,FOX,ZION,AAP,DXC,OGN,DVA,ALK,DVA
,,,,,,,,,,,,,,,,,,,,,,DNR,DNR,DNR,DNR,DO,QEP,QEP,DO,UBSFT,GNW,CNX,GNW,URBN,CNX,URBN,ESV,OI,TDC,OI,ENDP,CHK,OI,URBN,FSLR,LM,AN,UAA,RRC,UAA,NAVI,PDCO,PDCO,CHK,SIG,RRC,NAVI,UAA,UAA,PWR,NWSA,PWR,SRCL,UA,MAT,UAA,BHF,BHF,UAA,UA,USD,UA,UA,MAC,UA,UA,UAA,UAA,XEC,CPRI,JWN,GPS,XRX,GPS,RL,XRX,XRX,XRX,FTI,UBFUT,FOX,NOV,FOX,FOX,DISCA,DISCA,DISCA,GPS,UBFUT,FOX,UBFUT,UBFUT,DISCA,UBFUT,FOX,RL,RL,FOX,UBFUT,FOX,VNO,DVA,FOX,DVA,DVA,LNC,LNC,LNC,AAP,LNC,FOX,DXC,UBFUT,MHK,MHK
,,,,,,,,,,,,,,,,,,,,,,DO,DO,DO,UBSFT,UBSFT,DO,UBSFT,UBSFT,DO,JOY,JOY,FOSL,UBFUT,FOSL,CNX,CNX,CHK,OI,URBN,LM,OI,FSLR,FSLR,URBN,UBFUT,PBI,PDCO,PDCO,DISCA,PDCO,DISCA,UAA,PDCO,RRC,DISCA,UAA,UA,DISCA,DISCA,DISCA,UAA,UAA,COTY,UAA,NFX,DISCA,UAA,MAT,MAC,MAC,MAC,JWN,JWN,GPS,COTY,UA,UA,GPS,COTY,ADS,JWN,HRB,HRB,HRB,HFC,HFC,FTI,HFC,GPS,FLS,FOX,HFC,DISCA,FOX,FOX,FOX,UBFUT,GPS,UAA,DISCA,DISCA,IPGP,DISCA,IPGP,IPGP,FOX,PVH,RL,VNO,FOX,FOX,DISH,FOX,LUMN,FRC,NWS,NWL,LNC,FOX,NWL,UBFUT,ALK,SEDG,SGAFT
,,,,,,,,,,,,,,,,,,,,,,UBSFT,UBSFT,UBSFT,DO,ESM5,UBSFT,DO,QEP,ESU5,DO,NWS,UBSFT,CNX,NWS,UBFUT,CHK,NWS,URBN,CHK,OI,URBN,UBFUT,OI,AN,URBN,FSLR,UA,UAA,PDCO,DISCA,UBFUT,UA,UAA,UA,UAA,RRC,RRC,UA,UAA,UAA,UA,NFX,NFX,UA,COTY,UAA,NKTR,MAC,COTY,GPS,JWN,MAC,NKTR,COTY,TRIP,GPS,GPS,UAA,GPS,UA,UAA,UAA,UA,UA,FTI,UAA,HFC,XRX,XRX,XRX,UAA,UAA,HFC,UBFUT,UAA,UBFUT,DISCA,UAA,UA,UA,GPS,UA,IPGP,UA,NWS,PVH,UBFUT,PVH,RL,DISH,DISH,VNO,DISH,DISH,DISH,DISH,NWS,NWL,NWL,LNC,FOX,FOX,FOX,FOX
,,,,,,,,,,,,,,,,,,,,,,ESZ4,ESH5,ESH5,ESH5,USD,ESM5,ESM5,ESU5,USD,ESU5,UBSFT,NWS,FOSL,DO,CHK,DO,DO,DO,UBFUT,CHK,UBFUT,NWS,NWS,LM,PBI,URBN,AN,CHK,UA,UAA,UAA,NWS,UBFUT,PDCO,UA,UA,NAVI,NWS,UA,UBFUT,NWS,UA,UBFUT,COTY,UA,UA,UA,UA,JWN,JWN,COTY,NKTR,COTY,MAC,MAC,COTY,UBFUT,COTY,ADS,GPS,NWS,UA,UAA,NWS,UAA,UA,UAA,UAA,UAA,UAA,UA,UBFUT,UAA,UAA,UA,UAA,UAA,UA,DISCA,UAA,UA,UAA,UA,UAA,UA,NWS,NWS,NWS,DISH,NWS,NWS,NWS,NWS,NWS,NWS,FRC,DISH,NWS,NWS,NWS,NWS,NWS,NWS,NWS
,,,,,,,,,,,,,,,,,,,,,,CRC,,,,,,,BLD WI,,,DO,CNX,NWS,UBFUT,NWS,NWS,UBFUT,NWS,DO,URBN,DO,DO,COTY,UBFUT,FSLR,UBFUT,NWS,UA,UBFUT,UBFUT,UA,UBFUT,UA,CHK,NWS,UBFUT,DISCA,UBFUT,UBFUT,UA,UBFUT,UBFUT,NWS,NFX,UBFUT,UBFUT,UBFUT,UBFUT,MAT,NWS,NWS,COTY,NWS,UBFUT,UBFUT,UBFUT,COTY,UA,NWS,COTY,UA,COTY,NWS,UAA,NWS,FTI,UA,UA,UA,UA,NWS,UA,UA,UA,NWS,UA,UA,DISCA,GPS,GPS,UAA,NWS,UAA,NWS,UAA,ESU2,ESU2,ESU2,NWS,ESZ2,ESZ2,ESH3,ESH3,ESH3,ESM3,ESM3,ESM3,ESU3,ESU3,ESU3,ESZ3,ESZ3,ESZ3,ESH4
,,,,,,,,,,,,,,,,,,,,,,,,,,,,,CC WI,,,ESZ5,DO,DO,ESH6,DO,CRC,ESM6,UBFUT,NWS,DO,NWS,ESU6,UBFUT,NWS,NWS,NWS,UBFUT,UBFUT,NWS,UA,NWS,ESH8,NWS,NWS,UBFUT,NWS,NWS,ESU8,NWS,NWS,ANDV,NWS,ESZ8,UBFUT,NWS,NWS,NWS,NWS,NWS,UBFUT,UBFUT,NWS,UBFUT,NWS,NWS,NWS,NWS,NWS,ESM0,NWS,COTY,NWS,COTY,COTY,UA,NWS,NWS,NWS,NWS,NWS,UBFUT,NWS,NWS,NWS,UBFUT,NWS,NWS,NWS,NWS,NWS,NWS,ESH2,NWS,ESM2,ESM2,,,,ESZ2,,,,,,,,,,,,,,,
,,,,,,,,,,,,,,,,,,,,,,,,,,,,,,,,USD,ESZ5,SYF-W,,ESH6,ESH6,,ESM6,ESM6,UBFUT,ESU6,USD,ESZ6,ESZ6,ESZ6,ESH7,BTI,NWS,ESZ7,NWS,ESZ7,,ESH8,ESH8,ESM8,ESM8,ESM8,USD,ESU8,ESU8,ESZ8,ESZ8,USD,NWS,ESH9,-,ESM9,ESM9,ESM9,ESU9,ESU9,ESU9,ESZ9,ESZ9,DISHR,ESH0,ESH0,ESH0,USD,ESM0,ESM0,TMUSR,OXY WS WI,ESU0,ESZ0,ESZ0,ESZ0,-,ESH1,ESH1,ESM1,ESM1,ESM1,ESU1,ESU1,ESU1,ESZ1,ESZ1,ESZ1,ESH2,ESH2,,ESM2,,,,,,USD,,,,,,,,,,,,,,,
