,0,1,2
0,320193,AAPL,Apple Inc.
1,789019,MSFT,MICROSOFT CORP
2,1045810,NVDA,NVIDIA CORP
3,1652044,GOOGL,Alphabet Inc.
4,1018724,AMZN,AMAZON COM INC
5,1326801,META,"Meta Platforms, Inc."
6,1067983,BRK-B,BERKSHIRE HATHAWAY INC
7,1046179,TSM,TAIWAN SEMICONDUCTOR MANUFACTURING CO LTD
8,59478,LLY,ELI LILLY & Co
9,1318605,TSLA,"Tesla, Inc."
10,1730168,AVGO,Broadcom Inc.
11,19617,JPM,JPMORGAN CHASE & CO
12,353278,NVO,NOVO NORDISK A S
13,104169,WMT,Walmart Inc.
14,1403161,V,VISA INC.
15,731766,UNH,UNITEDHEALTH GROUP INC
16,884394,SPY,SPDR S&P 500 ETF TRUST
17,34088,XOM,EXXON MOBIL CORP
18,1141391,MA,Mastercard Inc
19,80424,PG,PROCTER & GAMBLE Co
20,1341439,ORCL,ORACLE CORP
21,909832,COST,COSTCO WHOLESALE CORP /NEW
22,200406,JNJ,JOHNSON & JOHNSON
23,937966,ASML,ASML HOLDING NV
24,354950,HD,"HOME DEPOT, INC."
25,70858,BAC,BANK OF AMERICA CORP /DE/
26,310158,MRK,"Merck & Co., Inc."
27,1551152,ABBV,AbbVie Inc.
28,93410,CVX,CHEVRON CORP
29,21344,KO,COCA COLA CO
30,2008670,RCIT,REELCAUSE INC
31,1065280,NFLX,NETFLIX INC
32,1094517,TM,TOYOTA MOTOR CORP/
33,1000184,SAP,SAP SE
34,2488,AMD,ADVANCED MICRO DEVICES INC
35,1108524,CRM,"Salesforce, Inc."
36,901832,AZN,ASTRAZENECA PLC
37,796343,ADBE,ADOBE INC.
38,77476,PEP,PEPSICO INC
39,1306965,SHEL,Shell plc
40,1114448,NVS,NOVARTIS AG
41,804328,QCOM,QUALCOMM INC/DE
42,1707925,LIN,LINDE PLC
43,97745,TMO,THERMO FISHER SCIENTIFIC INC.
44,1061736,FMX,MEXICAN ECONOMIC DEVELOPMENT INC
45,1283699,TMUS,"T-Mobile US, Inc."
46,1467373,ACN,Accenture plc
47,72971,WFC,WELLS FARGO & COMPANY/MN
48,313616,DHR,DANAHER CORP /DE/
49,40545,GE,GENERAL ELECTRIC CO
50,1067839,QQQ,"INVESCO QQQ TRUST, SERIES 1"
51,858877,CSCO,"CISCO SYSTEMS, INC."
52,63908,MCD,MCDONALDS CORP
53,1737806,PDD,PDD Holdings Inc.
54,6951,AMAT,APPLIED MATERIALS INC /DE
55,1577552,BABA,Alibaba Group Holding Ltd
56,97476,TXN,TEXAS INSTRUMENTS INC
57,1800,ABT,ABBOTT LABORATORIES
58,1973239,ARM,ARM HOLDINGS PLC /UK
59,896878,INTU,INTUIT INC.
60,318154,AMGN,AMGEN INC
61,4962,AXP,AMERICAN EXPRESS CO
62,1393818,BX,Blackstone Inc.
63,1413329,PM,Philip Morris International Inc.
64,51143,IBM,INTERNATIONAL BUSINESS MACHINES CORP
65,18230,CAT,CATERPILLAR INC
66,895421,MS,MORGAN STANLEY
67,78003,PFE,PFIZER INC
68,1744489,DIS,Walt Disney Co
69,732712,VZ,VERIZON COMMUNICATIONS INC
70,1035267,ISRG,INTUITIVE SURGICAL INC
71,1089113,HSBC,HSBC HOLDINGS PLC
72,886982,GS,GOLDMAN SACHS GROUP INC
73,1000275,RY,ROYAL BANK OF CANADA
74,1373715,NOW,"ServiceNow, Inc."
75,64040,SPGI,S&P Global Inc.
76,879764,TTE,TotalEnergies SE
77,1144967,HDB,HDFC BANK LTD
78,1166691,CMCSA,COMCAST CORP
79,753308,NEE,NEXTERA ENERGY INC
80,100885,UNP,UNION PACIFIC CORP
81,217410,UL,UNILEVER PLC
82,773840,HON,HONEYWELL INTERNATIONAL INC
83,1543151,UBER,"Uber Technologies, Inc"
84,50863,INTC,INTEL CORP
85,811809,BHP,BHP Group Ltd
86,101829,RTX,RTX Corp
87,60667,LOW,LOWES COMPANIES INC
88,1075531,BKNG,Booking Holdings Inc.
89,67088,MUFG,MITSUBISHI UFJ FINANCIAL GROUP INC
90,732717,T,AT&T INC.
91,310764,SYK,STRYKER CORP
92,1551182,ETN,Eaton Corp plc
93,1163165,COP,CONOCOPHILLIPS
94,109198,TJX,TJX COMPANIES INC /DE/
95,875320,VRTX,VERTEX PHARMACEUTICALS INC / MA
96,723125,MU,MICRON TECHNOLOGY INC
97,80661,PGR,PROGRESSIVE CORP/OH/
98,1121404,SNY,Sanofi
99,1364742,BLK,BlackRock Inc.
100,707549,LRCX,LAM RESEARCH CORP
101,831001,C,CITIGROUP INC
102,887028,RTNTF,RIO TINTO LTD
103,1668717,BUD,Anheuser-Busch InBev SA/NV
104,316709,SCHW,SCHWAB CHARLES CORP
105,936468,LMT,LOCKHEED MARTIN CORP
106,872589,REGN,"REGENERON PHARMACEUTICALS, INC."
107,1156039,ELV,"Elevance Health, Inc."
108,1045609,PLD,"Prologis, Inc."
109,885725,BSX,BOSTON SCIENTIFIC CORP
110,6281,ADI,ANALOG DEVICES INC
111,12927,BA,BOEING CO
112,1378580,EADSY,Airbus SE/ADR
113,313838,SONY,Sony Group Corp
114,320187,NKE,"NIKE, Inc."
115,1404912,KKR,KKR & Co. Inc.
116,1327567,PANW,Palo Alto Networks Inc
117,319201,KLAC,KLA CORP
118,1596532,ANET,"Arista Networks, Inc."
119,62709,MMC,"MARSH & MCLENNAN COMPANIES, INC."
120,1090727,UPS,UNITED PARCEL SERVICE INC
121,896159,CB,Chubb Ltd
122,1103838,IBN,ICICI BANK LTD
123,1161167,AIQUY,L AIR LIQUIDE SA /FI
124,863064,RIO,RIO TINTO PLC
125,315189,DE,DEERE & CO
126,947263,TD,TORONTO DOMINION BANK
127,1613103,MDT,Medtronic plc
128,8670,ADP,AUTOMATIC DATA PROCESSING INC
129,1610520,UBS,UBS Group AG
130,1053507,AMT,AMERICAN TOWER CORP /MA/
131,313807,BP,BP PLC
132,1739940,CI,Cigna Group
133,1559720,ABNB,"Airbnb, Inc."
134,1119639,PBR,PETROBRAS - PETROLEO BRASILEIRO SA
135,798354,FI,FISERV INC
136,1022837,SMFG,"SUMITOMO MITSUI FINANCIAL GROUP, INC."
137,1443276,TOELY,Tokyo Electron LTD
138,1067491,INFY,Infosys Ltd
139,883241,SNPS,SYNOPSYS INC
140,1571996,DELL,Dell Technologies Inc.
141,92122,SO,SOUTHERN CO
142,860730,HCA,"HCA Healthcare, Inc."
143,882095,GILD,"GILEAD SCIENCES, INC."
144,1103982,MDLZ,"Mondelez International, Inc."
145,823768,WM,WASTE MANAGEMENT INC
146,948401,CFRUY,COMPAGNIE FINANCIERE RICHEMONT AG /FI
147,89800,SHW,SHERWIN WILLIAMS CO
148,829224,SBUX,STARBUCKS CORP
149,1099590,MELI,MERCADOLIBRE INC
150,14272,BMY,BRISTOL MYERS SQUIBB CO
151,1571949,ICE,"Intercontinental Exchange, Inc."
152,764180,MO,"ALTRIA GROUP, INC."
153,1442651,SHECY,"Shin-Etsu Chemical Co., Ltd."
154,929869,RELX,RELX PLC
155,1326160,DUK,Duke Energy CORP
156,1059556,MCO,MOODYS CORP /DE/
157,1555280,ZTS,Zoetis Inc.
158,1001838,SCCO,SOUTHERN COPPER CORP/
159,748954,ATLKY,ATLAS COPCO AB
160,1594805,SHOP,SHOPIFY INC.
161,40533,GD,GENERAL DYNAMICS CORP
162,820313,APH,AMPHENOL CORP /DE/
163,21665,CL,COLGATE PALMOLIVE CO
164,1131399,GSK,GSK plc
165,1466258,TT,Trane Technologies plc
166,895728,ENB,ENBRIDGE INC
167,723254,CTAS,CINTAS CORP
168,813672,CDNS,CADENCE DESIGN SYSTEMS INC
169,891478,SAN,"Banco Santander, S.A."
170,16875,CP,CANADIAN PACIFIC KANSAS CITY LTD/CN
171,16868,CNI,CANADIAN NATIONAL RAILWAY CO
172,1101239,EQIX,EQUINIX INC
173,1648416,RACE,Ferrari N.V.
174,927653,MCK,MCKESSON CORP
175,1075124,TRI,THOMSON REUTERS CORP /CAN/
176,1017413,CNQ,CANADIAN NATURAL RESOURCES LTD
177,1067318,MBGYY,DAIMLER AG
178,1303523,BTI,British American Tobacco p.l.c.
179,1048911,FDX,FEDEX CORP
180,1001085,BN,BROOKFIELD Corp /ON/
181,1140625,EQNR,EQUINOR ASA
182,64803,CVS,CVS HEALTH Corp
183,49826,ITW,ILLINOIS TOOL WORKS INC
184,1058090,CMG,CHIPOTLE MEXICAN GRILL INC
185,1260221,TDG,TransDigm Group INC
186,821189,EOG,EOG RESOURCES INC
187,835403,DEO,DIAGEO PLC
188,1156375,CME,CME GROUP INC.
189,713676,PNC,"PNC FINANCIAL SERVICES GROUP, INC."
190,76334,PH,PARKER HANNIFIN CORP
191,36104,USB,US BANCORP \DE\
192,1858681,APO,"Apollo Global Management, Inc."
193,31462,ECL,ECOLAB INC.
194,87347,SLB,SCHLUMBERGER LIMITED/NV
195,27419,TGT,TARGET CORP
196,1048286,MAR,MARRIOTT INTERNATIONAL INC /MD/
197,1524684,GLNCY,Glencore plc/ADR
198,10795,BDX,BECTON DICKINSON & CO
199,32604,EMR,EMERSON ELECTRIC CO
200,1535527,CRWD,"CrowdStrike Holdings, Inc."
201,68505,MSI,"Motorola Solutions, Inc."
202,277948,CSX,CSX CORP
203,1413447,NXPI,NXP Semiconductors N.V.
204,766704,WELL,WELLTOWER INC.
205,1639920,SPOT,Spotify Technology S.A.
206,1133421,NOC,NORTHROP GRUMMAN CORP /DE/
207,315293,AON,Aon plc
208,1061219,EPD,ENTERPRISE PRODUCTS PARTNERS L.P.
209,831259,FCX,FREEPORT-MCMORAN INC
210,1321655,PLTR,Palantir Technologies Inc.
211,842180,BBVA,"BANCO BILBAO VIZCAYA ARGENTARIA, S.A."
212,927971,BMO,BANK OF MONTREAL /CAN/
213,1679788,COIN,"Coinbase Global, Inc."
214,1633917,PYPL,"PayPal Holdings, Inc."
215,1060391,RSG,"REPUBLIC SERVICES, INC."
216,1446250,BMWYY,Bayerische Motoren Werke AG/ADR
217,898173,ORLY,O REILLY AUTOMOTIVE INC
218,1783180,CARR,CARRIER GLOBAL Corp
219,1691493,NU,Nu Holdings Ltd.
220,882835,ROP,ROPER TECHNOLOGIES INC
221,1004315,NGG,NATIONAL GRID PLC
222,1327811,WDAY,"Workday, Inc."
223,1868275,CEG,Constellation Energy Corp
224,1039765,ING,ING GROEP NV
225,1110646,NTES,"NetEase, Inc."
226,354190,AJG,Arthur J. Gallagher & Co.
227,1132597,ITUB,Itau Unibanco Holding S.A.
228,1835632,MRVL,"Marvell Technology, Inc."
229,1947559,ANZGY,ANZ GROUP HOLDINGS LIMITED/ADR
230,92230,TFC,TRUIST FINANCIAL CORP
231,1605484,STLA,Stellantis N.V.
232,1063761,SPG,SIMON PROPERTY GROUP INC /DE/
233,882184,DHI,HORTON D R INC /DE/
234,1534701,PSX,Phillips 66
235,66740,MMM,3M CO
236,1222333,GLD,SPDR GOLD TRUST
237,1510295,MPC,Marathon Petroleum Corp
238,1335730,MFG,MIZUHO FINANCIAL GROUP INC
239,9631,BNS,BANK OF NOVA SCOTIA
240,849395,CRH,CRH PUBLIC LTD CO
241,2969,APD,"Air Products & Chemicals, Inc."
242,927628,COF,CAPITAL ONE FINANCIAL CORP
243,1585689,HLT,Hilton Worldwide Holdings Inc.
244,37996,F,FORD MOTOR CO
245,1276187,ET,Energy Transfer LP
246,1164727,NEM,NEWMONT Corp /DE/
247,107263,WMB,"WILLIAMS COMPANIES, INC."
248,1129137,AMX,AMERICA MOVIL SAB DE CV/
249,4977,AFL,AFLAC INC
250,1099219,MET,METLIFE INC
251,797468,OXY,OCCIDENTAL PETROLEUM CORP /DE/
252,769397,ADSK,"Autodesk, Inc."
253,1393311,PSA,Public Storage
254,1467858,GM,General Motors Co
255,1099800,EW,Edwards Lifesciences Corp
256,715153,HMC,HONDA MOTOR CO LTD
257,1297996,DLR,"DIGITAL REALTY TRUST, INC."
258,1381197,IBKR,"Interactive Brokers Group, Inc."
259,5272,AIG,"AMERICAN INTERNATIONAL GROUP, INC."
260,75362,PCAR,PACCAR INC
261,702165,NSC,NORFOLK SOUTHERN CORP
262,900075,CPRT,COPART INC
263,866787,AZO,AUTOZONE INC
264,1067701,URI,"UNITED RENTALS, INC."
265,726728,O,REALTY INCOME CORP
266,865752,MNST,Monster Beverage Corp
267,895564,BAESY,BAE SYSTEMS PLC /FI/
268,4904,AEP,AMERICAN ELECTRIC POWER CO INC
269,1997652,TBN,Tamboran Resources Corp
270,1032208,SRE,SEMPRA
271,1671933,TTD,"Trade Desk, Inc."
272,311337,SU,SUNCOR ENERGY INC
273,1039684,OKE,ONEOK INC /NEW/
274,1002242,E,ENI SPA
275,827054,MCHP,MICROCHIP TECHNOLOGY INC
276,1035002,VLO,VALERO ENERGY CORP/TX
277,1506307,KMI,"KINDER MORGAN, INC."
278,745732,ROST,"ROSS STORES, INC."
279,1045520,CM,CANADIAN IMPERIAL BANK OF COMMERCE /CAN/
280,1160106,LYG,Lloyds Banking Group plc
281,1545460,OLCLY,"Oriental Land Co., Ltd./ADR"
282,1004980,PCG,PG&E Corp
283,30554,CTA-PA,"EIDP, Inc."
284,920760,LEN,LENNAR CORP /NEW/
285,86312,TRV,"TRAVELERS COMPANIES, INC."
286,1176948,ARES,Ares Management Corp
287,1390777,BK,Bank of New York Mellon Corp
288,1086888,MFC,MANULIFE FINANCIAL CORP
289,277135,GWW,"W.W. GRAINGER, INC."
290,1318220,WCN,"Waste Connections, Inc."
291,49071,HUM,HUMANA INC
292,833444,JCI,Johnson Controls International plc
293,1682852,MRNA,"Moderna, Inc."
294,1996810,GEV,GE Vernova Inc.
295,1385157,TEL,TE Connectivity Ltd.
296,1091667,CHTR,"CHARTER COMMUNICATIONS, INC. /MO/"
297,917851,VALE,Vale S.A.
298,1375365,SMCI,"Super Micro Computer, Inc."
299,1446598,DNZOY,Denso Corp
300,55785,KMB,KIMBERLY CLARK CORP
301,899051,ALL,ALLSTATE CORP
302,1650372,TEAM,Atlassian Corp
303,1279967,CRARY,CREDIT AGRICOLE S A
304,202058,LHX,"L3HARRIS TECHNOLOGIES, INC. /DE/"
305,1051470,CCI,CROWN CASTLE INC.
306,4447,HES,HESS CORP
307,1093557,DXCM,DEXCOM INC
308,1280452,MPWR,MONOLITHIC POWER SYSTEMS INC
309,1137774,PRU,PRUDENTIAL FINANCIAL INC
310,1167379,ALC,ALCON INC
311,16918,STZ,"CONSTELLATION BRANDS, INC."
312,723531,PAYX,PAYCHEX INC
313,1418135,KDP,Keurig Dr Pepper Inc.
314,1640147,SNOW,Snowflake Inc.
315,1262039,FTNT,"Fortinet, Inc."
316,1140859,COR,"Cencora, Inc."
317,1552000,MPLX,MPLX LP
318,884887,RCL,ROYAL CARIBBEAN CRUISES LTD
319,1278680,IAU,ISHARES GOLD TRUST
320,312069,BCS,BARCLAYS PLC
321,1478242,IQV,IQVIA HOLDINGS INC.
322,1535628,CAIXY,CaixaBank/ADR
323,1408198,MSCI,MSCI Inc.
324,1395064,TAK,TAKEDA PHARMACEUTICAL CO LTD
325,1792789,DASH,"DoorDash, Inc."
326,1232384,TRP,TC ENERGY CORP
327,1450468,MRAAY,"Murata Manufacturing Co., Ltd./ADR"
328,1832433,FERG,Ferguson plc
329,715957,D,"DOMINION ENERGY, INC"
330,878927,ODFL,"OLD DOMINION FREIGHT LINE, INC."
331,1012037,CODYY,COMPAGNIE DE SAINT GOBAIN
332,1446519,DKILY,Daikin Industries Ltd
333,1136893,FIS,"Fidelity National Information Services, Inc."
334,820027,AMP,AMERIPRISE FINANCIAL INC
335,1512673,SQ,"Block, Inc."
336,1445465,PPRUY,Kering
337,1561550,DDOG,"Datadog, Inc."
338,1699150,IR,Ingersoll Rand Inc.
339,814547,FICO,FAIR ISAAC CORP
340,1900304,HLN,Haleon plc
341,3570,LNG,"Cheniere Energy, Inc."
342,1588489,GBTC,Grayscale Bitcoin Trust (BTC)
343,1549802,JD,"JD.com, Inc."
344,1637459,KHC,Kraft Heinz Co
345,1037868,AME,AMETEK INC/
346,1442145,VRSK,"Verisk Analytics, Inc."
347,1781335,OTIS,Otis Worldwide Corp
348,861967,WTKWY,WOLTERS KLUWER N V /FI
349,874716,IDXX,IDEXX LABORATORIES INC /DE
350,56873,KR,KROGER CO
351,1050915,PWR,"QUANTA SERVICES, INC."
352,815556,FAST,FASTENAL CO
353,26172,CMI,CUMMINS INC
354,73309,NUE,NUCOR CORP
355,47111,HSY,HERSHEY CO
356,1090872,A,"AGILENT TECHNOLOGIES, INC."
357,1461748,PPERY,PT Bank Mandiri (Persero) Tbk / ADR
358,1703399,SE,Sea Ltd
359,1755672,CTVA,"Corteva, Inc."
360,24741,GLW,CORNING INC /NY
361,1751788,DOW,DOW INC.
362,712515,EA,ELECTRONIC ARTS INC.
363,788784,PEG,PUBLIC SERVICE ENTERPRISE GROUP INC
364,2809,AEM,AGNICO EAGLE MINES LTD
365,49938,IMO,IMPERIAL OIL LTD
366,47217,HPQ,HP INC
367,1932393,GEHC,GE HealthCare Technologies Inc.
368,1834584,CPNG,"Coupang, Inc."
369,844150,NWG,NatWest Group plc
370,1058290,CTSH,COGNIZANT TECHNOLOGY SOLUTIONS CORP
371,1289490,EXR,Extra Space Storage Inc.
372,96021,SYY,SYSCO CORP
373,749251,IT,GARTNER INC
374,1475260,CVE,CENOVUS ENERGY INC.
375,1120193,NDAQ,"NASDAQ, INC."
376,932787,STM,STMicroelectronics N.V.
377,947484,ACGL,ARCH CAPITAL GROUP LTD.
378,1001250,EL,ESTEE LAUDER COMPANIES INC
379,1635327,FLUT,Flutter Entertainment plc
380,1109357,EXC,EXELON CORP
381,40704,GIS,GENERAL MILLS INC
382,1701605,BKR,Baker Hughes Co
383,1041061,YUM,YUM BRANDS INC
384,1397187,LULU,lululemon athletica inc.
385,1539838,FANG,"Diamondback Energy, Inc."
386,1393612,DFS,Discover Financial Services
387,916076,MLM,MARTIN MARIETTA MATERIALS INC
388,1944048,KVUE,Kenvue Inc.
389,1396009,VMC,Vulcan Materials CO
390,1071739,CNC,CENTENE CORP
391,844551,WDS,WOODSIDE ENERGY GROUP LTD
392,1671750,DSCSY,Disco Corporation/ADR
393,1524472,XYL,Xylem Inc.
394,1674101,VRT,Vertiv Holdings Co
395,1666700,DD,"DuPont de Nemours, Inc."
396,1159508,DB,DEUTSCHE BANK AKTIENGESELLSCHAFT
397,4281,HWM,Howmet Aerospace Inc.
398,1650107,CCEP,COCA-COLA EUROPACIFIC PARTNERS plc
399,1565025,ABEV,AMBEV S.A.
400,33185,EFX,EQUIFAX INC
401,1121788,GRMN,GARMIN LTD
402,1041130,DIA,SPDR DOW JONES INDUSTRIAL AVERAGE ETF TRUST
403,756894,GOLD,BARRICK GOLD CORP
404,875045,BIIB,BIOGEN INC.
405,1047862,ED,CONSOLIDATED EDISON INC
406,1618756,QSR,Restaurant Brands International Inc.
407,1705696,VICI,VICI PROPERTIES INC.
408,1329099,BIDU,"Baidu, Inc."
409,1097864,ON,ON SEMICONDUCTOR CORP
410,1123799,WIT,WIPRO LTD
411,1489393,LYB,LyondellBasell Industries N.V.
412,1024478,ROK,"ROCKWELL AUTOMATION, INC"
413,1402057,CDW,CDW Corp
414,936958,MDY,SPDR S&P MIDCAP 400 ETF TRUST
415,7084,ADM,Archer-Daniels-Midland Co
416,1057352,CSGP,"COSTAR GROUP, INC."
417,72903,XEL,XCEL ENERGY INC
418,943819,RMD,RESMED INC
419,1050446,MSTR,MICROSTRATEGY Inc
420,1300514,LVS,LAS VEGAS SANDS CORP
421,1468522,FER,Ferrovial SE
422,1138118,CBRE,"CBRE GROUP, INC."
423,1700171,ANYYY,Aena S.A./ADR
424,1393052,VEEV,VEEVA SYSTEMS INC
425,1389170,TRGP,Targa Resources Corp.
426,874766,HIG,"HARTFORD FINANCIAL SERVICES GROUP, INC."
427,718940,BCE,BCE INC
428,1269238,TCOM,Trip.com Group Ltd
429,1805284,RKT,"Rocket Companies, Inc."
430,1947542,TLGPY,Telstra Group Ltd
431,1178670,ALNY,"ALNYLAM PHARMACEUTICALS, INC."
432,79879,PPG,PPG INDUSTRIES INC
433,1709048,GFS,GLOBALFOUNDRIES Inc.
434,1359519,SVNDY,SEVEN & I HOLDINGS CO LTD
435,943452,WAB,WESTINGHOUSE AIR BRAKE TECHNOLOGIES CORP
436,1021020,OEZVY,OSTERREICHISCHE ELEKTRIZITATSWIRTSCHAFTS /FI
437,915912,AVB,AVALONBAY COMMUNITIES INC
438,45012,HAL,HALLIBURTON CO
439,1020569,IRM,IRON MOUNTAIN INC
440,1823945,OWL,BLUE OWL CAPITAL INC.
441,1037646,MTD,METTLER TOLEDO INTERNATIONAL INC/
442,916365,TSCO,TRACTOR SUPPLY CO /DE/
443,1038143,ORAN,ORANGE
444,1713683,ZS,"Zscaler, Inc."
445,827052,EIX,EDISON INTERNATIONAL
446,36270,MTB,M&T BANK CORP
447,1158838,ATEYY,ADVANTEST CORP
448,1090012,DVN,DEVON ENERGY CORP/DE
449,1097362,SLF,SUN LIFE FINANCIAL INC
450,800365,FUJIY,FUJI PHOTO FILM CO LTD /FI
451,1547873,PTCAY,PT Chandra Asri Petrochemical Tbk/ADR
452,1132924,CHT,CHUNGHWA TELECOM CO LTD
453,1131345,NVZMY,NOVOZYMES AS/FI
454,27904,DAL,"DELTA AIR LINES, INC."
455,1697862,ARGX,ARGENX SE
456,35527,FITB,FIFTH THIRD BANCORP
457,1692819,VST,Vistra Corp.
458,1013462,ANSS,ANSYS INC
459,1506293,PINS,"PINTEREST, INC."
460,1433913,BDORY,BANCO DO BRASIL S.A.
461,79282,BRO,"BROWN & BROWN, INC."
462,46619,HEI,HEICO CORP
463,1751008,APP,AppLovin Corp
464,850918,GWLIF,GREAT-WEST LIFECO INC.
465,1477333,NET,"Cloudflare, Inc."
466,1060955,ICLR,ICON PLC
467,1070304,IX,ORIX CORP
468,1410636,AWK,"American Water Works Company, Inc."
469,1323404,WPM,Wheaton Precious Metals Corp.
470,1140536,WTW,WILLIS TOWERS WATSON PLC
471,915191,FRFHF,FAIRFAX FINANCIAL HOLDINGS LTD/ CAN
472,798941,FCNCA,FIRST CITIZENS BANCSHARES INC /DE/
473,906163,NVR,NVR INC
474,1659166,FTV,Fortive Corp
475,906107,EQR,EQUITY RESIDENTIAL
476,1985487,KSPI,Joint Stock Co Kaspi.kz
477,1065088,EBAY,EBAY INC
478,1645590,HPE,Hewlett Packard Enterprise Co
479,1050952,PUBGY,PUBLICIS GROUPE SA
480,29534,DG,DOLLAR GENERAL CORP
481,946581,TTWO,TAKE TWO INTERACTIVE SOFTWARE INC
482,1002047,NTAP,"NetApp, Inc."
483,822416,PHM,PULTEGROUP INC/MI/
484,1315098,RBLX,Roblox Corp
485,1113169,TROW,PRICE T ROWE GROUP INC
486,1383650,CQP,"Cheniere Energy Partners, L.P."
487,783325,WEC,"WEC ENERGY GROUP, INC."
488,1446596,FANUY,Fanuc Ltd
489,2005951,SW,Smurfit WestRock plc
490,1123360,GPN,GLOBAL PAYMENTS INC
491,51253,IFF,INTERNATIONAL FLAVORS & FRAGRANCES INC
492,815097,CCL,CARNIVAL CORP
493,814052,TEF,TELEFONICA S A
494,93751,STT,STATE STREET CORP
495,1404655,HUBS,HUBSPOT INC
496,29905,DOV,DOVER Corp
497,1967680,VLTO,Veralto Corp
498,1116578,PUK,PRUDENTIAL PLC
499,1725964,NTR,Nutrien Ltd.
500,1061574,GIB,CGI INC
501,1236275,QXO,"QXO, Inc."
502,313927,CHD,CHURCH & DWIGHT CO INC /DE/
503,1744676,TME,Tencent Music Entertainment Group
504,1601046,KEYS,"Keysight Technologies, Inc."
505,1069183,AXON,"AXON ENTERPRISE, INC."
506,313216,PHG,KONINKLIJKE PHILIPS NV
507,84839,ROL,ROLLINS INC
508,839923,VOD,VODAFONE GROUP PUBLIC LTD CO
509,1383312,BR,"BROADRIDGE FINANCIAL SOLUTIONS, INC."
510,936340,DTE,DTE ENERGY CO
511,1456346,FNV,FRANCO NEVADA Corp
512,1758730,TW,Tradeweb Markets Inc.
513,1445930,KB,KB Financial Group Inc.
514,1160330,BBD,BANK BRADESCO
515,1122411,ASX,"ASE Technology Holding Co., Ltd."
516,1274494,FSLR,"FIRST SOLAR, INC."
517,97210,TER,"TERADYNE, INC"
518,1564408,SNAP,Snap Inc
519,106040,WDC,WESTERN DIGITAL CORP
520,886986,TECK,TECK RESOURCES LTD
521,65984,ETR,ENTERGY CORP /DE/
522,721371,CAH,CARDINAL HEALTH INC
523,868675,TU,TELUS CORP
524,935703,DLTR,"DOLLAR TREE, INC."
525,1837240,SYM,Symbotic Inc.
526,720005,RJF,RAYMOND JAMES FINANCIAL INC
527,105770,WST,WEST PHARMACEUTICAL SERVICES INC
528,1031296,FE,FIRSTENERGY CORP
529,1757898,STE,STERIS plc
530,1136869,ZBH,"ZIMMER BIOMET HOLDINGS, INC."
531,910521,DECK,DECKERS OUTDOOR CORP
532,860731,TYL,TYLER TECHNOLOGIES INC
533,1687229,INVH,Invitation Homes Inc.
534,1125259,CUK,CARNIVAL PLC
535,1137789,STX,Seagate Technology Holdings plc
536,1034054,SBAC,SBA COMMUNICATIONS CORP
537,1546066,PBA,PEMBINA PIPELINE CORP
538,717826,ERIC,ERICSSON LM TELEPHONE CO
539,106535,WY,WEYERHAEUSER CO
540,1335258,LYV,"Live Nation Entertainment, Inc."
541,1334687,CJPRY,CENTRAL JAPAN RAILWAY CO
542,49196,HBAN,HUNTINGTON BANCSHARES INC /MD/
543,1444406,EC,ECOPETROL S.A.
544,740260,VTR,"Ventas, Inc."
545,72741,ES,EVERSOURCE ENERGY
546,857005,PTC,PTC INC.
547,1038683,RYAAY,RYANAIR HOLDINGS PLC
548,1035443,ARE,"ALEXANDRIA REAL ESTATE EQUITIES, INC."
549,922224,PPL,PPL Corp
550,1669414,SMPNY,"Sompo Japan Nipponkoa Holdings, Inc./ADR"
551,1437107,WBD,"Warner Bros. Discovery, Inc."
552,1446705,NTDTY,NTT Data Corp
553,100493,TSN,"TYSON FOODS, INC."
554,1642896,IOT,Samsara Inc.
555,1336920,LDOS,"Leidos Holdings, Inc."
556,1791706,LI,Li Auto Inc.
557,14693,BF-B,BROWN FORMAN CORP
558,1609711,GDDY,GoDaddy Inc.
559,1443646,BAH,Booz Allen Hamilton Holding Corp
560,1009001,CCJ,CAMECO CORP
561,1776985,BNTX,BioNTech SE
562,1281761,RF,REGIONS FINANCIAL CORP
563,924613,NOK,NOKIA CORP
564,48898,HUBB,HUBBELL INC
565,790051,CSL,CARLISLE COMPANIES INC
566,1175454,CPAY,"CORPAY, INC."
567,1096343,MKL,MARKEL GROUP INC.
568,1069202,LII,LENNOX INTERNATIONAL INC
569,922621,ERIE,ERIE INDEMNITY CO
570,1093028,EJPRY,EAST JAPAN RAILWAY CO /FI
571,733099,RCI,ROGERS COMMUNICATIONS INC
572,1400691,HDELY,HeidelbergCement AG
573,1002910,AEE,AMEREN CORP
574,1263043,SHG,SHINHAN FINANCIAL GROUP CO LTD
575,1601712,SYF,Synchrony Financial
576,1783879,HOOD,"Robinhood Markets, Inc."
577,105016,WSO,WATSCO INC
578,1316835,BLDR,"Builders FirstSource, Inc."
579,719955,WSM,WILLIAMS SONOMA INC
580,1126328,PFG,PRINCIPAL FINANCIAL GROUP INC
581,1474432,PSTG,"Pure Storage, Inc."
582,11544,WRB,BERKLEY W R CORP
583,1666175,FTS,Fortis Inc.
584,1101302,ENTG,ENTEGRIS INC
585,1022671,STLD,STEEL DYNAMICS INC
586,63754,MKC,MCCORMICK & CO INC
587,889132,PKX,POSCO HOLDINGS INC.
588,858470,CTRA,Coterra Energy Inc.
589,9389,BALL,BALL Corp
590,1374310,CBOE,"Cboe Global Markets, Inc."
591,1033767,UMC,UNITED MICROELECTRONICS CORP
592,910631,KOF,COCA COLA FEMSA SAB DE CV
593,55067,K,KELLANOVA
594,920522,ESS,"ESSEX PROPERTY TRUST, INC."
595,764478,BBY,BEST BUY CO INC
596,1471055,BSBR,Banco Santander (Brasil) S.A.
597,1001807,TLK,PERUSAHAAN PERSEROAN PERSERO PT TELEKOMUNIKASI INDONESIA TBK
598,818686,TEVA,TEVA PHARMACEUTICAL INDUSTRIES LTD
599,759944,CFG,CITIZENS FINANCIAL GROUP INC/RI
600,1094285,TDY,TELEDYNE TECHNOLOGIES INC
601,40987,GPC,GENUINE PARTS CO
602,1378789,AER,AerCap Holdings N.V.
603,1097149,ALGN,ALIGN TECHNOLOGY INC
604,20286,CINF,CINCINNATI FINANCIAL CORP
605,52988,J,JACOBS SOLUTIONS INC.
606,1015922,CHKP,CHECK POINT SOFTWARE TECHNOLOGIES LTD
607,1910139,MBLY,Mobileye Global Inc.
608,1521332,APTV,Aptiv PLC
609,731802,ATO,ATMOS ENERGY CORP
610,4127,SWKS,"SKYWORKS SOLUTIONS, INC."
611,1441816,MDB,"MongoDB, Inc."
612,1403568,ULTA,"Ulta Beauty, Inc."
613,1262823,WLK,WESTLAKE CORP
614,1446437,YAHOY,Yahoo! Japan Corp
615,1110803,ILMN,"ILLUMINA, INC."
616,1130310,CNP,CENTERPOINT ENERGY INC
617,1585521,ZM,"Zoom Video Communications, Inc."
618,811156,CMS,CMS ENERGY CORP
619,1811074,TPL,Texas Pacific Land Corp
620,859737,HOLX,HOLOGIC INC
621,1163653,NMR,NOMURA HOLDINGS INC
622,1883685,DKNG,DraftKings Inc.
623,1000697,WAT,WATERS CORP /DE/
624,1889539,CRBG,"Corebridge Financial, Inc."
625,1069347,SGSOY,SGS SOCIETE GENERALE DE SURVEILLANCE HOLDING SA /FI
626,1880661,TPG,TPG Inc.
627,711404,COO,"COOPER COMPANIES, INC."
628,29989,OMC,OMNICOM GROUP INC.
629,10456,BAX,BAXTER INTERNATIONAL INC
630,105634,EME,"EMCOR Group, Inc."
631,1243429,MT,ArcelorMittal
632,8818,AVY,Avery Dennison Corp
633,1434265,GMAB,GENMAB A/S
634,1324424,EXPE,"Expedia Group, Inc."
635,1764757,DIDIY,DiDi Global Inc.
636,217346,TXT,TEXTRON INC
637,1014473,VRSN,VERISIGN INC/CA
638,920148,LH,LABCORP HOLDINGS INC.
639,73124,NTRS,NORTHERN TRUST CORP
640,746515,EXPD,EXPEDITORS INTERNATIONAL OF WASHINGTON INC
641,60086,L,LOEWS CORP
642,1190723,TS,TENARIS SA
643,75677,PKG,PACKAGING CORP OF AMERICA
644,858446,IHG,INTERCONTINENTAL HOTELS GROUP PLC /NEW/
645,912595,MAA,MID AMERICA APARTMENT COMMUNITIES INC.
646,861884,RS,"RELIANCE, INC."
647,48465,HRL,HORMEL FOODS CORP /DE/
648,1874178,RIVN,"Rivian Automotive, Inc. / DE"
649,1809587,BEKE,KE Holdings Inc.
650,1802768,RPRX,Royalty Pharma plc
651,877212,ZBRA,ZEBRA TECHNOLOGIES CORP
652,1651308,BGNE,"BeiGene, Ltd."
653,728535,JBHT,HUNT J B TRANSPORT SERVICES INC
654,1179929,MOH,"MOLINA HEALTHCARE, INC."
655,1402436,SSNC,SS&C Technologies Holdings Inc
656,1527166,CG,Carlyle Group Inc.
657,940944,DRI,DARDEN RESTAURANTS INC
658,1095073,EG,"EVEREST GROUP, LTD."
659,1937926,BAM,Brookfield Asset Management Ltd.
660,1089063,DKS,"DICK'S SPORTING GOODS, INC."
661,1754301,FOXA,Fox Corp
662,1319161,WMG,Warner Music Group Corp.
663,1397911,LPLA,LPL Financial Holdings Inc.
664,1039610,EDPFY,EDP ENERGIAS DE PORTUGAL SA
665,1533232,BEP,Brookfield Renewable Partners L.P.
666,21076,CLX,CLOROX CO /DE/
667,92380,LUV,SOUTHWEST AIRLINES CO
668,1660134,OKTA,"Okta, Inc."
669,1579298,BURL,"Burlington Stores, Inc."
670,1564708,NWSA,NEWS CORP
671,912593,SUI,SUN COMMUNITIES INC
672,1001474,KKPNY,KONINKLIJKE KPN N V
673,1048477,BMRN,BIOMARIN PHARMACEUTICAL INC
674,1013871,NRG,"NRG ENERGY, INC."
675,1423902,WES,"Western Midstream Partners, LP"
676,100517,UAL,"United Airlines Holdings, Inc."
677,849399,GEN,Gen Digital Inc.
678,51434,IP,INTERNATIONAL PAPER CO /NEW/
679,1745201,VIK,Viking Holdings Ltd
680,1013237,FDS,FACTSET RESEARCH SYSTEMS INC
681,930157,RTO,RENTOKIL INITIAL PLC /FI
682,74208,UDR,"UDR, Inc."
683,62996,MAS,MASCO CORP /DE/
684,1996862,BG,Bunge Global SA
685,1022079,DGX,QUEST DIAGNOSTICS INC
686,1468174,H,Hyatt Hotels Corp
687,1159152,JHX,James Hardie Industries plc
688,1552033,TRU,TransUnion
689,33213,EQT,EQT Corp
690,1677250,ZTO,ZTO Express (Cayman) Inc.
691,1370946,OC,Owens Corning
692,101778,MRO,MARATHON OIL CORP
693,832101,IEX,IDEX CORP /DE/
694,1849253,RYAN,"RYAN SPECIALTY HOLDINGS, INC."
695,1562401,AMH,American Homes 4 Rent
696,1306830,CE,Celanese Corp
697,1690820,CVNA,CARVANA CO.
698,91576,KEY,KEYCORP /NEW/
699,1780232,GFL,GFL Environmental Inc.
700,1650164,TOST,"Toast, Inc."
701,1439124,EBR,BRAZILIAN ELECTRIC POWER CO
702,1082554,UTHR,UNITED THERAPEUTICS Corp
703,1286681,DPZ,DOMINOS PIZZA INC
704,1031308,BSY,BENTLEY SYSTEMS INC
705,1331875,FNF,"Fidelity National Financial, Inc."
706,1046102,RBA,RB GLOBAL INC.
707,765880,DOC,"HEALTHPEAK PROPERTIES, INC."
708,1172724,GFI,GOLD FIELDS LTD
709,914475,NBIX,NEUROCRINE BIOSCIENCES INC
710,1086222,AKAM,AKAMAI TECHNOLOGIES INC
711,110621,RPM,RPM INTERNATIONAL INC/DE/
712,1748790,AMCR,Amcor plc
713,898174,RGA,REINSURANCE GROUP OF AMERICA INC
714,1633931,BLD,TopBuild Corp
715,908937,SIRI,SIRIUS XM HOLDINGS INC.
716,1406234,BIP,Brookfield Infrastructure Partners L.P.
717,1722482,AVTR,"Avantor, Inc."
718,91440,SNA,Snap-on Inc
719,879101,KIM,KIMCO REALTY CORP
720,77360,PNR,PENTAIR plc
721,1449566,WLMIY,Wilmar International Ltd
722,1066119,VIV,TELEFONICA BRASIL S.A.
723,1463101,ENPH,"Enphase Energy, Inc."
724,352541,LNT,ALLIANT ENERGY CORP
725,23217,CAG,CONAGRA BRANDS INC.
726,864749,TRMB,TRIMBLE INC.
727,726958,CASY,CASEYS GENERAL STORES INC
728,873303,SRPT,"Sarepta Therapeutics, Inc."
729,1056696,MANH,MANHATTAN ASSOCIATES INC
730,1145197,PODD,INSULET CORP
731,882602,OMVKY,OMV AKTIENGESELLSCHAFT /FI
732,42888,GGG,GRACO INC
733,794170,TOL,"Toll Brothers, Inc."
734,1333986,EQH,"Equitable Holdings, Inc."
735,72331,NDSN,NORDSON CORP
736,1111711,NI,NISOURCE INC.
737,1634997,AGR,"Avangrid, Inc."
738,1032975,LOGI,LOGITECH INTERNATIONAL S.A.
739,31791,RVTY,"REVVITY, INC."
740,1001290,BAP,CREDICORP LTD
741,1792044,VTRS,Viatris Inc
742,1690981,NNGRY,NN Group NV/ADR
743,16732,CPB,CAMPBELL SOUP CO
744,789570,MGM,MGM Resorts International
745,1135951,RDY,DR REDDYS LABORATORIES LTD
746,70318,THC,TENET HEALTHCARE CORP
747,93556,SWK,"STANLEY BLACK & DECKER, INC."
748,1445475,BOUYY,Bouygues SA
749,1855612,GRAB,Grab Holdings Ltd
750,1604028,WMS,"ADVANCED DRAINAGE SYSTEMS, INC."
751,1070423,PAA,PLAINS ALL AMERICAN PIPELINE LP
752,1575965,GLPI,"Gaming & Leisure Properties, Inc."
753,1289419,MORN,"Morningstar, Inc."
754,1773383,DT,"Dynatrace, Inc."
755,1588823,TFII,TFI International Inc.
756,1658566,PR,Permian Resources Corp
757,1166003,XPO,"XPO, Inc."
758,40729,ALLY,Ally Financial Inc.
759,879169,INCY,INCYTE CORP
760,1665918,USFD,US Foods Holding Corp.
761,1858985,ONON,On Holding AG
762,1604821,NTRA,"Natera, Inc."
763,895417,ELS,EQUITY LIFESTYLE PROPERTIES INC
764,1025378,WPC,W. P. Carey Inc.
765,1720635,NVT,nVent Electric plc
766,1324404,CF,"CF Industries Holdings, Inc."
767,945841,POOL,POOL CORP
768,21175,CNA,CNA FINANCIAL CORP
769,1446444,TKHVY,Turk Hava Yollari A.O.
770,1070750,HST,"HOST HOTELS & RESORTS, INC."
771,1177702,SAIA,SAIA INC
772,1287750,ARCC,ARES CAPITAL CORP
773,898293,JBL,JABIL INC
774,1711269,EVRG,"Evergy, Inc."
775,1567094,CNH,CNH Industrial N.V.
776,749098,MGA,MAGNA INTERNATIONAL INC
777,874761,AES,AES CORP
778,1372920,EDU,New Oriental Education & Technology Group Inc.
779,822818,CLH,CLEAN HARBORS INC
780,1170010,KMX,CARMAX INC
781,1504122,PTBRY,PT Bank Negara Indonesia (Persero) Tbk/ADR
782,1783398,UWMC,UWM Holdings Corp
783,845982,SNN,SMITH & NEPHEW PLC
784,927066,DVA,DAVITA INC.
785,352915,UHS,UNIVERSAL HEALTH SERVICES INC
786,1090425,LAMR,LAMAR ADVERTISING CO/NEW
787,38777,BEN,FRANKLIN RESOURCES INC
788,1618732,NTNX,"Nutanix, Inc."
789,1104506,INSM,INSMED Inc
790,910606,REG,REGENCY CENTERS CORP
791,1792580,OVV,Ovintiv Inc.
792,91419,SJM,J M SMUCKER Co
793,868857,ACM,AECOM
794,1450123,JBSAY,JBS S.A.
795,779152,JKHY,JACK HENRY & ASSOCIATES INC
796,4457,UHAL,U-Haul Holding Co /NV/
797,909327,SUZ,Suzano S.A.
798,1294591,RKUNY,"Rakuten Group, Inc."
799,1037540,BXP,"BXP, Inc."
800,1281721,SGIOY,SHIONOGI & CO LTD
801,1617640,ZG,"ZILLOW GROUP, INC."
802,1681459,FTI,TechnipFMC plc
803,1531152,BJ,"BJ's Wholesale Club Holdings, Inc."
804,1352010,EPAM,"EPAM Systems, Inc."
805,1528396,GWRE,"Guidewire Software, Inc."
806,1446656,KIKOY,Kikkoman Corp
807,842023,TECH,BIO-TECHNE Corp
808,1065696,LKQ,LKQ CORP
809,1043604,JNPR,JUNIPER NETWORKS INC
810,906345,CPT,CAMDEN PROPERTY TRUST
811,1475011,JBAXY,Julius Baer Group Ltd.
812,913144,RNR,RENAISSANCERE HOLDINGS LTD
813,1161125,BCH,BANK OF CHILE
814,1707753,ESTC,Elastic N.V.
815,1897982,AZPN,"Aspen Technology, Inc."
816,91142,AOS,SMITH A O CORP
817,1604778,QRVO,"Qorvo, Inc."
818,866374,FLEX,FLEX LTD.
819,1845338,MNDY,monday.com Ltd.
820,59527,LECO,LINCOLN ELECTRIC HOLDINGS INC
821,1973832,AU,AngloGold Ashanti PLC
822,1035983,FIX,COMFORT SYSTEMS USA INC
823,1127055,VIVHY,VIVENDI
824,216228,ITT,ITT INC.
825,904851,YPF,YPF SOCIEDAD ANONIMA
826,1673358,YUMC,"Yum China Holdings, Inc."
827,1003935,NICE,NICE Ltd.
828,1646972,ACI,"Albertsons Companies, Inc."
829,1333141,FMS,Fresenius Medical Care AG
830,1069157,EWBC,EAST WEST BANCORP INC
831,1289460,TXRH,"Texas Roadhouse, Inc."
832,1261333,DOCU,"DOCUSIGN, INC."
833,96223,JEF,Jefferies Financial Group Inc.
834,1481045,DSEEY,Daiwa Securities Group Inc.
835,1100682,CRL,"CHARLES RIVER LABORATORIES INTERNATIONAL, INC."
836,915389,EMN,EASTMAN CHEMICAL CO
837,1841666,APA,APA Corp
838,1598110,CYBR,CyberArk Software Ltd.
839,1679273,LW,"Lamb Weston Holdings, Inc."
840,1794515,ZI,ZoomInfo Technologies Inc.
841,1037976,JLL,JONES LANG LASALLE INC
842,51644,IPG,"INTERPUBLIC GROUP OF COMPANIES, INC."
843,1636222,WING,Wingstop Inc.
844,24545,TAP,MOLSON COORS BEVERAGE CO
845,1555812,SMKUY,Siam Makro Public Co Limited/ADR
846,820318,COHR,COHERENT CORP.
847,831641,TTEK,TETRA TECH INC
848,1713445,RDDT,"Reddit, Inc."
849,108312,WWD,"Woodward, Inc."
850,1571283,REXR,"Rexford Industrial Realty, Inc."
851,1341766,CELH,"Celsius Holdings, Inc."
852,1668397,MEDP,"Medpace Holdings, Inc."
853,1579241,ALLE,Allegion plc
854,78128,WTRG,"Essential Utilities, Inc."
855,701818,KGC,KINROSS GOLD CORP
856,909037,SQM,CHEMICAL & MINING CO OF CHILE INC
857,1590364,FTAI,FTAI Aviation Ltd.
858,89089,SCI,SERVICE CORP INTERNATIONAL
859,1005284,OLED,UNIVERSAL DISPLAY CORP \PA\
860,1298675,CUBE,CubeSmart
861,26324,CW,CURTISS WRIGHT CORP
862,1766502,CHWY,"Chewy, Inc."
863,915913,ALB,ALBEMARLE CORP
864,1326380,GME,GameStop Corp.
865,769218,AEG,AEGON LTD.
866,1801198,LEGN,Legend Biotech Corp
867,1856525,CNM,"Core & Main, Inc."
868,1486159,CHRD,Chord Energy Corp
869,1170858,SBS,COMPANHIA DE SANEAMENTO BASICO DO ESTADO DE SAO PAULO-SABESP
870,1573516,MUSA,Murphy USA Inc.
871,1078642,CRRFY,CARREFOUR SA
872,1043277,CHRW,"C. H. ROBINSON WORLDWIDE, INC."
873,96943,TFX,TELEFLEX INC
874,1501585,HII,"HUNTINGTON INGALLS INDUSTRIES, INC."
875,1596783,CTLT,"Catalent, Inc."
876,1618673,PFGC,Performance Food Group Co
877,806968,WPP,WPP plc
878,20212,CHDN,Churchill Downs Inc
879,1037038,RL,RALPH LAUREN CORP
880,1042046,AFG,AMERICAN FINANCIAL GROUP INC
881,895126,CHK,CHESAPEAKE ENERGY CORP
882,1796209,APG,APi Group Corp
883,704532,ONTO,ONTO INNOVATION INC.
884,1511737,UI,Ubiquiti Inc.
885,1019849,PAG,"PENSKE AUTOMOTIVE GROUP, INC."
886,1495153,MMYT,MakeMyTrip Ltd
887,1611052,PCOR,"PROCORE TECHNOLOGIES, INC."
888,1977102,BIRK,Birkenstock Holding plc
889,1447669,TWLO,TWILIO INC
890,1913510,VFS,VinFast Auto Ltd.
891,1048695,FFIV,"F5, INC."
892,1957132,SN,"SharkNinja, Inc."
893,5513,UNM,Unum Group
894,16058,CACI,CACI INTERNATIONAL INC /DE/
895,1219601,CCK,"CROWN HOLDINGS, INC."
896,1507079,FND,"Floor & Decor Holdings, Inc."
897,82811,RRX,REGAL REXNORD CORP
898,1043219,NLY,ANNALY CAPITAL MANAGEMENT INC
899,1600033,ELF,"e.l.f. Beauty, Inc."
900,1047127,AMKR,"AMKOR TECHNOLOGY, INC."
901,1447126,KAIKY,Kawasaki Kisen Kaisha Ltd
902,1177394,SNX,TD SYNNEX CORP
903,1131383,STN,STANTEC INC
904,1787425,XP,XP Inc.
905,1065837,SKX,SKECHERS USA INC
906,1302215,HLI,"HOULIHAN LOKEY, INC."
907,737758,TTC,TORO CO
908,1517231,SSMXY,Sysmex Corporation/ADR
909,1127248,EMRAF,EMERA INC
910,1237831,GMED,GLOBUS MEDICAL INC
911,1545772,BPYPP,Brookfield Property Partners L.P.
912,317540,COKE,"Coca-Cola Consolidated, Inc."
913,1468608,VDMCY,Vodacom Group Ltd / ADR
914,1433195,APPF,APPFOLIO INC
915,1618921,WBA,"Walgreens Boots Alliance, Inc."
916,1603923,WFRD,Weatherford International plc
917,1590955,PAYC,"Paycom Software, Inc."
918,1474735,GNRC,GENERAC HOLDINGS INC.
919,896622,ATR,"APTARGROUP, INC."
920,1964738,SOLV,Solventum Corp
921,1486957,BWXT,"BWX Technologies, Inc."
922,1062579,DOX,AMDOCS LTD
923,1483994,HTHT,H World Group Ltd
924,1027552,BSAC,BANCO SANTANDER CHILE
925,1438654,RDEIY,Red Electrica Corporacion SA/ADR
926,750004,LNW,"Light & Wonder, Inc."
927,1123452,ASR,SOUTHEAST AIRPORT GROUP
928,1109354,BRKR,BRUKER CORP
929,1433270,AR,ANTERO RESOURCES Corp
930,1360901,EVR,Evercore Inc.
931,1116132,TPR,"TAPESTRY, INC."
932,1579091,CART,Maplebear Inc.
933,764622,PNW,PINNACLE WEST CAPITAL CORP
934,1076378,CX,CEMEX SAB DE CV
935,1639438,CAVA,"CAVA GROUP, INC."
936,802481,PPC,PILGRIMS PRIDE CORP
937,1576789,WIX,Wix.com Ltd.
938,888491,OHI,OMEGA HEALTHCARE INVESTORS INC
939,1736541,NIO,NIO Inc.
940,1174922,WYNN,WYNN RESORTS LTD
941,1285785,MOS,MOSAIC CO
942,1015820,QGEN,QIAGEN N.V.
943,34903,FRT,FEDERAL REALTY INVESTMENT TRUST
944,49600,EGP,EASTGROUP PROPERTIES INC
945,1124140,EXAS,EXACT SCIENCES CORP
946,1915657,DINO,HF Sinclair Corp
947,1357615,KBR,"KBR, INC."
948,1706795,BRRLY,Barry Callebaut AG/ADR
949,1820953,AFRM,"Affirm Holdings, Inc."
950,71691,NYT,NEW YORK TIMES CO
951,891103,MTCH,"Match Group, Inc."
952,1649094,PCVX,"Vaxcyte, Inc."
953,887225,KEP,KOREA ELECTRIC POWER CORP
954,85535,RGLD,ROYAL GOLD INC
955,1327068,USO,"United States Oil Fund, LP"
956,1330568,SLV,iShares Silver Trust
957,1062066,ALSMY,ALSTOM
958,1789832,HESM,Hess Midstream LP
959,1206264,TPX,"TEMPUR SEALY INTERNATIONAL, INC."
960,1000228,HSIC,HENRY SCHEIN INC
961,1901440,ULS,UL Solutions Inc.
962,1428439,ROKU,"ROKU, INC"
963,1267238,AIZ,"ASSURANT, INC."
964,1584509,ARMK,Aramark
965,1944013,CR,Crane Co
966,1519751,FBIN,"Fortune Brands Innovations, Inc."
967,36966,FHN,FIRST HORIZON CORP
968,1440130,UUGRY,United Utilities Group plc
969,350894,SEIC,SEI INVESTMENTS CO
970,1049502,MKSI,MKS INSTRUMENTS INC
971,1653482,GTLB,Gitlab Inc.
972,29644,DCI,DONALDSON Co INC
973,929008,WCC,WESCO INTERNATIONAL INC
974,1408710,FN,Fabrinet
975,1669162,KNSL,"Kinsale Capital Group, Inc."
976,938323,PSO,PEARSON PLC
977,74260,ORI,OLD REPUBLIC INTERNATIONAL CORP
978,1380365,IDKOY,"IDEMITSU KOSAN CO., LTD"
979,15615,MTZ,MASTEC INC
980,1513761,NCLH,Norwegian Cruise Line Holdings Ltd.
981,12208,BIO,"BIO-RAD LABORATORIES, INC."
982,851205,CGNX,COGNEX CORP
983,1163302,X,UNITED STATES STEEL CORP
984,1069878,TREX,TREX CO INC
985,1541309,CSXXY,carsales.com Limited/ADR
986,785161,EHC,Encompass Health Corp
987,1212545,WAL,WESTERN ALLIANCE BANCORPORATION
988,1024305,COTY,COTY INC.
989,1475922,PRI,"Primerica, Inc."
990,1754581,FUTU,Futu Holdings Ltd
991,1050140,DSGX,DESCARTES SYSTEMS GROUP INC
992,1436786,OUKPY,Outotec OYJ
993,1324948,RBC,RBC Bearings INC
994,1408075,GPK,GRAPHIC PACKAGING HOLDING CO
995,1973266,TKO,"TKO Group Holdings, Inc."
996,1278021,MKTX,MARKETAXESS HOLDINGS INC
997,1002638,OTEX,OPEN TEXT CORP
998,1124198,FLR,FLUOR CORP
999,751364,NNN,"NNN REIT, INC."
1000,720672,SF,STIFEL FINANCIAL CORP
1001,1575515,SFM,"Sprouts Farmers Market, Inc."
1002,1725057,DAY,"Dayforce, Inc."
1003,1838413,YMM,Full Truck Alliance Co. Ltd.
1004,275880,PSN,PARSONS CORP
1005,1455863,COLD,AMERICOLD REALTY TRUST
1006,1449003,ASXFY,ASX Ltd.
1007,813762,IEP,ICAHN ENTERPRISES L.P.
1008,771992,PAAS,PAN AMERICAN SILVER CORP
1009,1567514,ITCI,"Intra-Cellular Therapies, Inc."
1010,1591698,PCTY,Paylocity Holding Corp
1011,701985,BBWI,"Bath & Body Works, Inc."
1012,1027664,ESLT,ELBIT SYSTEMS LTD
1013,813828,PARA,Paramount Global
1014,39911,GPS,GAP INC
1015,22356,CBSH,COMMERCE BANCSHARES INC /MO/
1016,1766363,EDR,"Endeavor Group Holdings, Inc."
1017,320335,GL,GLOBE LIFE INC.
1018,1018840,ANF,ABERCROMBIE & FITCH CO /DE/
1019,1557860,GLOB,Globant S.A.
1020,1015650,SKM,SK TELECOM CO LTD
1021,1347557,PAC,Pacific Airport Group
1022,1071371,CIB,BANCOLOMBIA SA
1023,1736297,ALAB,"Astera Labs, Inc."
1024,1518542,SPXSY,Spirax-Sarco Engineering PLC/ADR
1025,1611983,LBRDA,Liberty Broadband Corp
1026,46080,HAS,"HASBRO, INC."
1027,19584,CHE,CHEMED CORP
1028,1635088,ROIV,Roivant Sciences Ltd.
1029,887936,FCN,"FTI CONSULTING, INC"
1030,851968,MHK,MOHAWK INDUSTRIES INC
1031,1446457,BDNNY,Boliden AB
1032,918646,EXP,EAGLE MATERIALS INC
1033,109563,AIT,APPLIED INDUSTRIAL TECHNOLOGIES INC
1034,1699838,CFLT,"Confluent, Inc."
1035,1521036,LNTH,"Lantheus Holdings, Inc."
1036,1264136,WF,WOORI FINANCIAL GROUP INC.
1037,1334036,CROX,"Crocs, Inc."
1038,315852,RRC,RANGE RESOURCES CORP
1039,801337,WBS,WEBSTER FINANCIAL CORP
1040,1647088,WSC,WillScot Mobile Mini Holdings Corp.
1041,1811210,LCID,"Lucid Group, Inc."
1042,1433642,HLNE,Hamilton Lane INC
1043,1289688,JCYGY,Jardine Cycle & Carriage Ltd.
1044,1492691,KNX,Knight-Swift Transportation Holdings Inc.
1045,1144215,AYI,ACUITY BRANDS INC
1046,1590895,CZR,"Caesars Entertainment, Inc."
1047,12659,HRB,H&R BLOCK INC
1048,1818874,SOFI,"SoFi Technologies, Inc."
1049,1805387,CERE,"Cerevel Therapeutics Holdings, Inc."
1050,855658,LSCC,LATTICE SEMICONDUCTOR CORP
1051,1034670,ALV,AUTOLIV INC
1052,1309108,WEX,WEX Inc.
1053,1628171,RVMD,"Revolution Medicines, Inc."
1054,1092699,SPSC,SPS COMMERCE INC
1055,109380,ZION,"ZIONS BANCORPORATION, NATIONAL ASSOCIATION /UT/"
1056,1046257,INGR,Ingredion Inc
1057,1125376,ENSG,"ENSIGN GROUP, INC"
1058,1616862,AXTA,Axalta Coating Systems Ltd.
1059,1562088,DUOL,"Duolingo, Inc."
1060,1018963,ATI,ATI INC
1061,66570,MSA,MSA Safety Inc
1062,1552275,SUN,Sunoco LP
1063,1612042,ASND,Ascendis Pharma A/S
1064,912767,UFPI,UFP INDUSTRIES INC
1065,355811,GNTX,GENTEX CORP
1066,1701732,ALTR,Altair Engineering Inc.
1067,89439,MLI,MUELLER INDUSTRIES INC
1068,1493594,MTSI,"MACOM Technology Solutions Holdings, Inc."
1069,1810997,XPEV,XPENG INC.
1070,1583708,S,"SentinelOne, Inc."
1071,1520006,MTDR,Matador Resources Co
1072,1467623,DBX,"DROPBOX, INC."
1073,920371,SSD,"Simpson Manufacturing Co., Inc."
1074,914208,IVZ,Invesco Ltd.
1075,1308547,DLB,"Dolby Laboratories, Inc."
1076,1021635,OGE,OGE ENERGY CORP.
1077,1479094,STAG,"STAG Industrial, Inc."
1078,1637810,FSV,FirstService Corp
1079,1560385,LSXMA,Liberty Media Corp
1080,764065,CLF,CLEVELAND-CLIFFS INC.
1081,1423689,AGNC,AGNC Investment Corp.
1082,1602065,VNOM,"Viper Energy, Inc."
1083,1115055,PNFP,PINNACLE FINANCIAL PARTNERS INC
1084,1581068,BRX,Brixmor Property Group Inc.
1085,1833756,DRS,"Leonardo DRS, Inc."
1086,824142,AAON,"AAON, INC."
1087,730272,RGEN,REPLIGEN CORP
1088,1437774,BZZUY,BUZZI UNICEM S.p.A.
1089,763901,BPOP,"POPULAR, INC."
1090,39263,CFR,"CULLEN/FROST BANKERS, INC."
1091,908255,BWA,BORGWARNER INC
1092,871464,HNGKY,HONGKONG LAND HOLDINGS LTD /FI
1093,880266,AGCO,AGCO CORP /DE
1094,1321732,PEN,Penumbra Inc
1095,874015,IONS,IONIS PHARMACEUTICALS INC
1096,1529192,VIPS,Vipshop Holdings Ltd
1097,1868778,INFA,Informatica Inc.
1098,1021860,NOV,NOV Inc.
1099,1411207,ALSN,Allison Transmission Holdings Inc
1100,1597264,BPMC,Blueprint Medicines Corp
1101,1071321,TKC,TURKCELL ILETISIM HIZMETLERI A S
1102,772406,CRUS,"CIRRUS LOGIC, INC."
1103,936395,CIEN,CIENA CORP
1104,775158,OSK,OSHKOSH CORP
1105,56047,KEX,KIRBY CORP
1106,1842022,DTM,"DT Midstream, Inc."
1107,921825,FR,FIRST INDUSTRIAL REALTY TRUST INC
1108,1535929,VOYA,"Voya Financial, Inc."
1109,1477049,PHYS,Sprott Physical Gold Trust
1110,932696,NSIT,INSIGHT ENTERPRISES INC
1111,1378992,BERY,"BERRY GLOBAL GROUP, INC."
1112,1623925,AM,Antero Midstream Corp
1113,833079,MTH,Meritage Homes CORP
1114,7332,SWN,SOUTHWESTERN ENERGY CO
1115,94845,LEVI,LEVI STRAUSS & CO
1116,892553,GTLS,CHART INDUSTRIES INC
1117,1826168,TIMB,TIM S.A.
1118,1580905,IBP,"Installed Building Products, Inc."
1119,1842827,BZ,Kanzhun Ltd
1120,1570585,LBTYA,Liberty Global Ltd.
1121,1159036,HALO,"HALOZYME THERAPEUTICS, INC."
1122,37785,FMC,FMC CORP
1123,1178819,AGI,ALAMOS GOLD INC
1124,88205,SPXC,"SPX Technologies, Inc."
1125,764038,SSB,SouthState Corp
1126,1370637,ETSY,ETSY INC
1127,1734722,PATH,"UiPath, Inc."
1128,1703056,ADT,ADT Inc.
1129,800954,OMRNY,OMRON CORP /FI
1130,1342874,TX,Ternium S.A.
1131,1852131,NXT,Nextracker Inc.
1132,1562476,TMHC,Taylor Morrison Home Corp
1133,1599298,SMMT,Summit Therapeutics Inc.
1134,1818201,CCCS,CCC Intelligent Solutions Holdings Inc.
1135,1509589,CIVI,"CIVITAS RESOURCES, INC."
1136,1866581,BROS,Dutch Bros Inc.
1137,769520,MIDD,MIDDLEBY Corp
1138,1030894,CLS,CELESTICA INC
1139,350698,AN,"AUTONATION, INC."
1140,6201,AAL,American Airlines Group Inc.
1141,1023128,LAD,LITHIA MOTORS INC
1142,1837429,BNRE,Brookfield Reinsurance Ltd.
1143,28412,CMA,COMERICA INC /NEW/
1144,875357,BOKF,BOK FINANCIAL CORP
1145,1621563,SUM,"Summit Materials, Inc."
1146,1192448,GKOS,GLAUKOS Corp
1147,1447137,BKGFY,Berkeley Group Holdings plc
1148,1437578,BFAM,BRIGHT HORIZONS FAMILY SOLUTIONS INC.
1149,315213,RHI,ROBERT HALF INC.
1150,1015328,WTFC,WINTRUST FINANCIAL CORP
1151,913353,CIGI,Colliers International Group Inc.
1152,1835830,KVYO,"Klaviyo, Inc."
1153,885550,CACC,CREDIT ACCEPTANCE CORP
1154,917273,RMBS,RAMBUS INC
1155,1232524,JAZZ,Jazz Pharmaceuticals plc
1156,1360604,HR,Healthcare Realty Trust Inc
1157,1828108,AUR,"Aurora Innovation, Inc."
1158,1428336,HQY,"HEALTHEQUITY, INC."
1159,1073404,GGB,GERDAU S.A.
1160,1513845,YNDX,Yandex N.V.
1161,812011,MTN,VAIL RESORTS INC
1162,1637207,PLNT,"Planet Fitness, Inc."
1163,842162,LEA,LEAR CORP
1164,20520,FYBR,"Frontier Communications Parent, Inc."
1165,1895262,NE,Noble Corp plc
1166,1061983,CYTK,CYTOKINETICS INC
1167,1366561,SMAR,SMARTSHEET INC
1168,1720671,HCP,"HashiCorp, Inc."
1169,1717115,TEM,"Tempus AI, Inc."
1170,1068851,PB,PROSPERITY BANCSHARES INC
1171,201533,CMS-PB,CONSUMERS ENERGY CO
1172,18349,SNV,SYNOVUS FINANCIAL CORP
1173,22444,CMC,COMMERCIAL METALS Co
1174,917251,ADC,AGREE REALTY CORP
1175,1590714,ESI,Element Solutions Inc
1176,30625,FLS,FLOWSERVE CORP
1177,28917,DDS,"DILLARD'S, INC."
1178,892450,KT,KT CORP
1179,1465128,STWD,"STARWOOD PROPERTY TRUST, INC."
1180,1530950,POST,"Post Holdings, Inc."
1181,795403,WTS,WATTS WATER TECHNOLOGIES INC
1182,1061894,GIL,Gildan Activewear Inc.
1183,354518,EBCOY,EBARA CORP /ADR/
1184,60519,LPX,LOUISIANA-PACIFIC CORP
1185,853816,LSTR,LANDSTAR SYSTEM INC
1186,1476150,TRNO,Terreno Realty Corp
1187,100826,UELMO,UNION ELECTRIC CO
1188,1723089,CHX,ChampionX Corp
1189,1810806,U,Unity Software Inc.
1190,889331,LFUS,LITTELFUSE INC /DE
1191,1558812,MEJHY,MEIJI Holdings Co Ltd/ADR
1192,939767,EXEL,"EXELIXIS, INC."
1193,1448893,ESNT,Essent Group Ltd.
1194,1822993,JXN,Jackson Financial Inc.
1195,1739104,ELAN,Elanco Animal Health Inc
1196,84246,RLI,RLI CORP
1197,1567172,JGSMY,"JG Summit Holdings, Inc./ADR"
1198,1772016,BRBR,"BELLRING BRANDS, INC."
1199,1622536,TLN,Talen Energy Corp
1200,1076930,NOVT,NOVANTA INC
1201,7536,ARW,"ARROW ELECTRONICS, INC."
1202,1616707,W,Wayfair Inc.
1203,1581285,BCUCY,Brunello Cucinelli S.p.A./ADR
1204,1852244,GXO,"GXO Logistics, Inc."
1205,1124941,BECN,BEACON ROOFING SUPPLY INC
1206,1499620,TAL,TAL Education Group
1207,707179,ONB,OLD NATIONAL BANCORP /IN/
1208,1402388,WFG,"WEST FRASER TIMBER CO., LTD"
1209,1592000,ENLC,"EnLink Midstream, LLC"
1210,1782754,AZEK,AZEK Co Inc.
1211,1943896,RBRK,"Rubrik, Inc."
1212,876437,MTG,MGIC INVESTMENT CORP
1213,1867072,KD,"Kyndryl Holdings, Inc."
1214,1571123,SAIC,Science Applications International Corp
1215,1437153,CUYTY,Colruyt SA
1216,103379,VFC,V F CORP
1217,1109345,NVMI,NOVA LTD.
1218,1650729,SITE,"SiteOne Landscape Supply, Inc."
1219,67887,MOG-A,MOOG INC.
1220,1584207,OMF,"OneMain Holdings, Inc."
1221,67347,MOD,MODINE MANUFACTURING CO
1222,1849635,DJT,Trump Media & Technology Group Corp.
1223,1122491,BRFS,BRF S.A.
1224,1023514,HMY,HARMONY GOLD MINING CO LTD
1225,17843,CRS,CARPENTER TECHNOLOGY CORP
1226,911177,CWST,CASELLA WASTE SYSTEMS INC
1227,1438569,GRFS,Grifols SA
1228,1040829,RHP,"Ryman Hospitality Properties, Inc."
1229,795266,KBH,KB HOME
1230,1299939,CADE,Cadence Bank
1231,1806837,VERX,"Vertex, Inc."
1232,1723690,BILI,Bilibili Inc.
1233,1214816,AXS,AXIS CAPITAL HOLDINGS LTD
1234,1786842,VNT,Vontier Corp
1235,717423,MUR,MURPHY OIL CORP
1236,1507605,MARA,"MARATHON DIGITAL HOLDINGS, INC."
1237,1794669,FOUR,"Shift4 Payments, Inc."
1238,1877322,ESAB,ESAB Corp
1239,1046311,CHH,CHOICE HOTELS INTERNATIONAL INC /DE
1240,1520697,ACHC,"Acadia Healthcare Company, Inc."
1241,1767582,LKNCY,Luckin Coffee Inc.
1242,899689,VNO,VORNADO REALTY TRUST
1243,1114700,GGAL,GRUPO FINANCIERO GALICIA SA
1244,1653653,RRR,"Red Rock Resorts, Inc."
1245,1675149,AA,Alcoa Corp
1246,63276,MAT,MATTEL INC /DE/
1247,1398659,G,Genpact LTD
1248,1639300,OLLI,"Ollie's Bargain Outlet Holdings, Inc."
1249,1496963,SQSP,"Squarespace, Inc."
1250,1655888,OBDC,Blue Owl Capital Corp
1251,9092,BMI,BADGER METER INC
1252,1472787,FAF,First American Financial Corp
1253,1860742,BLCO,Bausch & Lomb Corp
1254,1835963,GLBE,Global-E Online Ltd.
1255,916540,DAR,DARLING INGREDIENTS INC.
1256,1736035,BXSL,Blackstone Secured Lending Fund
1257,1711279,KRYS,"Krystal Biotech, Inc."
1258,277509,FSS,FEDERAL SIGNAL CORP /DE/
1259,941221,ICL,ICL Group Ltd.
1260,1157601,MDGL,"MADRIGAL PHARMACEUTICALS, INC."
1261,1722684,WH,"WYNDHAM HOTELS & RESORTS, INC."
1262,1849853,STVN,Stevanato Group S.p.A.
1263,1477294,ST,Sensata Technologies Holding plc
1264,1674910,VVV,VALVOLINE INC
1265,1173382,CAE,CAE INC
1266,98362,TKR,TIMKEN CO
1267,1355444,ERJ,EMBRAER S.A.
1268,1546354,DUFRY,Dufry AG/ADR
1269,85961,R,RYDER SYSTEM INC
1270,1611647,FRPT,"Freshpet, Inc."
1271,1142417,NXST,"NEXSTAR MEDIA GROUP, INC."
1272,937556,MASI,MASIMO CORP
1273,9326,BCPC,BALCHEM CORP
1274,1510599,PDI,PIMCO Dynamic Income Fund
1275,1442655,NGKSY,"NGK Spark Plug Co., Ltd."
1276,1274173,JHG,JANUS HENDERSON GROUP PLC
1277,1538118,YKLTY,"Yakult Honsha Co., LTD/ADR"
1278,74303,OLN,OLIN Corp
1279,933136,COOP,Mr. Cooper Group Inc.
1280,1607678,VKTX,"Viking Therapeutics, Inc."
1281,1157557,CIG,ENERGY CO OF MINAS GERAIS
1282,1786352,BILL,"BILL Holdings, Inc."
1283,1422183,FSK,FS KKR Capital Corp
1284,314808,VAL,Valaris Ltd
1285,1796022,STEP,StepStone Group Inc.
1286,1786431,REYN,Reynolds Consumer Products Inc.
1287,7431,AWI,ARMSTRONG WORLD INDUSTRIES INC
1288,906553,BYD,BOYD GAMING CORP
1289,1455955,PUTKY,PT United Tractors Tbk / ADR
1290,1534043,FUPBY,Fuchs Petrolub SE/ADR
1291,1618563,NSA,National Storage Affiliates Trust
1292,913290,FRO,Frontline plc
1293,1331520,HOMB,HOME BANCSHARES INC
1294,78239,PVH,PVH CORP. /DE/
1295,1910851,RCM,R1 RCM Inc. /DE
1296,102729,VMI,VALMONT INDUSTRIES INC
1297,1815846,MNSO,MINISO Group Holding Ltd
1298,1556593,RITM,Rithm Capital Corp.
1299,106640,WHR,WHIRLPOOL CORP /DE/
1300,1934850,FG,"F&G Annuities & Life, Inc."
1301,1297989,EXLS,"ExlService Holdings, Inc."
1302,1032220,MMS,"MAXIMUS, INC."
1303,1821825,OGN,Organon & Co.
1304,59558,LNC,LINCOLN NATIONAL CORP
1305,1866368,CWAN,"Clearwater Analytics Holdings, Inc."
1306,2000178,LOAR,Loar Holdings Inc.
1307,1988894,AS,"Amer Sports, Inc."
1308,1437470,MYTHY,Mytilineos Holdings S.A.
1309,937098,TNET,"TRINET GROUP, INC."
1310,78150,PHI,PLDT Inc.
1311,1169561,CVLT,COMMVAULT SYSTEMS INC
1312,1004434,AMG,"AFFILIATED MANAGERS GROUP, INC."
1313,67716,MDU,MDU RESOURCES GROUP INC
1314,1728951,EPRT,"ESSENTIAL PROPERTIES REALTY TRUST, INC."
1315,1442653,ROHCY,"ROHM Co., Ltd."
1316,1804583,RAASY,Cloopen Group Holding Ltd
1317,818479,XRAY,DENTSPLY SIRONA Inc.
1318,98222,TDW,TIDEWATER INC
1319,1014739,OPCH,"Option Care Health, Inc."
1320,861878,SRCL,STERICYCLE INC
1321,1439288,ZWS,Zurn Elkay Water Solutions Corp
1322,1487712,AL,AIR LEASE CORP
1323,16040,CBT,CABOT CORP
1324,37808,FNB,FNB CORP/PA/
1325,1041792,ELP,ENERGY CO OF PARANA
1326,1692115,SWX,"Southwest Gas Holdings, Inc."
1327,866291,ALGM,"ALLEGRO MICROSYSTEMS, INC."
1328,1286043,KRG,KITE REALTY GROUP TRUST
1329,890926,RDN,RADIAN GROUP INC
1330,851520,EXPO,EXPONENT INC
1331,1107843,QLYS,"QUALYS, INC."
1332,36029,FFIN,FIRST FINANCIAL BANKSHARES INC
1333,1328581,BCC,BOISE CASCADE Co
1334,1567526,IHICY,IHI Corporation/ADR
1335,1823529,ACT,"Enact Holdings, Inc."
1336,717605,HXL,HEXCEL CORP /DE/
1337,1013857,PEGA,PEGASYSTEMS INC
1338,1415404,SATS,EchoStar CORP
1339,1666138,ATKR,Atkore Inc.
1340,1861560,NUVL,"Nuvalent, Inc."
1341,1361113,VRNS,VARONIS SYSTEMS INC
1342,1516513,DOCS,"Doximity, Inc."
1343,70145,NFG,NATIONAL FUEL GAS CO
1344,67215,DY,DYCOM INDUSTRIES INC
1345,1569650,OZK,Bank OZK
1346,1698990,MGY,Magnolia Oil & Gas Corp
1347,1660280,TENB,"Tenable Holdings, Inc."
1348,1282637,NEU,NEWMARKET CORP
1349,230557,SIGI,SELECTIVE INSURANCE GROUP INC
1350,1012100,SEE,SEALED AIR CORP/DE
1351,1109138,CAMT,CAMTEK LTD
1352,314590,SSL,SASOL LTD
1353,730263,THO,THOR INDUSTRIES INC
1354,14930,BC,BRUNSWICK CORP
1355,1791863,BEPC,Brookfield Renewable Corp
1356,893538,SM,SM Energy Co
1357,1032033,SLM,SLM Corp
1358,57515,LANC,LANCASTER COLONY CORP
1359,729986,UBSI,UNITED BANKSHARES INC/WV
1360,868671,GBCI,"GLACIER BANCORP, INC."
1361,2001184,PACS,"PACS Group, Inc."
1362,1745916,PFSI,"PennyMac Financial Services, Inc."
1363,1788348,BIPC,Brookfield Infrastructure Corp
1364,1682745,VRRM,VERRA MOBILITY Corp
1365,91767,SON,SONOCO PRODUCTS CO
1366,1743881,BBIO,"BridgeBio Pharma, Inc."
1367,884614,UGI,UGI CORP /PA/
1368,1748797,DOOO,BRP Inc.
1369,1759509,LYFT,"Lyft, Inc."
1370,1807794,CRDO,Credo Technology Group Holding Ltd
1371,874866,CRVL,CORVEL CORP
1372,1567683,CWEN,"Clearway Energy, Inc."
1373,856982,MMSI,MERIT MEDICAL SYSTEMS INC
1374,887343,COLB,"COLUMBIA BANKING SYSTEM, INC."
1375,1320414,SEM,SELECT MEDICAL HOLDINGS CORP
1376,1756262,TMDX,"TransMedics Group, Inc."
1377,1144980,ABG,ASBURY AUTOMOTIVE GROUP INC
1378,840489,FCFS,"FirstCash Holdings, Inc."
1379,1999001,FUN,Six Flags Entertainment Corporation/NEW
1380,924805,FRHC,Freedom Holding Corp.
1381,1363829,ESGR,Enstar Group LTD
1382,849869,SLGN,SILGAN HOLDINGS INC
1383,1674862,ASH,ASHLAND INC.
1384,1674416,CRSP,CRISPR Therapeutics AG
1385,1599901,RNA,"Avidity Biosciences, Inc."
1386,790526,RDNT,"RadNet, Inc."
1387,766421,ALK,"ALASKA AIR GROUP, INC."
1388,750577,HWC,HANCOCK WHITNEY CORP
1389,780571,ITRI,"ITRON, INC."
1390,78890,BCO,BRINKS CO
1391,784977,POR,PORTLAND GENERAL ELECTRIC CO /OR/
1392,1368622,AVAV,AeroVironment Inc
1393,1494728,PSLV,Sprott Physical Silver Trust
1394,1094831,BGC,"BGC Group, Inc."
1395,1626115,PJT,PJT Partners Inc.
1396,1773751,HIMS,"Hims & Hers Health, Inc."
1397,8858,AVT,AVNET INC
1398,40211,GATX,GATX CORP
1399,1057877,IDA,IDACORP INC
1400,1451505,RIG,Transocean Ltd.
1401,1528849,RH,RH
1402,1476204,PECO,"Phillips Edison & Company, Inc."
1403,1545851,VRN,Veren Inc.
1404,1819848,JOBY,"Joby Aviation, Inc."
1405,101382,UMBF,UMB FINANCIAL CORP
1406,944695,THG,"HANOVER INSURANCE GROUP, INC."
1407,890564,ASGN,ASGN Inc
1408,887153,SIM,"GRUPO SIMEC, S.A.B. de C.V."
1409,1636519,MSGS,Madison Square Garden Sports Corp.
1410,1347426,BMA,Macro Bank Inc.
1411,793952,HOG,"HARLEY-DAVIDSON, INC."
1412,313143,HAE,HAEMONETICS CORP
1413,69891,FIZZ,NATIONAL BEVERAGE CORP
1414,1003078,MSM,MSC INDUSTRIAL DIRECT CO INC
1415,932417,VIAAY,VIENNA INTERNATIONAL AIRPORT
1416,1799208,DNB,"Dun & Bradstreet Holdings, Inc."
1417,794367,M,"Macy's, Inc."
1418,1029199,EEFT,"EURONET WORLDWIDE, INC."
1419,1050797,COLM,COLUMBIA SPORTSWEAR CO
1420,1851003,ZETA,Zeta Global Holdings Corp.
1421,1039399,FORM,FORMFACTOR INC
1422,1128928,FLO,FLOWERS FOODS INC
1423,821130,USM,UNITED STATES CELLULAR CORP
1424,1624794,CSWI,"CSW INDUSTRIALS, INC."
1425,1954042,ZK,ZEEKR Intelligent Technology Holding Ltd
1426,1765159,NVEI,Nuvei Corp
1427,1581990,PAGP,PLAINS GP HOLDINGS LP
1428,1296445,ORA,"ORMAT TECHNOLOGIES, INC."
1429,1726122,CEF,Sprott Physical Gold & Silver Trust
1430,39368,FUL,FULLER H B CO
1431,1430162,CSAN,Cosan S.A.
1432,1596967,MC,Moelis & Co
1433,38725,FELE,FRANKLIN ELECTRIC CO INC
1434,928876,TSEM,TOWER SEMICONDUCTOR LTD
1435,1718512,GTES,Gates Industrial Corp plc
1436,356309,NJR,NEW JERSEY RESOURCES CORP
1437,1749723,NFE,New Fortress Energy Inc.
1438,1609253,CRC,California Resources Corp
1439,1290109,LPL,"LG Display Co., Ltd."
1440,1674168,HGV,Hilton Grand Vacations Inc.
1441,935036,ACIW,"ACI WORLDWIDE, INC."
1442,1800227,IAC,IAC Inc.
1443,1534504,PBF,PBF Energy Inc.
1444,1114995,PI,IMPINJ INC
1445,90896,SKY,Skyline Champion Corp
1446,1492422,APLS,"Apellis Pharmaceuticals, Inc."
1447,1434588,LOPE,"Grand Canyon Education, Inc."
1448,1955520,KNF,Knife River Corp
1449,931015,PII,Polaris Inc.
1450,1592386,VIRT,"Virtu Financial, Inc."
1451,1561680,TPH,"Tri Pointe Homes, Inc."
1452,1094972,UGP,ULTRAPAR HOLDINGS INC
1453,1739445,ACA,"Arcosa, Inc."
1454,776867,WTM,WHITE MOUNTAINS INSURANCE GROUP LTD
1455,97216,TEX,TEREX CORP
1456,1289308,ENS,EnerSys
1457,1113232,ACLS,AXCELIS TECHNOLOGIES INC
1458,1672013,GOLF,Acushnet Holdings Corp.
1459,3453,MATX,"Matson, Inc."
1460,1466085,IRT,"INDEPENDENCE REALTY TRUST, INC."
1461,1430723,SFBS,"ServisFirst Bancshares, Inc."
1462,1764046,CLVT,CLARIVATE PLC
1463,1273813,AGO,ASSURED GUARANTY LTD
1464,822663,IPAR,INTER PARFUMS INC
1465,52827,RYN,RAYONIER INC
1466,1040971,SLG,SL GREEN REALTY CORP
1467,1446694,SHWDY,Showa Denko K.K./ADR
1468,1818794,DYN,"Dyne Therapeutics, Inc."
1469,912615,URBN,URBAN OUTFITTERS INC
1470,1396440,MAIN,Main Street Capital CORP
1471,1803599,CNXC,Concentrix Corp
1472,799292,MHO,"M/I HOMES, INC."
1473,1712807,PAGS,PagSeguro Digital Ltd.
1474,1658247,CRNX,"Crinetics Pharmaceuticals, Inc."
1475,1692063,SNDR,"Schneider National, Inc."
1476,1114483,ITGR,Integer Holdings Corp
1477,1365135,WU,Western Union CO
1478,1364479,HRI,HERC HOLDINGS INC
1479,919012,AEO,AMERICAN EAGLE OUTFITTERS INC
1480,944148,CBZ,"CBIZ, Inc."
1481,927003,AEIS,ADVANCED ENERGY INDUSTRIES INC
1482,1800667,FROG,JFrog Ltd
1483,833640,POWI,POWER INTEGRATIONS INC
1484,351569,ABCB,Ameris Bancorp
1485,1592438,ROYMY,Royal Mail plc/ADR
1486,1520262,ALKS,Alkermes plc.
1487,1025996,KRC,KILROY REALTY CORP
1488,1410384,QTWO,"Q2 Holdings, Inc."
1489,1299709,AX,"Axos Financial, Inc."
1490,1619762,IGT,International Game Technology PLC
1491,1174169,AQN,ALGONQUIN POWER & UTILITIES CORP.
1492,1284812,CNS,"COHEN & STEERS, INC."
1493,912958,TIGO,MILLICOM INTERNATIONAL CELLULAR SA
1494,1809104,ALIT,"Alight, Inc. / Delaware"
1495,315709,IBOC,INTERNATIONAL BANCSHARES CORP
1496,714310,VLY,VALLEY NATIONAL BANCORP
1497,1869198,LTH,"Life Time Group Holdings, Inc."
1498,1745431,STNE,StoneCo Ltd.
1499,1122976,AVNT,AVIENT CORP
1500,1177609,FIVE,"FIVE BELOW, INC"
1501,1364885,SPR,"Spirit AeroSystems Holdings, Inc."
1502,1609550,INSP,"Inspire Medical Systems, Inc."
1503,1515673,RARE,Ultragenyx Pharmaceutical Inc.
1504,1962746,LOT,Lotus Technology Inc.
1505,1031203,GPI,GROUP 1 AUTOMOTIVE INC
1506,1483934,STNG,Scorpio Tankers Inc.
1507,1676238,BRZE,"Braze, Inc."
1508,1579428,AXSM,"Axsome Therapeutics, Inc."
1509,1280058,BLKB,BLACKBAUD INC
1510,1476765,GBDC,"GOLUB CAPITAL BDC, Inc."
1511,1111928,IPGP,IPG PHOTONICS CORP
1512,886346,KAI,KADANT INC
1513,860748,KMPR,KEMPER Corp
1514,897723,SANM,SANMINA CORP
1515,1764013,IMVT,"Immunovant, Inc."
1516,1815779,HAFN,Hafnia Ltd
1517,889900,PTEN,PATTERSON UTI ENERGY INC
1518,1576280,GH,"Guardant Health, Inc."
1519,1013131,BVN,BUENAVENTURA MINING CO INC
1520,1258602,NNI,NELNET INC
1521,1230245,PIPR,PIPER SANDLER COMPANIES
1522,1307954,HUN,Huntsman CORP
1523,910073,NYCB,"NEW YORK COMMUNITY BANCORP, INC."
1524,1130464,BKH,BLACK HILLS CORP /SD/
1525,1811414,QS,QuantumScape Corp
1526,827876,CLSK,"CLEANSPARK, INC."
1527,1466593,OTTR,Otter Tail Corp
1528,1311370,LAZ,"Lazard, Inc."
1529,1445305,WK,WORKIVA INC
1530,825313,AB,ALLIANCEBERNSTEIN HOLDING L.P.
1531,1704715,AMR,"Alpha Metallurgical Resources, Inc."
1532,1544522,FRSH,Freshworks Inc.
1533,1659939,ENIC,Enel Chile S.A.
1534,1372612,BOX,BOX INC
1535,1817358,ASO,"Academy Sports & Outdoors, Inc."
1536,825542,SMG,SCOTTS MIRACLE-GRO CO
1537,1104485,NOG,"NORTHERN OIL & GAS, INC."
1538,1559444,FAURY,FORVIA SE/ADR
1539,1326110,IBRX,"ImmunityBio, Inc."
1540,1530721,CPRI,Capri Holdings Ltd
1541,1345105,CPA,"Copa Holdings, S.A."
1542,1990354,WAY,Waystar Holding Corp.
1543,913142,BDC,BELDEN INC.
1544,1587732,OGS,"ONE Gas, Inc."
1545,931427,TGS,GAS TRANSPORTER OF THE SOUTH INC
1546,1070412,CNX,CNX Resources Corp
1547,1429937,BTG,B2GOLD CORP
1548,29002,DIOD,DIODES INC /DEL/
1549,1381668,TFSL,TFS Financial CORP
1550,1590717,CTRE,"CareTrust REIT, Inc."
1551,930826,SLVYY,SOLVAY S A /ADR/
1552,1492298,SBRA,"Sabra Health Care REIT, Inc."
1553,1126956,SR,SPIRE INC
1554,1902733,NCNO,"nCino, Inc."
1555,1760965,KTB,"Kontoor Brands, Inc."
1556,1585364,PRGO,PERRIGO Co plc
1557,1840776,HGTY,"Hagerty, Inc."
1558,1469367,RUN,Sunrun Inc.
1559,874238,STRL,"STERLING INFRASTRUCTURE, INC."
1560,1655891,TRMD,TORM plc
1561,1610250,BOOT,"Boot Barn Holdings, Inc."
1562,1822479,SHC,Sotera Health Co
1563,832988,SIG,SIGNET JEWELERS LTD
1564,1000753,NSP,"INSPERITY, INC."
1565,25232,CUZ,COUSINS PROPERTIES INC
1566,1699136,WHD,"Cactus, Inc."
1567,1600438,GMS,GMS Inc.
1568,1012019,RUSHA,RUSH ENTERPRISES INC \TX\
1569,1776967,NTCOY,Natura &Co Holding S.A.
1570,1207179,GLNG,GOLAR LNG LTD
1571,1737706,SDRL,Seadrill Ltd
1572,1949543,STR,Sitio Royalties Corp.
1573,912242,MAC,MACERICH CO
1574,1568651,OSCR,"Oscar Health, Inc."
1575,723612,CAR,"AVIS BUDGET GROUP, INC."
1576,46765,HP,"Helmerich & Payne, Inc."
1577,1835681,PWSC,"POWERSCHOOL HOLDINGS, INC."
1578,1469395,PAM,Pampa Energy Inc.
1579,1977303,ALTM,Arcadium Lithium plc
1580,66756,ALE,ALLETE INC
1581,1651311,MRUS,Merus N.V.
1582,1561894,HASI,"HA Sustainable Infrastructure Capital, Inc."
1583,56679,KFY,KORN FERRY
1584,719413,HL,HECLA MINING CO/DE/
1585,1038074,SLAB,SILICON LABORATORIES INC.
1586,1698535,NXE,NexGen Energy Ltd.
1587,700564,FULT,FULTON FINANCIAL CORP
1588,1418121,APLE,"Apple Hospitality REIT, Inc."
1589,711377,NEOG,NEOGEN CORP
1590,1448978,SMBMY,SembCorp Marine Ltd.
1591,883948,AUB,Atlantic Union Bankshares Corp
1592,745308,JOE,ST JOE Co
1593,1633978,LITE,Lumentum Holdings Inc.
1594,1497770,WD,"Walker & Dunlop, Inc."
1595,1780312,ASTS,"AST SpaceMobile, Inc."
1596,817720,SYNA,SYNAPTICS Inc
1597,1057706,FBP,FIRST BANCORP /PR/
1598,50725,GFF,GRIFFON CORP
1599,72333,JWN,NORDSTROM INC
1600,1108426,PNM,PNM RESOURCES INC
1601,1088856,CORT,CORCEPT THERAPEUTICS INC
1602,1676725,IDYA,"IDEAYA Biosciences, Inc."
1603,1380366,GNNDY,GN STORE NORD A/S
1604,1638833,SGRY,"Surgery Partners, Inc."
1605,1627223,CC,Chemours Co
1606,857855,UCBI,UNITED COMMUNITY BANKS INC
1607,1810546,EBC,"Eastern Bankshares, Inc."
1608,1620533,SHAK,Shake Shack Inc.
1609,879407,ARWR,"ARROWHEAD PHARMACEUTICALS, INC."
1610,1164863,NPO,Enpro Inc.
1611,1898416,ALVO,Alvotech
1612,7789,ASB,ASSOCIATED BANC-CORP
1613,1451809,SITM,SITIME Corp
1614,1981792,HHH,Howard Hughes Holdings Inc.
1615,1577526,AI,"C3.ai, Inc."
1616,1158449,AAP,ADVANCE AUTO PARTS INC
1617,1588978,PRCT,PROCEPT BioRobotics Corp
1618,1691303,HCC,"WARRIOR MET COAL, INC."
1619,25445,CXT,"Crane NXT, Co."
1620,717954,UNF,UNIFIRST CORP
1621,1295947,PBH,Prestige Consumer Healthcare Inc.
1622,1688568,DXC,DXC Technology Co
1623,1819928,DV,"DoubleVerify Holdings, Inc."
1624,760498,BANF,BANCFIRST CORP /OK/
1625,1929561,RXO,"RXO, Inc."
1626,1361658,TNL,Travel & Leisure Co.
1627,1564902,PRKS,United Parks & Resorts Inc.
1628,104889,GHC,Graham Holdings Co
1629,1694028,LBRT,Liberty Energy Inc.
1630,310142,SXT,SENSIENT TECHNOLOGIES CORP
1631,1424182,BNL,"Broadstone Net Lease, Inc."
1632,1677576,IIPR,INNOVATIVE INDUSTRIAL PROPERTIES INC
1633,828944,WSFS,WSFS FINANCIAL CORP
1634,1378239,OMAB,Central North Airport Group
1635,1603756,AXNX,"Axonics, Inc."
1636,1570827,VCTR,"Victory Capital Holdings, Inc."
1637,793733,SKYW,SKYWEST INC
1638,30697,WEN,Wendy's Co
1639,1389050,AROC,"Archrock, Inc."
1640,1280784,HTGC,"Hercules Capital, Inc."
1641,42582,GT,GOODYEAR TIRE & RUBBER CO /OH/
1642,105132,WDFC,WD 40 CO
1643,1459200,ALRM,"Alarm.com Holdings, Inc."
1644,871763,MAN,ManpowerGroup Inc.
1645,1564538,GRP-UN,GRANITE REAL ESTATE INVESTMENT TRUST
1646,771497,ABM,ABM INDUSTRIES INC /DE/
1647,1061630,BXMT,"BLACKSTONE MORTGAGE TRUST, INC."
1648,1045450,EPR,EPR PROPERTIES
1649,1664703,BE,Bloom Energy Corp
1650,1195737,NEA,Nuveen AMT-Free Quality Municipal Income Fund
1651,1714899,DNLI,Denali Therapeutics Inc.
1652,1337619,ENV,"ENVESTNET, INC."
1653,1581280,TWST,Twist Bioscience Corp
1654,1786205,ACLX,"Arcellx, Inc."
1655,1418819,IRDM,Iridium Communications Inc.
1656,860413,FIBK,FIRST INTERSTATE BANCSYSTEM INC
1657,918608,EGO,ELDORADO GOLD CORP /FI
1658,884713,PRMW,Primo Water Corp /CN/
1659,1702744,SMPL,Simply Good Foods Co
1660,1841804,INST,"INSTRUCTURE HOLDINGS, INC."
1661,278166,CVCO,CAVCO INDUSTRIES INC.
1662,746598,BRC,BRADY CORP
1663,1069258,KTOS,"KRATOS DEFENSE & SECURITY SOLUTIONS, INC."
1664,1718227,ROAD,"Construction Partners, Inc."
1665,1167419,RIOT,"Riot Platforms, Inc."
1666,1224608,CNO,"CNO Financial Group, Inc."
1667,1836470,SRAD,Sportradar Group AG
1668,1373670,GRBK,"Green Brick Partners, Inc."
1669,1627272,OR,Osisko Gold Royalties LTD
1670,1288847,FIVN,"Five9, Inc."
1671,886977,MEOH,METHANEX CORP
1672,1529274,ALKT,"ALKAMI TECHNOLOGY, INC."
1673,103730,VSH,VISHAY INTERTECHNOLOGY INC
1674,1477720,ASAN,"Asana, Inc."
1675,1935979,BHVN,Biohaven Ltd.
1676,949870,SAM,BOSTON BEER CO INC
1677,785956,JJSF,J&J SNACK FOODS CORP
1678,1433660,JBT,John Bean Technologies CORP
1679,1086600,ARLP,ALLIANCE RESOURCE PARTNERS LP
1680,1338749,PCH,POTLATCHDELTIC CORP
1681,785786,PLXS,PLEXUS CORP
1682,81362,KWR,QUAKER CHEMICAL CORP
1683,1054905,IOSP,INNOSPEC INC.
1684,723188,CBU,"COMMUNITY FINANCIAL SYSTEM, INC."
1685,913241,SHOO,"STEVEN MADDEN, LTD."
1686,1621434,BSM,"Black Stone Minerals, L.P."
1687,894315,SITC,SITE Centers Corp.
1688,1048268,IESC,"IES Holdings, Inc."
1689,1582313,XENE,Xenon Pharmaceuticals Inc.
1690,1604481,CMBT,Euronav NV
1691,1809519,GDRX,"GoodRx Holdings, Inc."
1692,1820872,GBTG,"Global Business Travel Group, Inc."
1693,877860,NHI,NATIONAL HEALTH INVESTORS INC
1694,1648257,HCM,HUTCHMED (China) Ltd
1695,1158324,CCOI,"COGENT COMMUNICATIONS HOLDINGS, INC."
1696,1368514,ADMA,"ADMA BIOLOGICS, INC."
1697,1531048,NARI,"Inari Medical, Inc."
1698,1670592,YETI,"YETI Holdings, Inc."
1699,1740332,REZI,"RESIDEO TECHNOLOGIES, INC."
1700,1756770,CURLF,"Curaleaf Holdings, Inc."
1701,64996,MCY,MERCURY GENERAL CORP
1702,1993004,NWE,"NorthWestern Energy Group, Inc."
1703,1394832,ATS,ATS Corp /ATS
1704,1541401,ESRT,"Empire State Realty Trust, Inc."
1705,36377,FHB,"FIRST HAWAIIAN, INC."
1706,1350593,MWA,"Mueller Water Products, Inc."
1707,896262,AMED,AMEDISYS INC
1708,899715,SKT,TANGER INC.
1709,16160,CALM,CAL-MAINE FOODS INC
1710,866706,ESE,ESCO TECHNOLOGIES INC
1711,1417398,HI,"Hillenbrand, Inc."
1712,1617406,PK,Park Hotels & Resorts Inc.
1713,1576940,CCS,"Century Communities, Inc."
1714,806628,DNP,DNP SELECT INCOME FUND INC
1715,861842,CATY,CATHAY GENERAL BANCORP
1716,1322422,HBM,Hudbay Minerals Inc.
1717,1077428,TCBI,TEXAS CAPITAL BANCSHARES INC/TX
1718,933974,AZTA,"Azenta, Inc."
1719,1829726,TFPM,Triple Flag Precious Metals Corp.
1720,1786909,SBSW,Sibanye Stillwater Ltd
1721,1388658,IRTC,"iRhythm Technologies, Inc."
1722,860546,CDP,COPT DEFENSE PROPERTIES
1723,1001316,TGTX,"TG THERAPEUTICS, INC."
1724,816761,TDC,TERADATA CORP /DE/
1725,1816007,LU,Lufax Holding Ltd
1726,1405495,IDCC,"InterDigital, Inc."
1727,1984060,AESI,Atlas Energy Solutions Inc.
1728,868780,DORM,"Dorman Products, Inc."
1729,1637873,ACVA,ACV Auctions Inc.
1730,1547903,NMIH,"NMI Holdings, Inc."
1731,921082,HIW,"HIGHWOODS PROPERTIES, INC."
1732,43920,GEF,"GREIF, INC"
1733,23194,CRK,COMSTOCK RESOURCES INC
1734,883984,ICUI,ICU MEDICAL INC/DE
1735,88121,SEB,SEABOARD CORP /DE/
1736,1157408,LRN,"Stride, Inc."
1737,1524358,VAC,MARRIOTT VACATIONS WORLDWIDE Corp
1738,910108,LXP,LXP Industrial Trust
1739,1364250,DEI,Douglas Emmett Inc
1740,1527636,ATHM,Autohome Inc.
1741,1178879,FOLD,"AMICUS THERAPEUTICS, INC."
1742,1864163,INTR,"Inter & Co, Inc."
1743,1714174,BUR,Burford Capital Ltd
1744,1628369,CWK,Cushman & Wakefield plc
1745,1070494,ACAD,ACADIA PHARMACEUTICALS INC
1746,1161728,MGEE,MGE ENERGY INC
1747,1722608,IQ,"iQIYI, Inc."
1748,1384905,RNG,"RingCentral, Inc."
1749,1649904,RYTM,"RHYTHM PHARMACEUTICALS, INC."
1750,1856314,YOU,"Clear Secure, Inc."
1751,1690680,NMRK,"NEWMARK GROUP, INC."
1752,1741530,QFIN,"Qifu Technology, Inc."
1753,1035201,CWT,CALIFORNIA WATER SERVICE GROUP
1754,1361538,PRIM,Primoris Services Corp
1755,1685040,BHF,"Brighthouse Financial, Inc."
1756,1517302,APAM,Artisan Partners Asset Management Inc.
1757,805676,PRK,PARK NATIONAL CORP /OH/
1758,1056903,AWR,AMERICAN STATES WATER CO
1759,1639691,LIVN,LivaNova PLC
1760,1553079,ESBA,"Empire State Realty OP, L.P."
1761,1856485,SLVM,Sylvamo Corp
1762,861459,GVA,GRANITE CONSTRUCTION INC
1763,703351,EAT,"BRINKER INTERNATIONAL, INC"
1764,730464,ATGE,Adtalem Global Education Inc.
1765,1651717,NOMD,Nomad Foods Ltd
1766,1111335,VC,VISTEON CORP
1767,1582961,DOCN,"DigitalOcean Holdings, Inc."
1768,78749,AGYS,AGILYSYS INC
1769,1666134,BL,"BLACKLINE, INC."
1770,1978954,TBBB,BBB FOODS INC
1771,1287865,MPW,MEDICAL PROPERTIES TRUST INC
1772,104918,AVA,AVISTA CORP
1773,1013934,STRA,"Strategic Education, Inc."
1774,1056288,FHI,"FEDERATED HERMES, INC."
1775,1825088,DFH,"Dream Finders Homes, Inc."
1776,1727263,FTDR,"Frontdoor, Inc."
1777,1276520,GNW,GENWORTH FINANCIAL INC
1778,1868941,FLNC,"Fluence Energy, Inc."
1779,1831097,AGL,"agilon health, inc."
1780,1828016,PLTK,Playtika Holding Corp.
1781,936528,WAFD,WAFD INC
1782,1710366,CEIX,CONSOL Energy Inc.
1783,874499,GPOR,GULFPORT ENERGY CORP
1784,1090633,IIJIY,INTERNET INITIATIVE JAPAN INC
1785,1279495,BTE,BAYTEX ENERGY CORP.
1786,932470,TEO,TELECOM ARGENTINA SA
1787,1477815,SG,"Sweetgreen, Inc."
1788,1821586,MLTX,MoonLake Immunotherapeutics
1789,891014,MTX,MINERALS TECHNOLOGIES INC
1790,1438133,TNDM,TANDEM DIABETES CARE INC
1791,837465,MODG,Topgolf Callaway Brands Corp.
1792,819793,AIN,ALBANY INTERNATIONAL CORP /DE/
1793,921738,PENN,"PENN Entertainment, Inc."
1794,1049659,SID,NATIONAL STEEL CO
1795,1679049,INSW,"International Seaways, Inc."
1796,1504008,BKU,"BankUnited, Inc."
1797,1336917,UAA,"Under Armour, Inc."
1798,1454480,SHZNY,Shenzhen Expressway Co. / ADR
1799,1549107,MANU,Manchester United plc
1800,1974640,APGE,"Apogee Therapeutics, Inc."
1801,1679363,MORF,"Morphic Holding, Inc."
1802,885590,BHC,Bausch Health Companies Inc.
1803,1828365,RLX,RLX Technology Inc.
1804,763744,LCII,LCI INDUSTRIES
1805,1757073,NVST,Envista Holdings Corp
1806,1717393,CAAP,CORPORACION AMERICA AIRPORTS S.A.
1807,752714,MGRC,MCGRATH RENTCORP
1808,940942,HUBG,"Hub Group, Inc."
1809,1064728,BTU,PEABODY ENERGY CORP
1810,1439222,AGIO,"AGIOS PHARMACEUTICALS, INC."
1811,354647,CVBF,CVB FINANCIAL CORP
1812,1795139,GTBIF,Green Thumb Industries Inc.
1813,1575828,XPRO,EXPRO GROUP HOLDINGS N.V.
1814,1781755,BWIN,"Baldwin Insurance Group, Inc."
1815,56978,KLIC,KULICKE & SOFFA INDUSTRIES INC
1816,894405,ARCB,ARCBEST CORP /DE/
1817,76605,PATK,PATRICK INDUSTRIES INC
1818,1773427,SWTX,"SpringWorks Therapeutics, Inc."
1819,1340243,MOR,MorphoSys AG
1820,1854587,CLBT,Cellebrite DI Ltd.
1821,1275214,CSQ,CALAMOS STRATEGIC TOTAL RETURN FUND
1822,1083839,NAD,Nuveen Quality Municipal Income Fund
1823,46195,BOH,BANK OF HAWAII CORP
1824,1028918,PPBI,PACIFIC PREMIER BANCORP INC
1825,886744,GERN,GERON CORP
1826,1522540,MQ,"Marqeta, Inc."
1827,1386716,SBLK,Star Bulk Carriers Corp.
1828,2230,ADX,"ADAMS DIVERSIFIED EQUITY FUND, INC."
1829,1877787,ZGN,Ermenegildo Zegna N.V.
1830,1494259,CARG,"CarGurus, Inc."
1831,90498,SFNC,SIMMONS FIRST NATIONAL CORP
1832,1834622,HAYW,"Hayward Holdings, Inc."
1833,1565687,INTA,"Intapp, Inc."
1834,1362004,ICFI,"ICF International, Inc."
1835,1522727,USAC,"USA Compression Partners, LP"
1836,1041803,PSMT,PRICESMART INC
1837,1385280,CNK,"Cinemark Holdings, Inc."
1838,1958140,BATRA,"Atlanta Braves Holdings, Inc."
1839,1997859,WBTN,WEBTOON Entertainment Inc.
1840,1969373,VTMX,"Vesta Real Estate Corporation, S.A.B. de C.V."
1841,39899,TGNA,TEGNA INC
1842,1037676,ARCH,"ARCH RESOURCES, INC."
1843,1819994,RKLB,"Rocket Lab USA, Inc."
1844,1828318,ENVX,Enovix Corp
1845,1381640,MLCO,Melco Resorts & Entertainment LTD
1846,99780,TRN,TRINITY INDUSTRIES INC
1847,1551306,PGNY,"Progyny, Inc."
1848,1858257,AVDX,"AvidXchange Holdings, Inc."
1849,73756,OII,OCEANEERING INTERNATIONAL INC
1850,1029145,GOGL,Golden Ocean Group Ltd
1851,1615903,IFS,Intercorp Financial Services Inc.
1852,1692787,KNTK,Kinetik Holdings Inc.
1853,19745,CPK,CHESAPEAKE UTILITIES CORP
1854,1782170,RELY,"Remitly Global, Inc."
1855,1815442,KYMR,"Kymera Therapeutics, Inc."
1856,776901,INDB,INDEPENDENT BANK CORP
1857,1295401,TBBK,"Bancorp, Inc."
1858,1679688,DBRG,"DigitalBridge Group, Inc."
1859,925261,AKO-A,ANDINA BOTTLING CO INC
1860,814453,NWL,NEWELL BRANDS INC.
1861,1085869,PRFT,PERFICIENT INC
1862,895419,WOLF,"WOLFSPEED, INC."
1863,1090116,NVG,Nuveen AMT-Free Municipal Credit Income Fund
1864,1563411,CSTM,CONSTELLIUM SE
1865,1834488,NABL,"N-able, Inc."
1866,1543726,NHNKY,Nihon Kohden Corporation/ADR
1867,1603145,NEP,"NEXTERA ENERGY PARTNERS, LP"
1868,913760,SNEX,StoneX Group Inc.
1869,1379438,EXG,Eaton Vance Tax-Managed Global Diversified Equity Income Fund
1870,107140,WLY,"JOHN WILEY & SONS, INC."
1871,1071438,BAK,BRASKEM SA
1872,1509991,KOS,Kosmos Energy Ltd.
1873,1576427,CRTO,Criteo S.A.
1874,1827090,CERT,"Certara, Inc."
1875,1039065,OSIS,OSI SYSTEMS INC
1876,1441683,APPN,APPIAN CORP
1877,1809987,MIR,"Mirion Technologies, Inc."
1878,215466,CDE,"Coeur Mining, Inc."
1879,1591587,AMK,"AssetMark Financial Holdings, Inc."
1880,887359,VCEL,Vericel Corp
1881,1101215,BFH,"BREAD FINANCIAL HOLDINGS, INC."
1882,899923,MYGN,MYRIAD GENETICS INC
1883,1569345,CXM,"Sprinklr, Inc."
1884,1070081,PTCT,"PTC THERAPEUTICS, INC."
1885,1601072,AY,Atlantica Sustainable Infrastructure plc
1886,1921963,ATMU,Atmus Filtration Technologies Inc.
1887,708955,FFBC,FIRST FINANCIAL BANCORP /OH/
1888,1579877,OUT,OUTFRONT Media Inc.
1889,914156,UFPT,UFP TECHNOLOGIES INC
1890,1329394,SIMO,Silicon Motion Technology CORP
1891,1526520,TRIP,"TripAdvisor, Inc."
1892,1504764,AVAL,Grupo Aval Acciones Y Valores S.A.
1893,1345016,YELP,YELP INC
1894,1611547,UE,Urban Edge Properties
1895,744218,CLDX,"Celldex Therapeutics, Inc."
1896,1652130,NTLA,"Intellia Therapeutics, Inc."
1897,1834048,ASAI,Sendas Distributor S.A.
1898,1726978,GSHD,"Goosehead Insurance, Inc."
1899,1841156,PAY,"Paymentus Holdings, Inc."
1900,108516,WOR,"WORTHINGTON ENTERPRISES, INC."
1901,1560327,RPD,"Rapid7, Inc."
1902,1420800,ENOV,Enovis CORP
1903,8947,AZZ,AZZ INC
1904,1534675,TGLS,Tecnoglass Inc.
1905,1650132,FCPT,"Four Corners Property Trust, Inc."
1906,1745999,BEAM,Beam Therapeutics Inc.
1907,1210677,FA,FIRST ADVANTAGE CORP
1908,1530804,TROX,Tronox Holdings plc
1909,1253986,ABR,ARBOR REALTY TRUST INC
1910,1328237,DBC,Invesco DB Commodity Index Tracking Fund
1911,917520,IART,INTEGRA LIFESCIENCES HOLDINGS CORP
1912,1376139,CVI,CVR ENERGY INC
1913,913059,BBAR,Banco BBVA Argentina S.A.
1914,700923,MYRG,MYR GROUP INC.
1915,850209,FL,"FOOT LOCKER, INC."
1916,1906324,QDEL,QuidelOrtho Corp
1917,1580670,LGIH,"LGI Homes, Inc."
1918,912562,ROCK,"GIBRALTAR INDUSTRIES, INC."
1919,103145,VECO,VEECO INSTRUMENTS INC
1920,1104657,MTRN,MATERION Corp
1921,1356570,WNS,WNS (HOLDINGS) LTD
1922,730708,SBCF,SEACOAST BANKING CORP OF FLORIDA
1923,1647639,UPST,"Upstart Holdings, Inc."
1924,1750,AIR,AAR CORP
1925,82020,USLM,UNITED STATES LIME & MINERALS INC
1926,1581760,LIF,"Life360, Inc."
1927,1216583,JPC,Nuveen Preferred & Income Opportunities Fund
1928,1425205,IOVA,"IOVANCE BIOTHERAPEUTICS, INC."
1929,84748,ROG,ROGERS CORP
1930,1455633,PEGRY,Pennon Group Plc / ADR
1931,876167,PRGS,PROGRESS SOFTWARE CORP /MA
1932,1362988,AYR,Aircastle LTD
1933,912766,LAUR,"LAUREATE EDUCATION, INC."
1934,1178970,PFS,PROVIDENT FINANCIAL SERVICES INC
1935,48287,HNI,HNI CORP
1936,1022408,PLUS,EPLUS INC
1937,1334933,UEC,URANIUM ENERGY CORP
1938,1137887,NZF,Nuveen Municipal Credit Income Fund
1939,1759655,PRVA,"Privia Health Group, Inc."
1940,2015955,CUB,Lionheart Holdings
1941,1721947,JAMF,Jamf Holding Corp.
1942,712534,FRME,FIRST MERCHANTS CORP
1943,1280263,AMBA,AMBARELLA INC
1944,1051512,TDS,TELEPHONE & DATA SYSTEMS INC /DE/
1945,1767042,KGS,"Kodiak Gas Services, Inc."
1946,1817713,JANX,"Janux Therapeutics, Inc."
1947,1576018,SPNT,SiriusPoint Ltd
1948,1756655,ARDT,"Ardent Health Partners, Inc."
1949,790359,NBTB,NBT BANCORP INC
1950,793074,WERN,WERNER ENTERPRISES INC
1951,1793659,RSI,"Rush Street Interactive, Inc."
1952,109177,SPB,"Spectrum Brands Holdings, Inc."
1953,1853717,ATAT,Atour Lifestyle Holdings Ltd
1954,1628908,EVH,"Evolent Health, Inc."
1955,1262976,CMPR,CIMPRESS plc
1956,1974138,NATL,NCR Atleos Corp
1957,1527508,PTVE,Pactiv Evergreen Inc.
1958,1629019,MBIN,Merchants Bancorp
1959,1801368,MP,MP Materials Corp. / DE
1960,1819516,UP,Wheels Up Experience Inc.
1961,1083446,ASTH,"Astrana Health, Inc."
1962,1275617,UTF,COHEN & STEERS INFRASTRUCTURE FUND INC
1963,1287032,PSEC,PROSPECT CAPITAL CORP
1964,1203464,IAG,IAMGOLD CORP
1965,1564618,IBTX,"Independent Bank Group, Inc."
1966,1366868,GSAT,"Globalstar, Inc."
1967,887733,CENT,CENTRAL GARDEN & PET CO
1968,1853513,MCW,"Mister Car Wash, Inc."
1969,1000694,NVAX,NOVAVAX INC
1970,1839439,PYCR,"PAYCOR HCM, INC."
1971,1263994,UTG,REAVES UTILITY INCOME FUND
1972,1601830,RXRX,"RECURSION PHARMACEUTICALS, INC."
1973,1084048,ZD,"ZIFF DAVIS, INC."
1974,1110452,AFLYY,AIR FRANCE-KLM /FI
1975,1723128,AMRX,"Amneal Pharmaceuticals, Inc."
1976,1169770,BANC,"BANC OF CALIFORNIA, INC."
1977,1770787,TXG,"10x Genomics, Inc."
1978,885639,KSS,KOHLS Corp
1979,1965040,FTRE,Fortrea Holdings Inc.
1980,1265131,HTH,Hilltop Holdings Inc.
1981,46250,HWKN,HAWKINS INC
1982,1875444,ARHS,"Arhaus, Inc."
1983,1670541,ADNT,Adient plc
1984,1991792,CGON,"CG Oncology, Inc."
1985,1406666,CALX,"CALIX, INC"
1986,1580560,FLYW,Flywire Corp
1987,1377121,PTGX,"Protagonist Therapeutics, Inc"
1988,1761312,PLMR,"Palomar Holdings, Inc."
1989,885740,SPNS,SAPIENS INTERNATIONAL CORP N V
1990,1116942,TTMI,TTM TECHNOLOGIES INC
1991,1570187,OSTIY,Osterreichische Post AG ADR
1992,920112,HTLF,HEARTLAND FINANCIAL USA INC
1993,845877,AGM,FEDERAL AGRICULTURAL MORTGAGE CORP
1994,1907085,ODD,Oddity Tech Ltd
1995,1563190,COMP,"Compass, Inc."
1996,1419945,TNK,TEEKAY TANKERS LTD.
1997,897077,ALG,ALAMO GROUP INC
1998,1559865,EVTC,"EVERTEC, Inc."
1999,1281895,RCKT,"ROCKET PHARMACEUTICALS, INC."
2000,1616318,VSTO,Vista Outdoor Inc.
2001,899629,AKR,ACADIA REALTY TRUST
2002,816956,CNMD,CONMED Corp
2003,1142750,AMN,AMN HEALTHCARE SERVICES INC
2004,6955,EPAC,ENERPAC TOOL GROUP CORP
2005,1853145,EVCM,EverCommerce Inc.
2006,1649749,FBK,FB Financial Corp
2007,923796,GEO,GEO GROUP INC
2008,1978867,CDLR,Cadeler A/S
2009,9984,B,BARNES GROUP INC
2010,1060822,CRI,CARTERS INC
2011,2006191,LION,Lionsgate Studios Corp.
2012,1620393,NXRT,"NexPoint Residential Trust, Inc."
2013,1941365,MBC,"MasterBrand, Inc."
2014,1468328,ADUS,Addus HomeCare Corp
2015,1275014,UCTT,"Ultra Clean Holdings, Inc."
2016,1340736,ETY,Eaton Vance Tax-Managed Diversified Equity Income Fund
2017,1030469,OFG,OFG BANCORP
2018,1632790,ENR,"ENERGIZER HOLDINGS, INC."
2019,310354,SXI,STANDEX INTERNATIONAL CORP/DE/
2020,1846832,DLO,dLocal Ltd
2021,1526125,GDS,GDS Holdings Ltd
2022,1495932,EXPI,"EXP World Holdings, Inc."
2023,891024,PDCO,"PATTERSON COMPANIES, INC."
2024,1835591,VZIO,Vizio Holding Corp.
2025,1190935,PTY,PIMCO CORPORATE & INCOME OPPORTUNITY FUND
2026,1845097,AMBP,Ardagh Metal Packaging S.A.
2027,1654126,ZIM,ZIM Integrated Shipping Services Ltd.
2028,1804745,DRVN,Driven Brands Holdings Inc.
2029,1595974,MGNI,"MAGNITE, INC."
2030,88941,SMTC,SEMTECH CORP
2031,1845257,LFST,"LifeStance Health Group, Inc."
2032,1517375,SPT,"Sprout Social, Inc."
2033,1756607,EQX,Equinox Gold Corp.
2034,1724965,TALO,TALOS ENERGY INC.
2035,1866175,CRGY,Crescent Energy Co
2036,1295810,SHO,"Sunstone Hotel Investors, Inc."
2037,70866,VYX,NCR Voyix Corp
2038,1166388,VRNT,VERINT SYSTEMS INC
2039,1995807,LB,LandBridge Co LLC
2040,1823306,LSPD,Lightspeed Commerce Inc.
2041,98677,TR,TOOTSIE ROLL INDUSTRIES INC
2042,36146,TRMK,TRUSTMARK CORP
2043,1144800,TAC,TRANSALTA CORP
2044,888746,CCU,UNITED BREWERIES CO INC
2045,1831840,SEMR,"SEMrush Holdings, Inc."
2046,1369568,CPRX,"CATALYST PHARMACEUTICALS, INC."
2047,1260729,GDV,GABELLI DIVIDEND & INCOME TRUST
2048,66382,MLKN,"MILLERKNOLL, INC."
2049,1823239,MRVI,"MARAVAI LIFESCIENCES HOLDINGS, INC."
2050,1539638,TFIN,"Triumph Financial, Inc."
2051,715072,RNST,RENASANT CORP
2052,1649313,BWLP,BW LPG Ltd
2053,1735707,GTX,Garrett Motion Inc.
2054,1888447,EE,"Excelerate Energy, Inc."
2055,803649,EQC,Equity Commonwealth
2056,69633,NSSC,"NAPCO SECURITY TECHNOLOGIES, INC"
2057,1888886,GPCR,Structure Therapeutics Inc.
2058,1577916,PINC,"Premier, Inc."
2059,946673,BANR,BANNER CORP
2060,1792849,HPK,"HighPeak Energy, Inc."
2061,1845815,PAYO,Payoneer Global Inc.
2062,1612720,NEXT,NextDecade Corp.
2063,797721,VSAT,VIASAT INC
2064,97134,TNC,TENNANT CO
2065,1049521,MRCY,MERCURY SYSTEMS INC
2066,1878848,IREN,Iris Energy Ltd
2067,1865782,BTSG,"BrightSpring Health Services, Inc."
2068,1710072,EWTX,"Edgewise Therapeutics, Inc."
2069,1526113,GNL,"Global Net Lease, Inc."
2070,1820144,GRND,Grindr Inc.
2071,1754195,TCNNF,Trulieve Cannabis Corp.
2072,1529864,ENVA,"Enova International, Inc."
2073,718937,STAA,STAAR SURGICAL CO
2074,1158463,JBLU,JETBLUE AIRWAYS CORP
2075,1848763,RNW,ReNew Energy Global plc
2076,94344,STC,STEWART INFORMATION SERVICES CORP
2077,1508478,ARCO,Arcos Dorados Holdings Inc.
2078,733269,RAMP,"LiveRamp Holdings, Inc."
2079,94049,SCL,STEPAN CO
2080,1819796,GCMG,GCM Grosvenor Inc.
2081,1655759,ARVN,"ARVINAS, INC."
2082,1645113,NVCR,NovoCure Ltd
2083,1777921,AVPT,"AvePoint, Inc."
2084,1530238,YY,JOYY Inc.
2085,1636639,FIHL,Fidelis Insurance Holdings Ltd
2086,1320695,THS,"TreeHouse Foods, Inc."
2087,885245,BKE,BUCKLE INC
2088,1158895,LMAT,LEMAITRE VASCULAR INC
2089,1669811,DFIN,"Donnelley Financial Solutions, Inc."
2090,1853860,ERO,Ero Copper Corp.
2091,1839839,JBI,"Janus International Group, Inc."
2092,1297184,AMPH,"Amphastar Pharmaceuticals, Inc."
2093,1488813,CUBI,"Customers Bancorp, Inc."
2094,203596,WSBC,WESBANCO INC
2095,887596,CAKE,CHEESECAKE FACTORY INC
2096,1317833,AQPW,"Golden Ally Lifetech Group, Inc."
2097,1047335,NHC,NATIONAL HEALTHCARE CORP
2098,1568100,PD,"PagerDuty, Inc."
2099,1739942,SWI,SolarWinds Corp
2100,1712184,LILA,Liberty Latin America Ltd.
2101,1289848,HURN,Huron Consulting Group Inc.
2102,1380936,GOF,GUGGENHEIM STRATEGIC OPPORTUNITIES FUND
2103,1532173,KOZAY,Koza Altin Isletmeleri A.S./ADR
2104,1339605,HEES,"H&E Equipment Services, Inc."
2105,1508655,TSLX,"Sixth Street Specialty Lending, Inc."
2106,1462120,LOB,"Live Oak Bancshares, Inc."
2107,1395942,KAR,"OPENLANE, Inc."
2108,1968915,PHIN,PHINIA INC.
2109,1771515,GO,Grocery Outlet Holding Corp.
2110,1424929,FOXF,FOX FACTORY HOLDING CORP
2111,1395937,SNDX,Syndax Pharmaceuticals Inc
2112,1632127,CABO,"Cable One, Inc."
2113,1096752,EPC,EDGEWELL PERSONAL CARE Co
2114,1922641,ENLT,Enlight Renewable Energy Ltd.
2115,1025835,EFSC,ENTERPRISE FINANCIAL SERVICES CORP
2116,1468091,VEON,VEON Ltd.
2117,1504776,WRBY,Warby Parker Inc.
2118,1840572,BOWL,Bowlero Corp.
2119,105418,WMK,WEIS MARKETS INC
2120,55242,KMT,KENNAMETAL INC
2121,1839341,CORZ,"Core Scientific, Inc./tx"
2122,1288469,MXL,"MAXLINEAR, INC"
2123,1730430,KNSA,"Kiniksa Pharmaceuticals International, plc"
2124,1671927,IMCR,Immunocore Holdings plc
2125,1077183,NEO,NEOGENOMICS INC
2126,1632970,AHR,"American Healthcare REIT, Inc."
2127,1822492,HLMN,Hillman Solutions Corp.
2128,1331284,DHT,"DHT Holdings, Inc."
2129,1830081,RUM,Rumble Inc.
2130,1534281,MBUMY,"Mabuchi Motor Co., Ltd./ADR"
2131,1704292,ZLAB,Zai Lab Ltd
2132,1552797,DKL,"Delek Logistics Partners, LP"
2133,866829,HLX,HELIX ENERGY SOLUTIONS GROUP INC
2134,59440,VGR,VECTOR GROUP LTD
2135,1825570,PAX,Patria Investments Ltd
2136,1289877,SFL,SFL Corp Ltd.
2137,1500217,AAT,"American Assets Trust, Inc."
2138,799195,USA,LIBERTY ALL STAR EQUITY FUND
2139,1850270,PROK,PROKIDNEY CORP.
2140,1819989,CIFR,Cipher Mining Inc.
2141,1831828,VERA,"Vera Therapeutics, Inc."
2142,1885522,NMRA,"Neumora Therapeutics, Inc."
2143,766829,SJW,SJW GROUP
2144,876883,STGW,Stagwell Inc
2145,1043509,SAH,SONIC AUTOMOTIVE INC
2146,1744659,AKRO,"Akero Therapeutics, Inc."
2147,1802665,HRMY,"Harmony Biosciences Holdings, Inc."
2148,1359841,HBI,Hanesbrands Inc.
2149,1595761,WB,WEIBO Corp
2150,1111485,RXST,"RxSight, Inc."
2151,1759425,MIRM,"Mirum Pharmaceuticals, Inc."
2152,1717161,CEPU,CENTRAL PUERTO S.A.
2153,1952073,MSGE,Madison Square Garden Entertainment Corp.
2154,1723596,CLBK,"Columbia Financial, Inc."
2155,1593275,HG,"Hamilton Insurance Group, Ltd."
2156,708821,PAR,PAR TECHNOLOGY CORP
2157,929351,LGF-A,LIONS GATE ENTERTAINMENT CORP /CN/
2158,1857154,DNUT,"Krispy Kreme, Inc."
2159,1093691,PLUG,PLUG POWER INC
2160,1657312,VRNA,Verona Pharma plc
2161,1145986,ASPN,ASPEN AEROGELS INC
2162,1878057,SGHC,Super Group (SGHC) Ltd
2163,1083301,WULF,TERAWULF INC.
2164,1980088,MNR,MACH NATURAL RESOURCES LP
2165,886163,LGND,LIGAND PHARMACEUTICALS INC
2166,1411579,AMC,"AMC ENTERTAINMENT HOLDINGS, INC."
2167,1384101,VCYT,"VERACYTE, INC."
2168,814083,CLM,CORNERSTONE STRATEGIC VALUE FUND INC
2169,933036,UPBD,"UPBOUND GROUP, INC."
2170,721994,LKFN,LAKELAND FINANCIAL CORP
2171,1832466,ALHC,"Alignment Healthcare, Inc."
2172,1968487,WS,"Worthington Steel, Inc."
2173,1078271,EXTR,EXTREME NETWORKS INC
2174,1496919,MRRTY,MARFRIG GLOBAL FOODS S.A.
2175,1653242,NTB,Bank of N.T. Butterfield & Son Ltd
2176,1834494,MLNK,"MeridianLink, Inc."
2177,1307748,IVT,InvenTrust Properties Corp.
2178,1782524,MSDL,Morgan Stanley Direct Lending Fund
2179,812801,NUV,NUVEEN MUNICIPAL VALUE FUND INC
2180,821026,ANDE,"Andersons, Inc."
2181,1664710,KROS,"Keros Therapeutics, Inc."
2182,726854,CHCO,CITY HOLDING CO
2183,1807427,OBDE,Blue Owl Capital Corp III
2184,804116,RVT,"ROYCE SMALL-CAP TRUST, INC."
2185,1050377,CNXN,PC CONNECTION INC
2186,1801169,OPEN,Opendoor Technologies Inc.
2187,1421876,GLPG,GALAPAGOS NV
2188,1345126,CODI,Compass Diversified Holdings
2189,1758488,OSW,ONESPAWORLD HOLDINGS Ltd
2190,57131,LZB,LA-Z-BOY INC
2191,1298946,DRH,DiamondRock Hospitality Co
2192,1308648,AG,FIRST MAJESTIC SILVER CORP
2193,835011,MGPI,MGP INGREDIENTS INC
2194,1981599,CTRI,"Centuri Holdings, Inc."
2195,1253327,EVT,EATON VANCE TAX ADVANTAGED DIVIDEND INCOME FUND
2196,1864843,ECAT,BlackRock ESG Capital Allocation Term Trust
2197,1293613,KYN,"Kayne Anderson Energy Infrastructure Fund, Inc."
2198,354707,HE,HAWAIIAN ELECTRIC INDUSTRIES INC
2199,1022321,GEL,GENESIS ENERGY LP
2200,1964789,HUT,Hut 8 Corp.
2201,1538379,IBTA,"Ibotta, Inc."
2202,812074,OI,"O-I Glass, Inc. /DE/"
2203,1503584,CMRE,Costamare Inc.
2204,1825155,TIXT,TELUS International (Cda) Inc.
2205,1484565,SLNO,SOLENO THERAPEUTICS INC
2206,1471265,NWBI,"Northwest Bancshares, Inc."
2207,1809541,BCAT,BlackRock Capital Allocation Term Trust
2208,1824920,IONQ,"IonQ, Inc."
2209,1656081,DAVA,Endava plc
2210,1314727,SONO,Sonos Inc
2211,1593538,NAVI,NAVIENT CORP
2212,1842718,IAS,INTEGRAL AD SCIENCE HOLDING CORP.
2213,1657788,KRP,"Kimbell Royalty Partners, LP"
2214,1475841,NBHC,National Bank Holdings Corp
2215,810136,PLAB,PHOTRONICS INC
2216,835324,SYBT,"Stock Yards Bancorp, Inc."
2217,1063259,DNN,DENISON MINES CORP.
2218,26780,DAN,DANA INC
2219,712537,FCF,FIRST COMMONWEALTH FINANCIAL CORP /PA/
2220,800166,NGD,New Gold Inc. /FI
2221,1777835,PWP,Perella Weinberg Partners
2222,18654,AILIH,Ameren Illinois Co
2223,1434614,SAND,SANDSTORM GOLD LTD
2224,883237,VRTS,"VIRTUS INVESTMENT PARTNERS, INC."
2225,1407623,ROIC,RETAIL OPPORTUNITY INVESTMENTS CORP
2226,102752,VSEC,VSE CORP
2227,1484515,CARCY,China Resources Cement Holdings Limited/ADR/
2228,1589526,BLBD,Blue Bird Corp
2229,1517175,CHEF,"Chefs' Warehouse, Inc."
2230,1596993,LPG,DORIAN LPG LTD.
2231,1572694,GSBD,"Goldman Sachs BDC, Inc."
2232,1715497,BORR,Borr Drilling Ltd
2233,1936258,NAMS,NewAmsterdam Pharma Co N.V.
2234,1293135,VET,VERMILION ENERGY INC.
2235,751978,VICR,VICOR CORP
2236,1052752,GTY,GETTY REALTY CORP /MD/
2237,1546417,BLMN,"Bloomin' Brands, Inc."
2238,80420,POWL,POWELL INDUSTRIES INC
2239,1785971,BMEZ,BlackRock Health Sciences Term Trust
2240,1474098,PEB,Pebblebrook Hotel Trust
2241,1488139,AMRC,"Ameresco, Inc."
2242,1412558,EVO,Evotec SE
2243,912093,VIAV,VIAVI SOLUTIONS INC.
2244,1587523,KN,Knowles Corp
2245,58492,LEG,LEGGETT & PLATT INC
2246,107687,WGO,WINNEBAGO INDUSTRIES INC
2247,1369241,DAC,Danaos Corp
2248,1157842,RQI,COHEN & STEERS QUALITY INCOME REALTY FUND INC
2249,1653477,NGVT,Ingevity Corp
2250,1884082,PSNY,Polestar Automotive Holding UK PLC
2251,1820721,ARRY,"Array Technologies, Inc."
2252,1601548,VVX,"V2X, Inc."
2253,28823,DBD,"DIEBOLD NIXDORF, Inc"
2254,1836057,BIGZ,BlackRock Innovation & Growth Term Trust
2255,949039,DO,"DIAMOND OFFSHORE DRILLING, INC."
2256,1074952,NAC,Nuveen California Quality Municipal Income Fund
2257,1532961,NVEE,"NV5 Global, Inc."
2258,1070985,CXW,"CoreCivic, Inc."
2259,26058,CTS,CTS CORP
2260,880631,WT,"WisdomTree, Inc."
2261,907471,CASH,"PATHWARD FINANCIAL, INC."
2262,811589,FBNC,FIRST BANCORP /NC/
2263,1579733,VITL,"Vital Farms, Inc."
2264,1490978,SDGR,"Schrodinger, Inc."
2265,1967649,VSTS,Vestis Corp
2266,1356576,SUPN,"SUPERNUS PHARMACEUTICALS, INC."
2267,719220,STBA,S&T BANCORP INC
2268,1871130,BBUC,Brookfield Business Corp
2269,1357450,HOLI,"Hollysys Automation Technologies, Ltd."
2270,99614,TY,TRI-CONTINENTAL CORP
2271,794685,GAB,GABELLI EQUITY TRUST INC
2272,1761612,BCYC,BICYCLE THERAPEUTICS PLC
2273,1482512,HPP,"Hudson Pacific Properties, Inc."
2274,1795250,SPHR,Sphere Entertainment Co.
2275,1406587,FOR,Forestar Group Inc.
2276,887905,LTC,LTC PROPERTIES INC
2277,1840856,SOUN,"SOUNDHOUND AI, INC."
2278,924901,VRE,"Veris Residential, Inc."
2279,903129,THRM,GENTHERM Inc
2280,1736946,ARLO,"Arlo Technologies, Inc."
2281,1095651,SAFE,Safehold Inc.
2282,314489,BUSE,FIRST BUSEY CORP /NV/
2283,899460,MNKD,MANNKIND CORP
2284,1830043,BMBL,Bumble Inc.
2285,789460,WKC,WORLD KINECT CORP
2286,1528129,VTLE,"Vital Energy, Inc."
2287,1322436,ETV,Eaton Vance Tax-Managed Buy-Write Opportunities Fund
2288,1527590,RC,Ready Capital Corp
2289,1050825,SCS,STEELCASE INC
2290,1771007,AFYA,Afya Ltd
2291,1422143,KURA,"Kura Oncology, Inc."
2292,310522,FNMA,FEDERAL NATIONAL MORTGAGE ASSOCIATION FANNIE MAE
2293,1691421,LMND,"Lemonade, Inc."
2294,1636282,SYRE,"Spyre Therapeutics, Inc."
2295,1731348,TLRY,"Tilray Brands, Inc."
2296,1128361,HOPE,HOPE BANCORP INC
2297,1046568,PRDO,PERDOCEO EDUCATION Corp
2298,1477449,TDOC,"Teladoc Health, Inc."
2299,75288,OXM,OXFORD INDUSTRIES INC
2300,21535,COHU,COHU INC
2301,1467760,ARI,"Apollo Commercial Real Estate Finance, Inc."
2302,1577670,LADR,Ladder Capital Corp
2303,1267395,AHL-PC,ASPEN INSURANCE HOLDINGS LTD
2304,1898496,GETY,"Getty Images Holdings, Inc."
2305,1860543,CDRE,"Cadre Holdings, Inc."
2306,1627475,UPWK,"UPWORK, INC"
2307,703604,DSGR,"Distribution Solutions Group, Inc."
2308,1883313,SVV,"Savers Value Village, Inc."
2309,356171,TCBK,TRICO BANCSHARES /
2310,1012477,AVDL,AVADEL PHARMACEUTICALS PLC
2311,1824502,ACHR,Archer Aviation Inc.
2312,1982518,SDHC,Smith Douglas Homes Corp.
2313,1616000,XHR,"Xenia Hotels & Resorts, Inc."
2314,1350653,ATEC,"Alphatec Holdings, Inc."
2315,1341335,FSM,FORTUNA MINING CORP.
2316,1599617,DNOW,DNOW Inc.
2317,811596,KALU,KAISER ALUMINUM CORP
2318,1024795,HLIO,"HELIOS TECHNOLOGIES, INC."
2319,882796,BCRX,BIOCRYST PHARMACEUTICALS INC
2320,1899123,BTDR,Bitdeer Technologies Group
2321,1645070,STER,Sterling Check Corp.
2322,1332283,BDJ,BlackRock Enhanced Equity Dividend Trust
2323,923120,GBX,GREENBRIER COMPANIES INC
2324,1519449,SKWD,"Skyward Specialty Insurance Group, Inc."
2325,920822,OUTKY,OUTOKUMPU OY /FI
2326,1725255,AHCO,AdaptHealth Corp.
2327,863436,BHE,BENCHMARK ELECTRONICS INC
2328,1174850,NIC,NICOLET BANKSHARES INC
2329,1578732,MMI,"Marcus & Millichap, Inc."
2330,34782,SRCE,1ST SOURCE CORP
2331,1733998,NWN,Northwest Natural Holding Co
2332,1415921,NMM,Navios Maritime Partners L.P.
2333,1798618,PDO,PIMCO Dynamic Income Opportunities Fund
2334,18926,LUMN,"Lumen Technologies, Inc."
2335,1511337,RLJ,RLJ Lodging Trust
2336,1332349,BKD,Brookdale Senior Living Inc.
2337,1898795,LVWR,"LiveWire Group, Inc."
2338,800240,ODP,ODP Corp
2339,1654795,BBU,Brookfield Business Partners L.P.
2340,1525769,PLAY,"Dave & Buster's Entertainment, Inc."
2341,1768666,BSTZ,BlackRock Science & Technology Term Trust
2342,1173420,NG,NOVAGOLD RESOURCES INC
2343,1742692,INMD,InMode Ltd.
2344,1495222,OXLC,Oxford Lane Capital Corp.
2345,1689796,JBGS,JBG SMITH Properties
2346,1070235,BB,BLACKBERRY Ltd
2347,1808834,PRG,"PROG Holdings, Inc."
2348,1829864,TASK,"TaskUs, Inc."
2349,1549346,SSTK,"Shutterstock, Inc."
2350,1408100,KW,"Kennedy-Wilson Holdings, Inc."
2351,1997464,MRX,Marex Group plc
2352,104894,ELME,Elme Communities
2353,949157,CENX,CENTURY ALUMINUM CO
2354,102426,STEW,"SRH Total Return Fund, Inc."
2355,1772253,FLNG,Flex LNG Ltd.
2356,1889109,BLTE,"BELITE BIO, INC"
2357,794619,AMWD,AMERICAN WOODMARK CORP
2358,311094,WABC,WESTAMERICA BANCORPORATION
2359,1625297,INDV,INDIVIOR PLC
2360,1414932,OCSL,Oaktree Specialty Lending Corp
2361,1482981,COCO,"Vita Coco Company, Inc."
2362,885978,USPH,U S PHYSICAL THERAPY INC /NV
2363,1770450,XRX,Xerox Holdings Corp
2364,1848416,VRNOF,Verano Holdings Corp.
2365,50493,IMKTA,INGLES MARKETS INC
2366,1419612,SEDG,"SOLAREDGE TECHNOLOGIES, INC."
2367,1473844,STEL,"Stellar Bancorp, Inc."
2368,851310,HLIT,HARMONIC INC
2369,799167,MRTN,MARTEN TRANSPORT LTD
2370,1800347,ETWO,"E2open Parent Holdings, Inc."
2371,1278752,MFIC,MidCap Financial Investment Corp
2372,1371285,TRUP,"TRUPANION, INC."
2373,1549595,NRIX,"Nurix Therapeutics, Inc."
2374,1270523,ETG,EATON VANCE TAX ADVANTAGED GLOBAL DIVIDEND INCOME FUND
2375,1750264,HPH,Highest Performances Holdings Inc.
2376,1120914,PDFS,PDF SOLUTIONS INC
2377,1622194,DEA,"Easterly Government Properties, Inc."
2378,1029142,DVAX,DYNAVAX TECHNOLOGIES CORP
2379,1854640,CGAU,Centerra Gold Inc.
2380,1465740,TWO,TWO HARBORS INVESTMENT CORP.
2381,1856437,VSCO,Victoria's Secret & Co.
2382,6845,APOG,"APOGEE ENTERPRISES, INC."
2383,850141,HMN,HORACE MANN EDUCATORS CORP /DE/
2384,908315,WINA,WINMARK CORP
2385,1691445,FINV,FinVolution Group
2386,1687221,REVG,"REV Group, Inc."
2387,1834489,GENI,Genius Sports Ltd
2388,1819394,MTTR,"Matterport, Inc./DE"
2389,824410,SASR,SANDY SPRING BANCORP INC
2390,1298699,BXMX,Nuveen S&P 500 BuyWrite Income Fund
2391,1222401,HYT,"BLACKROCK CORPORATE HIGH YIELD FUND, INC."
2392,1323468,GLP,GLOBAL PARTNERS LP
2393,1423774,ZUO,ZUORA INC
2394,1138639,INFN,Infinera Corp
2395,1611005,KEN,Kenon Holdings Ltd.
2396,1694426,DK,"Delek US Holdings, Inc."
2397,1674335,JELD,"JELD-WEN Holding, Inc."
2398,1706431,VIR,"Vir Biotechnology, Inc."
2399,1412408,PHR,"Phreesia, Inc."
2400,1756708,JMIA,Jumia Technologies AG
2401,1845337,DAWN,"Day One Biopharmaceuticals, Inc."
2402,1659520,SILV,SilverCrest Metals Inc.
2403,1959348,KLG,WK Kellogg Co
2404,1609804,OEC,Orion S.A.
2405,1770121,SANA,"Sana Biotechnology, Inc."
2406,821483,PARR,"PAR PACIFIC HOLDINGS, INC."
2407,1528437,BTT,BlackRock Municipal 2030 Target Term Trust
2408,1230992,MAG,MAG SILVER CORP
2409,1257640,KRO,KRONOS WORLDWIDE INC
2410,901491,PZZA,PAPA JOHNS INTERNATIONAL INC
2411,77543,TPC,TUTOR PERINI CORP
2412,1639825,PTON,"PELOTON INTERACTIVE, INC."
2413,1498547,CMRF,"CIM REAL ESTATE FINANCE TRUST, INC."
2414,1023024,ANIP,ANI PHARMACEUTICALS INC
2415,1545654,ALEX,"Alexander & Baldwin, Inc."
2416,1724521,RCUS,"Arcus Biosciences, Inc."
2417,1607939,UDMY,"Udemy, Inc."
2418,1666291,CMTG,"Claros Mortgage Trust, Inc."
2419,1332174,GSG,iShares S&P GSCI Commodity-Indexed Trust
2420,945114,GIC,GLOBAL INDUSTRIAL Co
2421,1501570,VBTX,"Veritex Holdings, Inc."
2422,1496099,NMFC,New Mountain Finance Corp
2423,1021162,TGI,TRIUMPH GROUP INC
2424,1713334,MSC,STUDIO CITY INTERNATIONAL HOLDINGS Ltd
2425,1437402,ARDX,"ARDELYX, INC."
2426,926326,OMCL,"OMNICELL, INC."
2427,1848309,SGML,Sigma Lithium Corp
2428,1567925,SILA,"Sila Realty Trust, Inc."
2429,110095,NISUY,NIPPON SUISAN KAISHA LTD /ADR/
2430,930420,KFRC,KFORCE INC
2431,922864,AIV,APARTMENT INVESTMENT & MANAGEMENT CO
2432,1173514,HY,"HYSTER-YALE, INC."
2433,1005757,CSGS,CSG SYSTEMS INTERNATIONAL INC
2434,1078075,NTCT,NETSCOUT SYSTEMS INC
2435,1566388,DSL,DoubleLine Income Solutions Fund
2436,1688757,ESTA,ESTABLISHMENT LABS HOLDINGS INC.
2437,1387467,AOSL,ALPHA & OMEGA SEMICONDUCTOR Ltd
2438,1734713,BV,"BrightView Holdings, Inc."
2439,1857475,DOLE,Dole plc
2440,99302,TRNS,TRANSCAT INC
2441,1880319,PRM,"Perimeter Solutions, SA"
2442,907242,MCRI,MONARCH CASINO & RESORT INC
2443,907254,BFS,"SAUL CENTERS, INC."
2444,1693256,WTTR,"Select Water Solutions, Inc."
2445,1616533,SGH,"SMART Global Holdings, Inc."
2446,916789,HELE,HELEN OF TROY LTD
2447,912892,TV,"GRUPO TELEVISA, S.A.B."
2448,1342338,HIMX,"Himax Technologies, Inc."
2449,1847584,WKME,WalkMe Ltd.
2450,1828962,CRCT,"Cricut, Inc."
2451,1124105,GYRE,"GYRE THERAPEUTICS, INC."
2452,921557,RBCAA,REPUBLIC BANCORP INC /KY/
2453,836157,LNN,LINDSAY CORP
2454,1559053,PRTA,PROTHENA CORP PUBLIC LTD CO
2455,1286139,LZ,"LEGALZOOM.COM, INC."
2456,14707,CAL,CALERES INC
2457,1680062,ACMR,"ACM Research, Inc."
2458,1832168,LBPH,"Longboard Pharmaceuticals, Inc."
2459,1833835,PSFE,Paysafe Ltd
2460,1683606,CARS,Cars.com Inc.
2461,1803696,ADEA,Adeia Inc.
2462,1597033,SABR,Sabre Corp
2463,102037,UVV,UNIVERSAL CORP /VA/
2464,1809196,IMTX,Immatics N.V.
2465,1702750,BY,"BYLINE BANCORP, INC."
2466,1812364,RLAY,"Relay Therapeutics, Inc."
2467,1768259,GOTU,Gaotu Techedu Inc.
2468,1231346,SA,SEABRIDGE GOLD INC
2469,1172052,SAFT,SAFETY INSURANCE GROUP INC
2470,1835972,AILE,"iLearningEngines, Inc."
2471,1798100,NTST,NETSTREIT Corp.
2472,1393434,OCUL,"OCULAR THERAPEUTIX, INC"
2473,1053706,CRAI,"CRA INTERNATIONAL, INC."
2474,1605607,PGRE,"Paramount Group, Inc."
2475,1616678,BST,BlackRock Science & Technology Trust
2476,1868726,OLPX,"OLAPLEX HOLDINGS, INC."
2477,18748,CET,CENTRAL SECURITIES CORP
2478,1464423,PMT,PennyMac Mortgage Investment Trust
2479,1746618,RVLV,"Revolve Group, Inc."
2480,1045986,FORTY,FORMULA SYSTEMS (1985) LTD
2481,1704720,CNNE,"Cannae Holdings, Inc."
2482,912463,GES,GUESS INC
2483,1625278,NRDS,"NERDWALLET, INC."
2484,1172358,DMLP,"DORCHESTER MINERALS, L.P."
2485,1568194,FSCO,FS Credit Opportunities Corp.
2486,75252,OMI,OWENS & MINOR INC/VA/
2487,1439095,MRC,MRC GLOBAL INC.
2488,890541,BLX,"FOREIGN TRADE BANK OF LATIN AMERICA, INC."
2489,1793663,VTEX,VTEX
2490,1673504,AGLY,Atlantis Glory Inc.
2491,1326732,XNCR,Xencor Inc
2492,752642,UMH,"UMH PROPERTIES, INC."
2493,1879016,IE,Ivanhoe Electric Inc.
2494,742278,RES,RPC INC
2495,1652535,ICHR,"ICHOR HOLDINGS, LTD."
2496,1409493,CIM,CHIMERA INVESTMENT CORP
2497,1608741,QQQX,Nuveen NASDAQ 100 Dynamic Overwrite Fund
2498,40417,GAM,GENERAL AMERICAN INVESTORS CO INC
2499,1705110,ANGI,Angi Inc.
2500,821002,GIII,G III APPAREL GROUP LTD /DE/
2501,1776661,ADV,Advantage Solutions Inc.
2502,3499,ALX,ALEXANDERS INC
2503,1680056,ORLA,Orla Mining Ltd.
2504,918965,SCSC,"SCANSOURCE, INC."
2505,1005210,SPH,SUBURBAN PROPANE PARTNERS LP
2506,906465,QCRH,QCR HOLDINGS INC
2507,78814,PBI,PITNEY BOWES INC /DE/
2508,714395,GABC,"GERMAN AMERICAN BANCORP, INC."
2509,1537054,GOGO,Gogo Inc.
2510,1524741,SLCA,"U.S. SILICA HOLDINGS, INC."
2511,1891101,BRCC,BRC Inc.
2512,1610601,MOMO,Hello Group Inc.
2513,1881487,ACDC,ProFrac Holding Corp.
2514,1108134,BHLB,BERKSHIRE HILLS BANCORP INC
2515,1409970,LC,LendingClub Corp
2516,1260563,NFJ,"Virtus Dividend, Interest & Premium Strategy Fund"
2517,1709682,CTOS,"Custom Truck One Source, Inc."
2518,1657853,HTZ,"HERTZ GLOBAL HOLDINGS, INC"
2519,1739566,UTZ,"Utz Brands, Inc."
2520,17313,CSWC,CAPITAL SOUTHWEST CORP
2521,1581804,NVGS,Navigator Holdings Ltd.
2522,1789972,CGEM,"Cullinan Therapeutics, Inc."
2523,1171486,NRP,NATURAL RESOURCE PARTNERS LP
2524,1787306,ARQT,"Arcutis Biotherapeutics, Inc."
2525,1323885,ATRC,"AtriCure, Inc."
2526,1830033,PCT,"PureCycle Technologies, Inc."
2527,784199,AORT,"ARTIVION, INC."
2528,1368458,SBH,"Sally Beauty Holdings, Inc."
2529,357294,HOV,HOVNANIAN ENTERPRISES INC
2530,880117,JBSS,SANFILIPPO JOHN B & SON INC
2531,1266585,NMZ,NUVEEN MUNICIPAL HIGH INCOME OPPORTUNITY FUND
2532,1055160,MFA,"MFA FINANCIAL, INC."
2533,1180262,HLF,HERBALIFE LTD.
2534,318300,PEBO,PEOPLES BANCORP INC
2535,1512920,SII,SPROTT INC.
2536,1276533,JFR,NUVEEN FLOATING RATE INCOME FUND
2537,1308208,ULH,"UNIVERSAL LOGISTICS HOLDINGS, INC."
2538,110471,WWW,WOLVERINE WORLD WIDE INC /DE/
2539,1829959,DCBO,Docebo Inc.
2540,1857816,GCT,GigaCloud Technology Inc
2541,2013745,CLMT,"Calumet, Inc. /DE"
2542,1379041,EIG,"Employers Holdings, Inc."
2543,1651562,COUR,"Coursera, Inc."
2544,1579214,EEX,"Emerald Holding, Inc."
2545,1492165,PFBC,Preferred Bank
2546,1711375,LOMA,Loma Negra Compania Industrial Argentina Sociedad Anonima
2547,1392972,PRO,"PROS Holdings, Inc."
2548,1084961,ECPG,ENCORE CAPITAL GROUP INC
2549,1747172,KBDC,"Kayne Anderson BDC, Inc."
2550,1516912,OBK,"Origin Bancorp, Inc."
2551,1840502,TBLA,Taboola.com Ltd.
2552,1672619,ELVN,"Enliven Therapeutics, Inc."
2553,1562528,FBRT,"Franklin BSP Realty Trust, Inc."
2554,1708035,ECVT,Ecovyst Inc.
2555,1846576,FIGS,"FIGS, Inc."
2556,1846069,KIND,"Nextdoor Holdings, Inc."
2557,1831651,SHLS,"Shoals Technologies Group, Inc."
2558,1849056,OKLO,Oklo Inc.
2559,1692412,PLYA,Playa Hotels & Resorts N.V.
2560,1047340,FDP,FRESH DEL MONTE PRODUCE INC
2561,1422930,PUBM,"PubMatic, Inc."
2562,1477641,DQ,DAQO NEW ENERGY CORP.
2563,1730463,AUTL,Autolus Therapeutics plc
2564,1816736,IRON,"Disc Medicine, Inc."
2565,1812477,BITF,Bitfarms Ltd
2566,1222922,EVV,EATON VANCE LTD DURATION INCOME FUND
2567,1308335,EOS,Eaton Vance Enhanced Equity Income Fund II
2568,66004,MSEX,MIDDLESEX WATER CO
2569,895447,SCVL,SHOE CARNIVAL INC
2570,1489096,THR,"Thermon Group Holdings, Inc."
2571,1788882,ROOT,"Root, Inc."
2572,842633,TRS,TRIMAS CORP
2573,1690511,GOOS,Canada Goose Holdings Inc.
2574,1862461,REAX,Real Brokerage Inc
2575,1376339,MDXG,"MIMEDX GROUP, INC."
2576,1821159,EVGO,EVgo Inc.
2577,1850235,HEPS,D-MARKET Electronic Services & Trading
2578,1411342,EFC,Ellington Financial Inc.
2579,1846510,SHCO,Soho House & Co Inc.
2580,798359,CSR,CENTERSPACE
2581,1567569,FPF,First Trust Intermediate Duration Preferred & Income Fund
2582,1856031,SEAT,Vivid Seats Inc.
2583,1428205,ARR,"Armour Residential REIT, Inc."
2584,1080014,INVA,"Innoviva, Inc."
2585,1515816,PLYM,"Plymouth Industrial REIT, Inc."
2586,1267565,COLL,"COLLEGIUM PHARMACEUTICAL, INC"
2587,1005229,CMCO,COLUMBUS MCKINNON CORP
2588,1863127,TYRA,"Tyra Biosciences, Inc."
2589,1841968,PX,"P10, Inc."
2590,1847903,CNTA,Centessa Pharmaceuticals plc
2591,1793882,PTA,Cohen & Steers Tax-Advantaged Preferred Securities & Income Fund
2592,1517413,FSLY,"Fastly, Inc."
2593,1277866,EXK,ENDEAVOUR SILVER CORP
2594,1828102,KARO,Karooooo Ltd.
2595,807882,JACK,JACK IN THE BOX INC
2596,1851112,RSKD,RISKIFIED LTD.
2597,354963,SHEN,SHENANDOAH TELECOMMUNICATIONS CO/VA/
2598,1883085,PGY,Pagaya Technologies Ltd.
2599,921638,SSRM,SSR MINING INC.
2600,1643615,MEG,"Montrose Environmental Group, Inc."
2601,1446847,IRWD,IRONWOOD PHARMACEUTICALS INC
2602,1841925,INDI,"indie Semiconductor, Inc."
2603,27996,DLX,DELUXE CORP
2604,1423221,NX,Quanex Building Products CORP
2605,1995306,HDL,SUPER HI INTERNATIONAL HOLDING LTD.
2606,1395213,EDN,EDENOR
2607,1397702,SILK,Silk Road Medical Inc
2608,1479615,SLN,Silence Therapeutics plc
2609,1835256,NAPA,"Duckhorn Portfolio, Inc."
2610,1379785,BBDC,"Barings BDC, Inc."
2611,1737450,OPRA,Opera Ltd
2612,880807,AMSC,AMERICAN SUPERCONDUCTOR CORP /DE/
2613,1769731,AMTD,AMTD IDEA GROUP
2614,42682,GRC,GORMAN RUPP CO
2615,1569187,AHH,"Armada Hoffler Properties, Inc."
2616,3197,CECO,CECO ENVIRONMENTAL CORP
2617,1655050,BCSF,"Bain Capital Specialty Finance, Inc."
2618,1639877,GSM,Ferroglobe PLC
2619,1309402,GPRE,Green Plains Inc.
2620,1710155,EYE,"National Vision Holdings, Inc."
2621,1865631,NN,NEXTNAV INC.
2622,100591,AGX,ARGAN INC
2623,1117297,QNST,"QUINSTREET, INC"
2624,1004702,OCFC,OCEANFIRST FINANCIAL CORP
2625,1481513,JKS,"JinkoSolar Holding Co., Ltd."
2626,1525221,VTOL,Bristow Group Inc.
2627,1606498,AVNS,"AVANOS MEDICAL, INC."
2628,1301787,BXC,BlueLinx Holdings Inc.
2629,1873331,PGRU,PROPERTYGURU GROUP LTD
2630,915840,BZH,BEAZER HOMES USA INC
2631,1799983,GB,Global Blue Group Holding AG
2632,1958086,CLB,Core Laboratories Inc. /DE/
2633,1375877,CSIQ,Canadian Solar Inc.
2634,1017480,HIBB,HIBBETT INC
2635,834365,BLFS,BIOLIFE SOLUTIONS INC
2636,1051004,MUC,"BLACKROCK MUNIHOLDINGS CALIFORNIA QUALITY FUND, INC."
2637,1964954,ECO,Okeanis Eco Tankers Corp.
2638,1899883,FIP,FTAI Infrastructure Inc.
2639,1124804,MDRX,Veradigm Inc.
2640,7323,EAI,"ENTERGY ARKANSAS, LLC"
2641,1580808,ATEN,"A10 Networks, Inc."
2642,1819133,TNGX,"Tango Therapeutics, Inc."
2643,1042776,PDM,"Piedmont Office Realty Trust, Inc."
2644,1224450,RNP,COHEN & STEERS REIT & PREFERRED & INCOME FUND INC
2645,894081,ATSG,"Air Transport Services Group, Inc."
2646,1756908,PDX,PIMCO Dynamic Income Strategy Fund
2647,1795579,CALT,Calliditas Therapeutics AB
2648,1819790,TARS,"Tarsus Pharmaceuticals, Inc."
2649,1625101,PLSE,"PULSE BIOSCIENCES, INC."
2650,1866550,TWKS,"Thoughtworks Holding, Inc."
2651,1261654,UTI,UNIVERSAL TECHNICAL INSTITUTE INC
2652,1013605,PDS,PRECISION DRILLING Corp
2653,1671858,SPRY,"ARS Pharmaceuticals, Inc."
2654,879526,WNC,WABASH NATIONAL Corp
2655,1493683,BBN,BlackRock Taxable Municipal Bond Trust
2656,1709442,FSUN,FIRSTSUN CAPITAL BANCORP
2657,1767258,XPEL,"XPEL, Inc."
2658,1830487,PHVS,Pharvaris N.V.
2659,1866692,AMPL,"Amplitude, Inc."
2660,1822966,SMR,NUSCALE POWER Corp
2661,933267,IRS,IRSA INVESTMENTS & REPRESENTATIONS INC
2662,1370053,ANAB,"ANAPTYSBIO, INC"
2663,745543,PBAJ,"PETRO USA, INC."
2664,1971213,SBGI,"Sinclair, Inc."
2665,1590750,VRDN,"Viridian Therapeutics, Inc.DE"
2666,1843181,NBXG,Neuberger Berman Next Generation Connectivity Fund Inc.
2667,944809,OPK,"OPKO HEALTH, INC."
2668,715787,TILE,INTERFACE INC
2669,930236,RWT,REDWOOD TRUST INC
2670,1217234,CDNA,"CareDx, Inc."
2671,1598428,MTUS,Metallus Inc.
2672,1622229,COGT,"Cogent Biosciences, Inc."
2673,1854401,BRDG,Bridge Investment Group Holdings Inc.
2674,1379384,BTZ,BLACKROCK CREDIT ALLOCATION INCOME TRUST
2675,1828248,CVII,Churchill Capital Corp VII
2676,1818382,HUMA,"Humacyte, Inc."
2677,1845022,BASE,"Couchbase, Inc."
2678,1689548,PRAX,"Praxis Precision Medicines, Inc."
2679,1818383,MAX,"MediaAlpha, Inc."
2680,1000623,MATV,"Mativ Holdings, Inc."
2681,1499505,AGRO,Adecoagro S.A.
2682,705432,SBSI,SOUTHSIDE BANCSHARES INC
2683,1728190,HUYA,HUYA Inc.
2684,799233,HTLD,HEARTLAND EXPRESS INC
2685,1865187,ARIS,"Aris Water Solutions, Inc."
2686,1823608,AMAL,Amalgamated Financial Corp.
2687,1831481,SOC,Sable Offshore Corp.
2688,945394,SVC,Service Properties Trust
2689,1737924,NCDL,Nuveen Churchill Direct Lending Corp.
2690,1876183,IHS,IHS Holding Ltd
2691,351817,SBOW,"SILVERBOW RESOURCES, INC."
2692,1950246,MTAL,Metals Acquisition Ltd
2693,1656472,CRON,Cronos Group Inc.
2694,1067294,CBRL,"CRACKER BARREL OLD COUNTRY STORE, INC"
2695,846617,DCOM,"Dime Community Bancshares, Inc. /NY/"
2696,1005731,IDT,IDT CORP
2697,1713930,NEXA,Nexa Resources S.A.
2698,1345099,MESO,MESOBLAST LTD
2699,1720592,RPAY,Repay Holdings Corp
2700,1936804,SDA,SunCar Technology Group Inc.
2701,1748824,BSIG,BrightSphere Investment Group Inc.
2702,1195739,NRK,NUVEEN NEW YORK AMT-FREE QUALITY MUNICIPAL INCOME FUND
2703,854775,DGII,DIGI INTERNATIONAL INC
2704,755001,UTL,UNITIL CORP
2705,1400810,HCI,"HCI Group, Inc."
2706,1964333,BHRB,Burke & Herbert Financial Services Corp.
2707,805267,HQH,abrdn Healthcare Investors
2708,1382821,RDFN,Redfin Corp
2709,1514705,SXC,"SunCoke Energy, Inc."
2710,1872789,EMBC,Embecta Corp.
2711,921582,IMAX,IMAX CORP
2712,947559,FBMS,FIRST BANCSHARES INC /MS/
2713,1772695,NOVA,Sunnova Energy International Inc.
2714,710752,SBR,SABINE ROYALTY TRUST
2715,1049782,BRKL,BROOKLINE BANCORP INC
2716,30305,DCO,DUCOMMUN INC /DE/
2717,1712189,TH,Target Hospitality Corp.
2718,1293282,TTGT,TechTarget Inc
2719,826675,DX,DYNEX CAPITAL INC
2720,700565,FMBH,"FIRST MID BANCSHARES, INC."
2721,1746109,BFC,Bank First Corp
2722,1018979,AMSF,AMERISAFE INC
2723,1385849,UUUU,ENERGY FUELS INC
2724,1567924,MIESY,"Mitsui E&S Holdings Co., Ltd./ADR"
2725,1185348,PRAA,PRA GROUP INC
2726,946647,PFC,PREMIER FINANCIAL CORP
2727,1743725,GDYN,"GRID DYNAMICS HOLDINGS, INC."
2728,729580,BELFA,BEL FUSE INC /NJ
2729,1396814,PCRX,"Pacira BioSciences, Inc."
2730,1322435,ETW,Eaton Vance Tax-Managed Global Buy-Write Opportunities Fund
2731,902791,BBSI,BARRETT BUSINESS SERVICES INC
2732,1860805,ASTL,Algoma Steel Group Inc.
2733,1544206,CGBD,"Carlyle Secured Lending, Inc."
2734,1370755,TCPC,BlackRock TCP Capital Corp.
2735,1392326,CPLP,Capital Product Partners L.P.
2736,1703141,DESP,"Despegar.com, Corp."
2737,350852,CTBI,COMMUNITY TRUST BANCORP INC /KY/
2738,1095565,HSTM,HEALTHSTREAM INC
2739,1379400,AOD,abrdn Total Dynamic Dividend Fund
2740,1823652,EVEX,"Eve Holding, Inc."
2741,1650648,FDMT,"4D Molecular Therapeutics, Inc."
2742,1441236,CLW,Clearwater Paper Corp
2743,712771,CNOB,"ConnectOne Bancorp, Inc."
2744,1789940,FWRG,"First Watch Restaurant Group, Inc."
2745,1458412,CFB,"CROSSFIRST BANKSHARES, INC."
2746,1669779,CWH,"Camping World Holdings, Inc."
2747,1123134,IMOS,CHIPMOS TECHNOLOGIES INC
2748,1698514,NESR,National Energy Services Reunited Corp.
2749,1762301,FVRR,Fiverr International Ltd.
2750,1829118,TUYA,Tuya Inc.
2751,1703057,ABCL,AbCellera Biologics Inc.
2752,1734342,AMTB,Amerant Bancorp Inc.
2753,1806347,WEST,Westrock Coffee Co
2754,906013,AWF,ALLIANCEBERNSTEIN GLOBAL HIGH INCOME FUND INC
2755,1777393,CHPT,"ChargePoint Holdings, Inc."
2756,1640428,EVER,"EverQuote, Inc."
2757,1620280,UNIT,Uniti Group Inc.
2758,1832332,AVAH,"Aveanna Healthcare Holdings, Inc."
2759,1604522,THQ,abrdn Healthcare Opportunities Fund
2760,1013488,BJRI,BJs RESTAURANTS INC
2761,1071255,GDEN,"GOLDEN ENTERTAINMENT, INC."
2762,1826470,WOOF,"Petco Health & Wellness Company, Inc."
2763,1362468,ALGT,Allegiant Travel CO
2764,1928446,GRNT,"Granite Ridge Resources, Inc."
2765,1171471,CHI,CALAMOS CONVERTIBLE OPPORTUNITIES & INCOME FUND
2766,1680247,PUMP,ProPetro Holding Corp.
2767,1577437,ASC,Ardmore Shipping Corp
2768,1326200,GNK,GENCO SHIPPING & TRADING LTD
2769,1921158,FUFU,Bitfufu Inc.
2770,890196,MQY,"BLACKROCK MUNIYIELD QUALITY FUND, INC."
2771,1232860,MUI,"BLACKROCK MUNICIPAL INCOME FUND, INC."
2772,1818331,WGS,GeneDx Holdings Corp.
2773,1517006,GATO,"Gatos Silver, Inc."
2774,1821160,GHLD,Guild Holdings Co
2775,1819576,LQDA,Liquidia Corp
2776,1490906,CFFN,"Capitol Federal Financial, Inc."
2777,896264,USNA,USANA HEALTH SCIENCES INC
2778,1222719,CHY,CALAMOS CONVERTIBLE & HIGH INCOME FUND
2779,1020859,UNFI,UNITED NATURAL FOODS INC
2780,1430725,GSL,"Global Ship Lease, Inc."
2781,1737927,CGC,Canopy Growth Corp
2782,1766400,PNTG,"Pennant Group, Inc."
2783,2002473,BOW,Bowhead Specialty Holdings Inc.
2784,1418076,SLRC,SLR Investment Corp.
2785,1901279,NYAX,Nayax Ltd.
2786,1443669,PRLB,Proto Labs Inc
2787,1617553,ZIP,"ZIPRECRUITER, INC."
2788,731012,HCSG,HEALTHCARE SERVICES GROUP INC
2789,1005817,TMP,TOMPKINS FINANCIAL CORP
2790,45876,NVRI,ENVIRI Corp
2791,728387,CATX,"Perspective Therapeutics, Inc."
2792,1698991,ACEL,"Accel Entertainment, Inc."
2793,1278895,CII,"BLACKROCK ENHANCED CAPITAL & INCOME FUND, INC."
2794,1360214,HROW,"HARROW, INC."
2795,1591588,AMRK,"A-Mark Precious Metals, Inc."
2796,33934,CRF,CORNERSTONE TOTAL RETURN FUND INC
2797,1717547,BRSP,"BrightSpire Capital, Inc."
2798,1802156,XPOF,"Xponential Fitness, Inc."
2799,63296,MATW,MATTHEWS INTERNATIONAL CORP
2800,1472012,IMNM,Immunome Inc.
2801,1743759,CRSR,"Corsair Gaming, Inc."
2802,1761918,ERAS,"Erasca, Inc."
2803,1750284,OLMA,"Olema Pharmaceuticals, Inc."
2804,866729,SCHL,SCHOLASTIC CORP
2805,1062231,AXL,AMERICAN AXLE & MANUFACTURING HOLDINGS INC
2806,1670076,ULCC,"Frontier Group Holdings, Inc."
2807,1604174,ECC,Eagle Point Credit Co Inc.
2808,1868912,ENFN,"Enfusion, Inc."
2809,1834376,INNV,InnovAge Holding Corp.
2810,1023512,DRD,DRDGOLD LTD
2811,1026214,FMCC,FEDERAL HOME LOAN MORTGAGE CORP
2812,884219,VVI,VIAD CORP
2813,1785173,ETNB,"89bio, Inc."
2814,1421517,ERII,"Energy Recovery, Inc."
2815,1162194,LAB,STANDARD BIOTOOLS INC.
2816,1951089,CRML,Critical Metals Corp.
2817,790816,BDN,BRANDYWINE REALTY TRUST
2818,1677703,CNDT,CONDUENT Inc
2819,1315257,KOP,Koppers Holdings Inc.
2820,108385,WRLD,WORLD ACCEPTANCE CORP
2821,1020710,DXPE,DXP ENTERPRISES INC
2822,1425292,UAN,"CVR PARTNERS, LP"
2823,910612,CBL,CBL & ASSOCIATES PROPERTIES INC
2824,1855747,BLND,"Blend Labs, Inc."
2825,1702780,ATUS,"Altice USA, Inc."
2826,1481582,RYI,Ryerson Holding Corp
2827,1801170,CLOV,"CLOVER HEALTH INVESTMENTS, CORP. /DE"
2828,744187,REX,REX AMERICAN RESOURCES Corp
2829,1826600,MNTK,"Montauk Renewables, Inc."
2830,102212,UVSP,UNIVEST FINANCIAL Corp
2831,1334978,CCO,"Clear Channel Outdoor Holdings, Inc."
2832,1792781,CURV,Torrid Holdings Inc.
2833,1504619,PFLT,PennantPark Floating Rate Capital Ltd.
2834,1075415,DHC,DIVERSIFIED HEALTHCARE TRUST
2835,1831915,CTKB,"Cytek Biosciences, Inc."
2836,1604665,WLKP,Westlake Chemical Partners LP
2837,1809122,CVAC,CureVac N.V.
2838,1868995,CINT,CI&T Inc
2839,1023459,SLP,"Simulations Plus, Inc."
2840,1517399,SUPV,Grupo Supervielle S.A.
2841,55135,KELYA,KELLY SERVICES INC
2842,1616736,ALPC,Alpha Investment Inc.
2843,1000177,NAT,NORDIC AMERICAN TANKERS Ltd
2844,1425450,KIDS,ORTHOPEDIATRICS CORP
2845,701288,ATRI,ATRION CORP
2846,1690585,DNTH,"Dianthus Therapeutics, Inc. /DE/"
2847,1811063,NUVB,Nuvation Bio Inc.
2848,1042729,MBWM,MERCANTILE BANK CORP
2849,1631596,KREF,KKR Real Estate Finance Trust Inc.
2850,859070,FCBC,FIRST COMMUNITY BANKSHARES INC /VA/
2851,8063,ATRO,ASTRONICS CORP
2852,1966494,CRGX,"CARGO Therapeutics, Inc."
2853,1559432,TXO,"TXO Partners, L.P."
2854,911971,TK,TEEKAY CORP
2855,792987,ASTE,ASTEC INDUSTRIES INC
2856,1802974,AVO,"Mission Produce, Inc."
2857,1728688,IIIV,"i3 Verticals, Inc."
2858,61398,TELL,TELLURIAN INC. /DE/
2859,1062822,LXRX,"LEXICON PHARMACEUTICALS, INC."
2860,1597553,SAGE,"Sage Therapeutics, Inc."
2861,1166663,TEN,TSAKOS ENERGY NAVIGATION LTD
2862,1956827,ABVX,Abivax S.A.
2863,1268884,IGR,CBRE GLOBAL REAL ESTATE INCOME FUND
2864,1570562,EOLS,"Evolus, Inc."
2865,1747068,MCBS,"MetroCity Bankshares, Inc."
2866,1600620,AUPH,Aurinia Pharmaceuticals Inc.
2867,1431695,OLO,Olo Inc.
2868,1807846,ML,MONEYLION INC.
2869,1814287,ABL,"Abacus Life, Inc."
2870,1163739,NBR,NABORS INDUSTRIES LTD
2871,775215,HBT,"HBT Financial, Inc."
2872,1819559,WDI,Western Asset Diversified Income Fund (WDI)
2873,1758057,LAZR,"Luminar Technologies, Inc./DE"
2874,1300391,EOI,Eaton Vance Enhanced Equity Income Fund
2875,1979330,NBBK,"NB Bancorp, Inc."
2876,1506289,BCX,BlackRock Resources & Commodities Strategy Trust
2877,1746473,PLRX,"PLIANT THERAPEUTICS, INC."
2878,1590976,MBUU,"MALIBU BOATS, INC."
2879,1069899,PAHC,PHIBRO ANIMAL HEALTH CORP
2880,1631574,WVE,Wave Life Sciences Ltd.
2881,1318568,EVRI,Everi Holdings Inc.
2882,1046025,HFWA,HERITAGE FINANCIAL CORP /WA/
2883,1759783,EH,EHang Holdings Ltd
2884,1452857,SPLP,STEEL PARTNERS HOLDINGS L.P.
2885,1794338,IGIC,International General Insurance Holdings Ltd.
2886,1623526,STOK,"Stoke Therapeutics, Inc."
2887,1821769,NVTS,Navitas Semiconductor Corp
2888,1630472,TRTX,"TPG RE Finance Trust, Inc."
2889,357173,OSBC,OLD SECOND BANCORP INC
2890,1227476,JQC,Nuveen Credit Strategies Income Fund
2891,95029,RGR,STURM RUGER & CO INC
2892,2012593,RAPP,"Rapport Therapeutics, Inc."
2893,858655,HAYN,HAYNES INTERNATIONAL INC
2894,1922446,DEC,Diversified Energy Co PLC
2895,1094366,RDWR,RADWARE LTD
2896,1788399,DLY,DoubleLine Yield Opportunities Fund
2897,924822,MLR,MILLER INDUSTRIES INC /TN/
2898,883412,MYI,"BLACKROCK MUNIYIELD QUALITY FUND III, INC."
2899,1144879,APLD,Applied Digital Corp.
2900,1796280,ORIC,"Oric Pharmaceuticals, Inc."
2901,1828791,DSP,Viant Technology Inc.
2902,1657573,XMTR,"Xometry, Inc."
2903,1219360,PHK,PIMCO HIGH INCOME FUND
2904,896156,ETD,ETHAN ALLEN INTERIORS INC
2905,1538849,CAPL,CrossAmerica Partners LP
2906,1160308,SVRA,Savara Inc
2907,854560,GSBC,"GREAT SOUTHERN BANCORP, INC."
2908,1438533,TVTX,"Travere Therapeutics, Inc."
2909,1944558,VTS,"Vitesse Energy, Inc."
2910,1304492,ATEX,Anterix Inc.
2911,1988776,MRNO,Murano Global Investments Plc
2912,1176984,EIM,EATON VANCE MUNICIPAL BOND FUND
2913,1937653,ZYME,Zymeworks Inc.
2914,1823794,ARKO,ARKO Corp.
2915,1727196,SRRK,Scholar Rock Holding Corp
2916,1676163,SSII,"SS Innovations International, Inc."
2917,1625791,KRNT,Kornit Digital Ltd.
2918,1786108,TRIN,Trinity Capital Inc.
2919,1160990,PCN,PIMCO CORPORATE & INCOME STRATEGY FUND
2920,1631569,CHCT,Community Healthcare Trust Inc
2921,1447028,ABUS,Arbutus Biopharma Corp
2922,1700849,VADP,Vado Corp.
2923,1260041,HTD,JOHN HANCOCK TAX-ADVANTAGED DIVIDEND INCOME FUND
2924,1438231,DMRC,Digimarc CORP
2925,1778114,AIO,Virtus Artificial Intelligence & Technology Opportunities Fund
2926,1673985,ASIX,AdvanSix Inc.
2927,876427,MNRO,"MONRO, INC."
2928,1579684,GCI,"Gannett Co., Inc."
2929,1500881,EU,enCore Energy Corp.
2930,1175535,WSR,Whitestone REIT
2931,1174164,FFC,Flaherty & Crumrine PREFERRED & INCOME SECURITIES FUND INC
2932,1964504,ARMN,Aris Mining Corp
2933,1085913,FMCB,FARMERS & MERCHANTS BANCORP
2934,1794783,SLQT,"SelectQuote, Inc."
2935,1520504,VLRS,"Controladora Vuela Compania de Aviacion, S.A.B. de C.V."
2936,894627,EGY,VAALCO ENERGY INC /DE/
2937,1609151,WEAV,"Weave Communications, Inc."
2938,1861795,DH,Definitive Healthcare Corp.
2939,1806201,LPRO,Open Lending Corp
2940,1434621,TREE,"LendingTree, Inc."
2941,1655099,RA,Brookfield Real Assets Income Fund Inc.
2942,1057060,HZO,MARINEMAX INC
2943,1606163,LMB,"Limbach Holdings, Inc."
2944,1642122,AC,"Associated Capital Group, Inc."
2945,1459839,SIBN,"SI-BONE, Inc."
2946,883618,NXP,NUVEEN SELECT TAX FREE INCOME PORTFOLIO
2947,1794350,YALA,Yalla Group Ltd
2948,1845437,NPWR,NET Power Inc.
2949,1842279,OPAL,OPAL Fuels Inc.
2950,1050441,EGBN,EAGLE BANCORP INC
2951,1437958,CCB,COASTAL FINANCIAL CORP
2952,1066605,HSII,HEIDRICK & STRUGGLES INTERNATIONAL INC
2953,1855066,MEGI,MainStay CBRE Global Infrastructure Megatrends Term Fund
2954,1092796,SWBI,"SMITH & WESSON BRANDS, INC."
2955,39311,IBCP,INDEPENDENT BANK CORP /MI/
2956,1065059,LEU,CENTRUS ENERGY CORP
2957,1614178,YEXT,"Yext, Inc."
2958,1633336,CCAP,"Crescent Capital BDC, Inc."
2959,1490281,GRPN,"Groupon, Inc."
2960,1783183,PHAT,"Phathom Pharmaceuticals, Inc."
2961,790500,FAX,"ABRDN ASIA-PACIFIC INCOME FUND, INC."
2962,1847367,ALMS,ALUMIS INC.
2963,93389,SMP,"STANDARD MOTOR PRODUCTS, INC."
2964,1828723,AMPS,"Altus Power, Inc."
2965,1531978,FNA,"Paragon 28, Inc."
2966,1904856,EFXT,Enerflex Ltd.
2967,71829,NR,NEWPARK RESOURCES INC
2968,877422,SPTN,SpartanNash Co
2969,701347,CPF,CENTRAL PACIFIC FINANCIAL CORP
2970,1453015,BLDP,Ballard Power Systems Inc.
2971,1894562,PRME,"Prime Medicine, Inc."
2972,915779,DAKT,DAKTRONICS INC /SD/
2973,1962918,SLRN,"ACELYRIN, Inc."
2974,1668243,URGN,UroGen Pharma Ltd.
2975,1034957,CRESY,CRESUD INC
2976,1831979,SDST,Stardust Power Inc.
2977,706129,HBNC,HORIZON BANCORP INC /IN/
2978,1868279,AVBP,"ArriVent BioPharma, Inc."
2979,1886878,PAXS,PIMCO Access Income Fund
2980,1393726,TIPT,TIPTREE INC.
2981,1836833,PL,Planet Labs PBC
2982,1496323,IGMS,"IGM Biosciences, Inc."
2983,1683695,IMXI,"International Money Express, Inc."
2984,1010086,SIGA,SIGA TECHNOLOGIES INC
2985,1708055,RBBN,Ribbon Communications Inc.
2986,1057379,HCKT,"HACKETT GROUP, INC."
2987,1737953,REPL,"Replimune Group, Inc."
2988,1933414,MLYS,"Mineralys Therapeutics, Inc."
2989,928658,CVLG,"COVENANT LOGISTICS GROUP, INC."
2990,1957146,EXTO,Almacenes Exito S.A.
2991,1674930,FLGT,"Fulgent Genetics, Inc."
2992,1172222,HA,HAWAIIAN HOLDINGS INC
2993,910406,HAIN,HAIN CELESTIAL GROUP INC
2994,1556739,THRY,"Thryv Holdings, Inc."
2995,1687187,METC,"Ramaco Resources, Inc."
2996,1713748,SKE,Skeena Resources Ltd
2997,884152,VMO,Invesco Municipal Opportunity Trust
2998,1383082,DBA,INVESCO DB AGRICULTURE FUND
2999,1865408,EXAI,Exscientia plc
3000,1853138,AACT,Ares Acquisition Corp II
3001,1340677,SVM,SILVERCORP METALS INC
3002,1769484,BIOX,Bioceres Crop Solutions Corp.
3003,1468666,SCWX,SecureWorks Corp
3004,917100,IFN,"INDIA FUND, INC."
3005,1756699,TIGR,UP Fintech Holding Ltd
3006,1590877,RGNX,REGENXBIO Inc.
3007,1320375,BOE,BlackRock Enhanced Global Dividend Trust
3008,1497645,INN,"Summit Hotel Properties, Inc."
3009,1823144,CMPO,"CompoSecure, Inc."
3010,1534254,CION,CION Investment Corp
3011,1944057,CLCO,COOL Co LTD.
3012,1436208,LEGH,Legacy Housing Corp
3013,357301,TRST,TRUSTCO BANK CORP N Y
3014,912728,FWRD,FORWARD AIR CORP
3015,1830214,DNA,"Ginkgo Bioworks Holdings, Inc."
3016,1809691,HKD,AMTD Digital Inc.
3017,1816581,OUST,"Ouster, Inc."
3018,1372020,GLDD,Great Lakes Dredge & Dock CORP
3019,1831631,LDI,"loanDepot, Inc."
3020,1290677,TPB,"Turning Point Brands, Inc."
3021,1059386,VVR,Invesco Senior Income Trust
3022,893949,MD,"Pediatrix Medical Group, Inc."
3023,764401,IIIN,INSTEEL INDUSTRIES INC
3024,1743907,SNCY,"Sun Country Airlines Holdings, Inc."
3025,878518,TGB,TASEKO MINES LTD
3026,1235468,LQDT,LIQUIDITY SERVICES INC
3027,1348911,KALV,"KalVista Pharmaceuticals, Inc."
3028,1278027,BGS,"B&G Foods, Inc."
3029,1291733,GOLLQ,Gol Intelligent Airlines Inc.
3030,1454789,ATXS,"Astria Therapeutics, Inc."
3031,925683,BTO,JOHN HANCOCK FINANCIAL OPPORTUNITIES FUND
3032,1603454,CELC,Celcuity Inc.
3033,1084201,SVA,SINOVAC BIOTECH LTD
3034,1053352,HTBK,HERITAGE COMMERCE CORP
3035,1517396,SSYS,STRATASYS LTD.
3036,1504461,NGL,NGL Energy Partners LP
3037,1668673,PETQ,"PetIQ, Inc."
3038,1626450,BIGC,"BigCommerce Holdings, Inc."
3039,1524931,CHUY,"CHUY'S HOLDINGS, INC."
3040,1840574,VERV,"Verve Therapeutics, Inc."
3041,80035,PLPC,PREFORMED LINE PRODUCTS CO
3042,1799207,AUNA,AUNA S.A.
3043,1383441,NIE,Virtus Equity & Convertible Income Fund
3044,1768224,ARCT,Arcturus Therapeutics Holdings Inc.
3045,1533615,GMRE,Global Medical REIT Inc.
3046,1843586,OTLY,Oatly Group AB
3047,1624322,BFST,"Business First Bancshares, Inc."
3048,1081834,KUBR,Kuber Resources Corp
3049,1837686,VMEO,"Vimeo, Inc."
3050,1793129,NDMO,Nuveen Dynamic Municipal Opportunities Fund
3051,1653087,ALEC,"Alector, Inc."
3052,1367644,EBS,Emergent BioSolutions Inc.
3053,1692376,VEL,"Velocity Financial, Inc."
3054,1823587,SKYH,Sky Harbour Group Corp
3055,1847590,BWMN,Bowman Consulting Group Ltd.
3056,1313510,GGN,"GAMCO Global Gold, Natural Resources & Income Trust"
3057,43196,GTN,GRAY TELEVISION INC
3058,783412,DJCO,DAILY JOURNAL CORP
3059,1958217,LZM,Lifezone Metals Ltd
3060,1687926,ZUUS,"ZEUUS, INC."
3061,1602584,CCD,Calamos Dynamic Convertible & Income Fund
3062,1001614,REPX,"Riley Exploration Permian, Inc."
3063,1813814,MNMD,Mind Medicine (MindMed) Inc.
3064,1109242,HAFC,HANMI FINANCIAL CORP
3065,1879248,ADSE,Ads-Tec Energy Public Ltd Co
3066,1737287,ALLO,"Allogene Therapeutics, Inc."
3067,1945711,LVRO,Lavoro Ltd
3068,1528115,ANNX,"Annexon, Inc."
3069,1275168,FSBC,FIVE STAR BANCORP
3070,1227500,EQBK,EQUITY BANCSHARES INC
3071,1034665,MHD,"BLACKROCK MUNIHOLDINGS FUND, INC."
3072,1478320,ADPT,Adaptive Biotechnologies Corp
3073,1712463,PACK,Ranpak Holdings Corp.
3074,826154,ORRF,ORRSTOWN FINANCIAL SERVICES INC
3075,351834,STKL,SunOpta Inc.
3076,1795589,KC,Kingsoft Cloud Holdings Ltd
3077,1296250,PFN,PIMCO Income Strategy Fund II
3078,1130713,BYON,"BEYOND, INC."
3079,33002,EBF,"ENNIS, INC."
3080,1273685,NYMT,NEW YORK MORTGAGE TRUST INC
3081,1476034,MCB,Metropolitan Bank Holding Corp.
3082,1513363,FDUS,FIDUS INVESTMENT Corp
3083,1538263,HTBI,"HomeTrust Bancshares, Inc."
3084,1719714,MREO,Mereo BioPharma Group plc
3085,724004,MLAB,MESA LABORATORIES INC /CO/
3086,1595097,CRBP,"Corbus Pharmaceuticals Holdings, Inc."
3087,1871509,PTLO,Portillo's Inc.
3088,1053988,MUJ,"BLACKROCK MUNIHOLDINGS NEW JERSEY QUALITY FUND, INC."
3089,1832928,CRLBF,Cresco Labs Inc.
3090,1766600,SNDL,SNDL Inc.
3091,899751,TWI,TITAN INTERNATIONAL INC
3092,1070524,GCBC,GREENE COUNTY BANCORP INC
3093,1855129,GHRS,GH Research PLC
3094,884624,OFIX,Orthofix Medical Inc.
3095,853180,VSLAX,Invesco Senior Loan Fund
3096,1434316,FATE,FATE THERAPEUTICS INC
3097,704562,CDMO,"Avid Bioservices, Inc."
3098,1966983,LAC,LITHIUM AMERICAS CORP.
3099,1772177,KRUS,"KURA SUSHI USA, INC."
3100,216851,PEO,"ADAMS NATURAL RESOURCES FUND, INC."
3101,1434754,SB,"SAFE BULKERS, INC."
3102,1697532,APLT,"Applied Therapeutics, Inc."
3103,1084869,FLWS,1 800 FLOWERS COM INC
3104,1195738,NKX,NUVEEN CALIFORNIA AMT-FREE QUALITY MUNICIPAL INCOME FUND
3105,1774342,NMCO,Nuveen Municipal Credit Opportunities Fund
3106,1726173,BH-A,Biglari Holdings Inc.
3107,60714,LXU,"LSB INDUSTRIES, INC."
3108,1855474,AIRJ,Montana Technologies Corp.
3109,1758021,KRT,Karat Packaging Inc.
3110,1234006,GOOD,GLADSTONE COMMERCIAL CORP
3111,1769617,HONE,"HarborOne Bancorp, Inc."
3112,1374690,LRMR,"Larimar Therapeutics, Inc."
3113,1488775,CEM,ClearBridge MLP & Midstream Fund Inc.
3114,1395325,ETJ,Eaton Vance Risk-Managed Diversified Equity Income Fund
3115,1514416,BAND,Bandwidth Inc.
3116,924717,SRDX,SURMODICS INC
3117,1277575,SCGX,SAXON CAPITAL GROUP INC
3118,1826286,VINP,Vinci Partners Investments Ltd.
3119,1681622,VREX,Varex Imaging Corp
3120,1325618,IRMD,IRADIMED CORP
3121,1799567,DDI,"DoubleDown Interactive Co., Ltd."
3122,1124796,LASR,"NLIGHT, INC."
3123,1810019,RXT,"Rackspace Technology, Inc."
3124,1368265,CLNE,Clean Energy Fuels Corp.
3125,1861737,HSAI,Hesai Group
3126,1788257,BWMX,"BETTERWARE DE MEXICO, S.A.P.I. DE C.V"
3127,1689375,TRDA,"Entrada Therapeutics, Inc."
3128,732417,HBIA,HILLS BANCORPORATION
3129,108985,YORW,YORK WATER CO
3130,1700844,EVOH,EvoAir Holdings Inc.
3131,796505,CLFD,"Clearfield, Inc."
3132,1876588,ZIMV,ZimVie Inc.
3133,1160864,BHK,BLACKROCK CORE BOND TRUST
3134,1127703,PRA,PROASSURANCE CORP
3135,1606757,KE,"Kimball Electronics, Inc."
3136,70487,NRC,NATIONAL RESEARCH CORP
3137,855886,PDT,JOHN HANCOCK PREMIUM DIVIDEND FUND
3138,916907,SMBC,"SOUTHERN MISSOURI BANCORP, INC."
3139,1808865,ITOS,"iTeos Therapeutics, Inc."
3140,1838615,ALTI,"AlTi Global, Inc."
3141,807863,MITK,MITEK SYSTEMS INC
3142,1287213,PLOW,"DOUGLAS DYNAMICS, INC"
3143,798783,UHT,UNIVERSAL HEALTH REALTY INCOME TRUST
3144,874501,AMBC,AMBAC FINANCIAL GROUP INC
3145,1831363,TERN,"Terns Pharmaceuticals, Inc."
3146,1069530,SAVA,CASSAVA SCIENCES INC
3147,844059,FRPH,"FRP HOLDINGS, INC."
3148,1828316,PHAR,Pharming Group N.V.
3149,1548717,LDP,"Cohen & Steers Ltd Duration Preferred & Income Fund, Inc."
3150,1768446,ELYM,"Eliem Therapeutics, Inc."
3151,1503274,QTRX,Quanterix Corp
3152,750686,CAC,CAMDEN NATIONAL CORP
3153,885601,IIM,Invesco Value Municipal Income Trust
3154,1837821,ZJYL,Jin Medical International Ltd.
3155,1314966,BME,BlackRock Health Sciences Trust
3156,1879373,GTI,GRAPHJET TECHNOLOGY
3157,1518621,ORC,"Orchid Island Capital, Inc."
3158,1227862,EMD,WESTERN ASSET EMERGING MARKETS DEBT FUND INC.
3159,1835597,PEPG,PepGen Inc.
3160,1042893,DRQ,DRIL-QUIP INC
3161,886043,MMU,WESTERN ASSET MANAGED MUNICIPALS FUND INC.
3162,1591670,FPI,Farmland Partners Inc.
3163,1747079,BALY,Bally's Corp
3164,891166,UVE,"UNIVERSAL INSURANCE HOLDINGS, INC."
3165,876779,MGIC,MAGIC SOFTWARE ENTERPRISES LTD
3166,72573,MOV,MOVADO GROUP INC
3167,1170299,PML,PIMCO MUNICIPAL INCOME FUND II
3168,1697500,SOI,"Solaris Oilfield Infrastructure, Inc."
3169,1512499,LIND,"LINDBLAD EXPEDITIONS HOLDINGS, INC."
3170,791963,OPY,OPPENHEIMER HOLDINGS INC
3171,799288,LE,"LANDS' END, INC."
3172,726601,CCBG,CAPITAL CITY BANK GROUP INC
3173,1815776,LENZ,"LENZ Therapeutics, Inc."
3174,1466026,MSBI,"Midland States Bancorp, Inc."
3175,1404644,NGNE,Neurogene Inc.
3176,934549,ACTG,ACACIA RESEARCH CORP
3177,1843973,FLYX,FLYEXCLUSIVE INC.
3178,1334388,OBE,OBSIDIAN ENERGY LTD.
3179,1393299,BGY,BlackRock Enhanced International Dividend Trust
3180,1722964,YMAB,"Y-mAbs Therapeutics, Inc."
3181,709337,FMNB,FARMERS NATIONAL BANC CORP /OH/
3182,737468,WASH,WASHINGTON TRUST BANCORP INC
3183,1508475,VNET,"VNET Group, Inc."
3184,1547459,NGVC,"Natural Grocers by Vitamin Cottage, Inc."
3185,80172,NPK,NATIONAL PRESTO INDUSTRIES INC
3186,1471420,STK,"Columbia Seligman Premium Technology Growth Fund, Inc."
3187,1861974,ECX,ECARX Holdings Inc.
3188,1846253,OABI,"OmniAb, Inc."
3189,1493225,NFBK,"Northfield Bancorp, Inc."
3190,1108109,CYH,COMMUNITY HEALTH SYSTEMS INC
3191,1680581,FULC,"Fulcrum Therapeutics, Inc."
3192,1562818,BIT,BlackRock Multi-Sector Income Trust
3193,1447362,CSTL,CASTLE BIOSCIENCES INC
3194,1805385,EVLV,"Evolv Technologies Holdings, Inc."
3195,101199,UFCS,UNITED FIRE GROUP INC
3196,1163668,SPFI,"SOUTH PLAINS FINANCIAL, INC."
3197,876523,EZPW,EZCORP INC
3198,1855175,CTNM,"Contineum Therapeutics, Inc."
3199,880892,VGM,Invesco Trust for Investment Grade Municipals
3200,708781,CASS,CASS INFORMATION SYSTEMS INC
3201,1377630,NCMI,"National CineMedia, Inc."
3202,877463,VKQ,Invesco Municipal Trust
3203,1401521,ACIC,AMERICAN COASTAL INSURANCE Corp
3204,917470,ZEUS,OLYMPIC STEEL INC
3205,1856236,EWCZ,"European Wax Center, Inc."
3206,1464591,GPRK,GeoPark Ltd
3207,886206,FC,FRANKLIN COVEY CO
3208,69488,MYE,MYERS INDUSTRIES INC
3209,49754,DIN,"Dine Brands Global, Inc."
3210,1842731,SMWB,SIMILARWEB LTD.
3211,1855756,LILM,Lilium N.V.
3212,712770,OLP,ONE LIBERTY PROPERTIES INC
3213,1840616,NFGC,New Found Gold Corp.
3214,1576942,SFIX,"Stitch Fix, Inc."
3215,1824814,CGNT,Cognyte Software Ltd.
3216,1495240,LAND,GLADSTONE LAND Corp
3217,1464790,RILY,"B. Riley Financial, Inc."
3218,1810523,FTHY,FIRST TRUST HIGH YIELD OPPORTUNITIES 2027 TERM FUND
3219,1953530,OCS,Oculis Holding AG
3220,1784440,NOTR,Nowtransit Inc
3221,1314052,AVXL,ANAVEX LIFE SCIENCES CORP.
3222,896429,CTLP,"CANTALOUPE, INC."
3223,714562,THFF,FIRST FINANCIAL CORP /IN/
3224,1018164,WLFC,WILLIS LEASE FINANCE CORP
3225,1794776,PSBD,Palmer Square Capital BDC Inc.
3226,1313310,GRVY,"GRAVITY Co., Ltd."
3227,1824403,RSVR,"Reservoir Media, Inc."
3228,1010000,RUPRF,RUPERT RESOURCES LTD
3229,736772,CCNE,CNB FINANCIAL CORP/PA
3230,1317945,OFLX,"Omega Flex, Inc."
3231,1141103,CCRN,CROSS COUNTRY HEALTHCARE INC
3232,1762417,DOYU,DouYu International Holdings Ltd
3233,1546429,BGB,Blackstone Strategic Credit 2027 Term Fund
3234,1304421,CNSL,"Consolidated Communications Holdings, Inc."
3235,1044777,OSPN,OneSpan Inc.
3236,1774170,AIOT,"Powerfleet, Inc."
3237,1333274,MERC,MERCER INTERNATIONAL INC.
3238,910638,DDD,3D SYSTEMS CORP
3239,1517518,EMO,ClearBridge Energy Midstream Opportunity Fund Inc.
3240,1943289,SVCO,"Silvaco Group, Inc."
3241,1337117,ITRN,Ituran Location & Control Ltd.
3242,1368519,NOA,North American Construction Group Ltd.
3243,1782999,PRTC,PureTech Health plc
3244,885125,IQI,Invesco Quality Municipal Income Trust
3245,1040470,AEHR,AEHR TEST SYSTEMS
3246,1997711,LPA,Logistic Properties of the Americas
3247,1966287,GFR,Greenfire Resources Ltd.
3248,1820378,TBLD,Thornburg Income Builder Opportunities Trust
3249,1267902,WIW,WESTERN ASSET INFLATION-LINKED OPPORTUNITIES & INCOME FUND
3250,1782430,STRW,"Strawberry Fields REIT, Inc."
3251,1143513,GLAD,GLADSTONE CAPITAL CORP
3252,1838957,RERE,ATRenew Inc.
3253,717538,AROW,ARROW FINANCIAL CORP
3254,1145604,NIKA,"NIKA PHARMACEUTICALS, INC"
3255,1608742,DIAX,Nuveen Dow 30sm Dynamic Overwrite Fund
3256,1528988,BUI,"BlackRock Utilities, Infrastructure & Power Opportunities Trust"
3257,1475115,EB,"Eventbrite, Inc."
3258,1299130,PACB,"PACIFIC BIOSCIENCES OF CALIFORNIA, INC."
3259,1087786,NXJ,NUVEEN NEW JERSEY QUALITY MUNICIPAL INCOME FUND
3260,1021561,NUS,"NU SKIN ENTERPRISES, INC."
3261,1464343,ATLC,Atlanticus Holdings Corp
3262,1821806,LESL,"Leslie's, Inc."
3263,1499543,NOAH,Noah Holdings Ltd
3264,1321741,GAIN,GLADSTONE INVESTMENT CORPORATIONDE
3265,1864208,GUG,Guggenheim Active Allocation Fund
3266,1836564,VALN,Valneva SE
3267,1705873,BRY,Berry Corp (bry)
3268,1176194,BLE,BLACKROCK MUNICIPAL INCOME TRUST II
3269,319654,PBT,PERMIAN BASIN ROYALTY TRUST
3270,1398987,HOUS,Anywhere Real Estate Inc.
3271,1215913,HPS,JOHN HANCOCK PREFERRED INCOME FUND III
3272,1053584,MCBC,MACATAWA BANK CORP
3273,1051003,DSU,"BLACKROCK DEBT STRATEGIES FUND, INC."
3274,1600626,PKST,Peakstone Realty Trust
3275,96869,TRC,TEJON RANCH CO
3276,59255,VHI,VALHI INC /DE/
3277,1643303,NNDM,Nano Dimension Ltd.
3278,1635977,THW,abrdn World Healthcare Fund
3279,1227654,CMP,COMPASS MINERALS INTERNATIONAL INC
3280,1672688,ABSI,Absci Corp
3281,1630627,TMCI,"TREACE MEDICAL CONCEPTS, INC."
3282,1349436,SD,SANDRIDGE ENERGY INC
3283,895531,VCV,Invesco California Value Municipal Income Trust
3284,1386278,GDOT,GREEN DOT CORP
3285,903651,INOD,INNODATA INC
3286,1287098,MXCT,"MAXCYTE, INC."
3287,1432364,AZUL,AZUL SA
3288,1778129,TSNDF,TerrAscend Corp.
3289,1862044,ZKH,ZKH Group Ltd
3290,912147,RMT,"ROYCE MICRO-CAP TRUST, INC."
3291,743367,BHB,BAR HARBOR BANKSHARES
3292,1554697,GHY,"PGIM Global High Yield Fund, Inc."
3293,1233681,BLW,BLACKROCK Ltd DURATION INCOME TRUST
3294,879361,MYD,"BLACKROCK MUNIYIELD FUND, INC."
3295,912603,RDUS,"RADIUS RECYCLING, INC."
3296,1886190,GGR,Gogoro Inc.
3297,1816233,SHCR,"Sharecare, Inc."
3298,1923840,THRD,"Third Harmonic Bio, Inc."
3299,1819253,BTMD,biote Corp.
3300,1816590,CMPS,COMPASS Pathways plc
3301,1837014,SMRT,"SmartRent, Inc."
3302,1720424,HIVE,HIVE Digital Technologies Ltd.
3303,1795251,NNOX,Nano-X Imaging Ltd.
3304,1056943,PFIS,PEOPLES FINANCIAL SERVICES CORP.
3305,1998768,PAL,"Proficient Auto Logistics, Inc"
3306,1314102,EYPT,"EyePoint Pharmaceuticals, Inc."
3307,1685428,LMDXF,LumiraDx Ltd
3308,1704711,FNKO,"Funko, Inc."
3309,1848731,GLASF,Glass House Brands Inc.
3310,1583107,TBPH,"Theravance Biopharma, Inc."
3311,1803737,EHAB,"Enhabit, Inc."
3312,1440972,LAAC,Lithium Americas (Argentina) Corp.
3313,1050743,PGC,PEAPACK GLADSTONE FINANCIAL CORP
3314,1662991,SEZL,Sezzle Inc.
3315,1848739,GDEV,GDEV Inc.
3316,1640266,VYGR,"Voyager Therapeutics, Inc."
3317,1499849,LND,BrasilAgro - Brazilian Agricultural Real Estate Co
3318,1173489,CEVA,CEVA INC
3319,1793855,ASGI,abrdn Global Infrastructure Income Fund
3320,1699031,GRAL,"GRAIL, Inc."
3321,1665988,BVS,Bioventus Inc.
3322,1574197,FPH,"Five Point Holdings, LLC"
3323,1710350,BTBT,"Bit Digital, Inc"
3324,1038773,SMBK,SMARTFINANCIAL INC.
3325,1221029,CPAC,CEMENTOS PACASMAYO SAA
3326,1531031,ESQ,"Esquire Financial Holdings, Inc."
3327,46129,ALNT,ALLIENT INC
3328,926282,ADTN,"ADTRAN Holdings, Inc."
3329,1734107,SOHU,Sohu.com Ltd
3330,1653558,PRTH,"Priority Technology Holdings, Inc."
3331,818033,HRTX,"HERON THERAPEUTICS, INC. /DE/"
3332,1617242,KRNY,Kearny Financial Corp.
3333,1841408,DAVE,Dave Inc./DE
3334,1895597,ICG,Intchains Group Ltd
3335,65270,MEI,METHODE ELECTRONICS INC
3336,1043337,SRI,STONERIDGE INC
3337,74046,ODC,Oil-Dri Corp of America
3338,1259708,FRA,"BLACKROCK FLOATING RATE INCOME STRATEGIES FUND, INC."
3339,1385613,GLRE,"GREENLIGHT CAPITAL RE, LTD."
3340,712034,ACCO,ACCO BRANDS Corp
3341,1383414,PNNT,PENNANTPARK INVESTMENT CORP
3342,1318008,ZUMZ,Zumiez Inc
3343,1819810,RDW,Redwire Corp
3344,763532,LYTS,LSI INDUSTRIES INC
3345,1514991,AMCX,AMC Networks Inc.
3346,1413837,FFWM,First Foundation Inc.
3347,923139,FFIC,FLUSHING FINANCIAL CORP
3348,314203,MUX,McEwen Mining Inc.
3349,1370450,WLDN,"Willdan Group, Inc."
3350,1787400,NKTX,"Nkarta, Inc."
3351,1501796,AURA,"Aura Biosciences, Inc."
3352,844965,TTI,TETRA TECHNOLOGIES INC
3353,1687932,JILL,"J.Jill, Inc."
3354,1016281,CSV,CARRIAGE SERVICES INC
3355,1437071,IVR,Invesco Mortgage Capital Inc.
3356,1478888,NBB,Nuveen Taxable Municipal Income Fund
3357,63330,MLP,MAUI LAND & PINEAPPLE CO INC
3358,1796073,VZLA,Vizsla Silver Corp.
3359,1653384,RWAY,Runway Growth Finance Corp.
3360,835948,MVF,"BLACKROCK MUNIVEST FUND, INC."
3361,1518557,MMD,MainStay MacKay DefinedTerm Municipal Opportunities Fund
3362,1035092,SHBI,SHORE BANCSHARES INC
3363,1923891,NNE,Nano Nuclear Energy Inc.
3364,31235,KODK,EASTMAN KODAK CO
3365,2023730,GIG,GigCapital7 Corp.
3366,1072379,NWBO,NORTHWEST BIOTHERAPEUTICS INC
3367,1828105,HIPO,Hippo Holdings Inc.
3368,1666071,CDLX,"Cardlytics, Inc."
3369,1806310,TSHA,"Taysha Gene Therapies, Inc."
3370,1874474,ALLG,Allego N.V.
3371,1593548,AGS,"PlayAGS, Inc."
3372,1650664,EDIT,"Editas Medicine, Inc."
3373,1325964,LWLG,"Lightwave Logic, Inc."
3374,1528356,GNE,Genie Energy Ltd.
3375,870780,NQP,NUVEEN PENNSYLVANIA QUALITY MUNICIPAL INCOME FUND
3376,1562051,NML,Neuberger Berman Energy Infrastructure & Income Fund Inc.
3377,1434868,ESPR,"Esperion Therapeutics, Inc."
3378,1506929,VRDR,"VERDE RESOURCES, INC."
3379,1080720,GUT,GABELLI UTILITY TRUST
3380,1636422,HCAT,"Health Catalyst, Inc."
3381,1487952,VPG,"Vishay Precision Group, Inc."
3382,1476045,CLDT,Chatham Lodging Trust
3383,1326190,ALT,"Altimmune, Inc."
3384,800457,DGICA,DONEGAL GROUP INC
3385,1176199,HPI,JOHN HANCOCK PREFERRED INCOME FUND
3386,1124524,CYRX,"Cryoport, Inc."
3387,1731289,NKLA,Nikola Corp
3388,901243,MUA,"BLACKROCK MUNIASSETS FUND, INC."
3389,1122904,NTGR,"NETGEAR, INC."
3390,1547994,JPI,Nuveen Preferred & Income Term Fund
3391,25475,CRD-A,CRAWFORD & CO
3392,1377757,GAU,Galiano Gold Inc.
3393,1865389,NPFD,Nuveen Variable Rate Preferred & Income Fund
3394,1072725,GDRZF,GOLD RESERVE INC
3395,928340,CWCO,Consolidated Water Co. Ltd.
3396,879635,MPB,MID PENN BANCORP INC
3397,1020214,CERS,CERUS CORP
3398,1772921,ONEW,OneWater Marine Inc.
3399,23795,CTO,"CTO Realty Growth, Inc."
3400,1133470,CVGW,CALAVO GROWERS INC
3401,1137393,BFK,BLACKROCK MUNICIPAL INCOME TRUST
3402,1534880,ISD,"PGIM High Yield Bond Fund, Inc."
3403,1854149,ANSC,Agriculture & Natural Solutions Acquisition Corp
3404,1396277,CHW,Calamos Global Dynamic Income Fund
3405,903419,ALRS,ALERUS FINANCIAL CORP
3406,1701758,LOVE,Lovesac Co
3407,61986,MTW,MANITOWOC CO INC
3408,1821534,EXOD,"Exodus Movement, Inc."
3409,1819142,SES,SES AI Corp
3410,935419,RICK,"RCI HOSPITALITY HOLDINGS, INC."
3411,1479290,RVNC,"Revance Therapeutics, Inc."
3412,1818502,OPFI,OppFi Inc.
3413,1319947,DBI,Designer Brands Inc.
3414,1412665,MOFG,"MidWestOne Financial Group, Inc."
3415,1487428,HRZN,Horizon Technology Finance Corp
3416,798287,PTSI,PAM TRANSPORTATION SERVICES INC
3417,1662579,CCCC,"C4 Therapeutics, Inc."
3418,1484769,FUBO,fuboTV Inc. /FL
3419,1849396,NEXN,Nexxen International Ltd.
3420,1822928,HLLY,Holley Inc.
3421,1703647,KRRO,"Korro Bio, Inc."
3422,1286613,LINC,LINCOLN EDUCATIONAL SERVICES CORP
3423,1171326,EUBG,ENTREPRENEUR UNIVERSE BRIGHT GROUP
3424,1219120,AVK,ADVENT CONVERTIBLE & INCOME FUND
3425,1494582,BOC,BOSTON OMAHA Corp
3426,1701051,WOW,"WideOpenWest, Inc."
3427,1372299,OCGN,"Ocugen, Inc."
3428,1383058,DBO,Invesco DB Oil Fund
3429,216085,HVT,HAVERTY FURNITURE COMPANIES INC
3430,909108,DHIL,DIAMOND HILL INVESTMENT GROUP INC
3431,1529377,ACRE,Ares Commercial Real Estate Corp
3432,1043000,SNDA,"SONIDA SENIOR LIVING, INC."
3433,1781753,DAO,"Youdao, Inc."
3434,717720,VALU,VALUE LINE INC
3435,1861115,NMAI,Nuveen Multi-Asset Income Fund
3436,1285890,IGD,Voya GLOBAL EQUITY DIVIDEND & PREMIUM OPPORTUNITY FUND
3437,1526243,PPTA,PERPETUA RESOURCES CORP.
3438,1338940,PERI,Perion Network Ltd.
3439,1058811,IMMR,IMMERSION CORP
3440,1721386,LSEA,Landsea Homes Corp
3441,1281926,ETO,Eaton Vance Tax-Advantaged Global Dividend Opportunities Fund
3442,1644378,RMR,RMR GROUP INC.
3443,1499422,RBB,RBB Bancorp
3444,88948,SENEA,Seneca Foods Corp
3445,1845840,TSAT,Telesat Corp
3446,1806952,LYEL,"Lyell Immunopharma, Inc."
3447,1494904,GBLI,"Global Indemnity Group, LLC"
3448,799850,CRMT,AMERICAS CARMART INC
3449,884121,HQL,abrdn Life Sciences Investors
3450,1308927,ETB,Eaton Vance Tax-Managed Buy-Write Income Fund
3451,1661181,ORGO,Organogenesis Holdings Inc.
3452,2019103,SLSR,Solaris Resources Inc.
3453,743238,SHYF,"SHYFT GROUP, INC."
3454,925528,HDSN,HUDSON TECHNOLOGIES INC /NY
3455,1759774,PSTL,"Postal Realty Trust, Inc."
3456,1853962,IAUX,i-80 Gold Corp.
3457,1074540,EVN,EATON VANCE MUNICIPAL INCOME TRUST
3458,1631761,YRD,Yiren Digital Ltd.
3459,1130144,BSRR,SIERRA BANCORP
3460,1994702,KYTX,"Kyverna Therapeutics, Inc."
3461,1356090,PGEN,"PRECIGEN, INC."
3462,103595,VLGEA,VILLAGE SUPER MARKET INC
3463,805928,AXGN,"Axogen, Inc."
3464,898437,ANIK,"Anika Therapeutics, Inc."
3465,1866633,CCSI,"Consensus Cloud Solutions, Inc."
3466,1823986,WDH,Waterdrop Inc.
3467,1759631,HYLN,Hyliion Holdings Corp.
3468,1531177,SGHT,"Sight Sciences, Inc."
3469,1494530,FSD,FIRST TRUST HIGH INCOME LONG/SHORT FUND
3470,1999480,ANRO,"Alto Neuroscience, Inc."
3471,1710680,HFRO,HIGHLAND OPPORTUNITIES & INCOME FUND
3472,1127371,CWBC,Community West Bancshares
3473,1854545,DDL,Dingdong (Cayman) Ltd
3474,1851048,CYRB,Cyber App Solutions Corp.
3475,1948455,ISPR,Ispire Technology Inc.
3476,1975218,NETD,Nabors Energy Transition Corp. II
3477,1952976,NLOP,Net Lease Office Properties
3478,1210123,EAD,ALLSPRING INCOME OPPORTUNITIES FUND
3479,863110,ARTNA,ARTESIAN RESOURCES CORP
3480,1597672,RYAM,RAYONIER ADVANCED MATERIALS INC.
3481,1655210,BYND,"BEYOND MEAT, INC."
3482,1559991,DFP,Flaherty & Crumrine Dynamic Preferred & Income Fund Inc
3483,1058239,HIX,WESTERN ASSET HIGH INCOME FUND II INC.
3484,932695,CYD,CHINA YUCHAI INTERNATIONAL LTD
3485,724910,NVEC,NVE CORP /NEW/
3486,788329,JOUT,JOHNSON OUTDOORS INC
3487,882150,MYN,"BLACKROCK MUNIYIELD NEW YORK QUALITY FUND, INC."
3488,1058867,GNTY,GUARANTY BANCSHARES INC /TX/
3489,76282,PKOH,PARK OHIO HOLDINGS CORP
3490,1291334,FFA,FIRST TRUST ENHANCED EQUITY INCOME FUND
3491,1515671,DPG,Duff & Phelps Utility & Infrastructure Fund Inc.
3492,1342423,LMNR,Limoneira CO
3493,1854964,NLCP,"NewLake Capital Partners, Inc."
3494,1002590,SGU,"STAR GROUP, L.P."
3495,1023731,EGHT,8X8 INC /DE/
3496,1754170,ASLE,AerSale Corp
3497,1549922,SMLP,"Summit Midstream Partners, LP"
3498,1827506,TRML,"Tourmaline Bio, Inc."
3499,1843724,LNZA,"LanzaTech Global, Inc."
3500,908993,VKI,Invesco Advantage Municipal Income Trust II
3501,1409171,TITN,Titan Machinery Inc.
3502,1840199,WALD,Waldencast plc
3503,1703079,XFLT,XAI Octagon Floating Rate & Alternative Income Trust
3504,1798562,TMC,TMC the metals Co Inc.
3505,1517228,COMM,"CommScope Holding Company, Inc."
3506,1690334,SMHI,SEACOR Marine Holdings Inc.
3507,1590560,QURE,uniQure N.V.
3508,1402829,ORN,Orion Group Holdings Inc
3509,1375205,URG,UR-ENERGY INC
3510,852772,DENN,DENNY'S Corp
3511,1163370,NRIM,NORTHRIM BANCORP INC
3512,1268533,TYG,TORTOISE ENERGY INFRASTRUCTURE CORP
3513,1661998,QTTB,Q32 Bio Inc.
3514,818972,LEO,"BNY MELLON STRATEGIC MUNICIPALS, INC."
3515,1980845,ENGN,enGene Holdings Inc.
3516,1812923,SDHY,PGIM Short Duration High Yield Opportunities Fund
3517,1258623,EFR,EATON VANCE SENIOR FLOATING RATE TRUST
3518,1341317,BWB,Bridgewater Bancshares Inc
3519,1819580,YSG,Yatsen Holding Ltd
3520,1907108,LXEO,"Lexeo Therapeutics, Inc."
3521,1805077,EOSE,"Eos Energy Enterprises, Inc."
3522,1515940,KIO,KKR Income Opportunities Fund
3523,1783328,TCRX,"TScan Therapeutics, Inc."
3524,1495825,GBAB,Guggenheim Taxable Municipal Bond & Investment Grade Debt Trust
3525,275694,MCI,BARINGS CORPORATE INVESTORS
3526,1071236,RRBI,RED RIVER BANCSHARES INC
3527,62234,MCS,MARCUS CORP
3528,1158114,AAOI,"APPLIED OPTOELECTRONICS, INC."
3529,1898601,IPX,IPERIONX Ltd
3530,1530979,HNST,"Honest Company, Inc."
3531,792966,FMAO,FARMERS & MERCHANTS BANCORP INC
3532,839533,KTF,DWS MUNICIPAL INCOME TRUST
3533,1836981,BBAI,"BigBear.ai Holdings, Inc."
3534,1384195,REI,"RING ENERGY, INC."
3535,1587987,NEWT,"NewtekOne, Inc."
3536,1833197,SWIM,"Latham Group, Inc."
3537,720858,ITIC,INVESTORS TITLE CO
3538,1867096,XERS,"Xeris Biopharma Holdings, Inc."
3539,1844862,SLDP,"Solid Power, Inc."
3540,1829576,CARE,"Carter Bankshares, Inc."
3541,1729997,GDLC,Grayscale Digital Large Cap Fund LLC
3542,910068,HIO,WESTERN ASSET HIGH INCOME OPPORTUNITY FUND INC.
3543,1692705,QD,Qudian Inc.
3544,1084765,RGP,"RESOURCES CONNECTION, INC."
3545,1803901,TALK,"Talkspace, Inc."
3546,1377789,AVNW,"AVIAT NETWORKS, INC."
3547,1013880,TTEC,"TTEC Holdings, Inc."
3548,1230869,ASA,ASA Gold & Precious Metals Ltd
3549,1959455,HSHP,Himalaya Shipping Ltd.
3550,1001385,NWPX,NORTHWEST PIPE CO
3551,2006291,CCIX,Churchill Capital Corp IX/Cayman
3552,1819974,SKYT,"SkyWater Technology, Inc"
3553,1732406,LTCN,Grayscale Litecoin Trust (LTC)
3554,1822462,FHTX,Foghorn Therapeutics Inc.
3555,1528985,INRE,"Inland Real Estate Income Trust, Inc."
3556,1166928,WTBA,WEST BANCORPORATION INC
3557,715579,ACNB,ACNB CORP
3558,1793862,DADA,Dada Nexus Ltd
3559,1651625,ACIU,AC Immune SA
3560,1860879,RRAC,Rigel Resource Acquisition Corp.
3561,1129155,MPX,MARINE PRODUCTS CORP
3562,1720116,RDVT,"Red Violet, Inc."
3563,1347178,VNDA,Vanda Pharmaceuticals Inc.
3564,1453687,RNAC,"Cartesian Therapeutics, Inc."
3565,1282631,NLST,NETLIST INC
3566,1573221,REAL,"TheRealReal, Inc."
3567,862831,FISI,FINANCIAL INSTITUTIONS INC
3568,1137391,BFZ,BLACKROCK CALIFORNIA MUNICIPAL INCOME TRUST
3569,1113809,BBW,BUILD-A-BEAR WORKSHOP INC
3570,1771910,ADCT,ADC Therapeutics SA
3571,1590584,CVEO,Civeo Corp
3572,1746129,BSVN,Bank7 Corp.
3573,1189740,HPF,JOHN HANCOCK PREFERRED INCOME FUND II
3574,716314,GHM,GRAHAM CORP
3575,1834526,GPAT,GP-Act III Acquisition Corp.
3576,91847,SOR,SOURCE CAPITAL INC /DE/
3577,1703956,BBCP,"Concrete Pumping Holdings, Inc."
3578,1306550,BGR,BlackRock Energy & Resources Trust
3579,1732409,BCHG,Grayscale Bitcoin Cash Trust (BCH)
3580,1521951,FBIZ,"FIRST BUSINESS FINANCIAL SERVICES, INC."
3581,1023313,FORR,"FORRESTER RESEARCH, INC."
3582,768899,TBI,"TrueBlue, Inc."
3583,1831907,MYTE,MYT Netherlands Parent B.V.
3584,1390195,AWP,abrdn Global Premier Properties Fund
3585,1759824,ALTG,ALTA EQUIPMENT GROUP INC.
3586,1436425,HBCP,"HOME BANCORP, INC."
3587,1625641,LAW,"CS Disco, Inc."
3588,1018399,EBTC,ENTERPRISE BANCORP INC /MA/
3589,1444380,NVRO,NEVRO CORP
3590,1096056,LXFR,LUXFER HOLDINGS PLC
3591,1288992,EFT,Eaton Vance Floating-Rate Income Trust
3592,1094032,QDMI,QDM International Inc.
3593,1403475,BMRC,Bank of Marin Bancorp
3594,1789299,WTO,UTime Ltd
3595,14846,BRT,BRT Apartments Corp.
3596,827773,PPT,PUTNAM PREMIER INCOME TRUST
3597,798949,UNTC,UNIT CORP
3598,1788999,XPER,Xperi Inc.
3599,879585,ATNI,"ATN International, Inc."
3600,1091223,MTLS,MATERIALISE NV
3601,1808805,NAUT,"Nautilus Biotechnology, Inc."
3602,1866782,CDRO,"Codere Online Luxembourg, S.A."
3603,1707502,SLDB,Solid Biosciences Inc.
3604,1693011,INZY,"Inozyme Pharma, Inc."
3605,920427,UNTY,UNITY BANCORP INC /NJ/
3606,1074769,NAN,NUVEEN NEW YORK QUALITY MUNICIPAL INCOME FUND
3607,917491,FARO,FARO TECHNOLOGIES INC
3608,1606909,PANL,Pangaea Logistics Solutions Ltd.
3609,1421461,IPI,"Intrepid Potash, Inc."
3610,1667011,AIP,"Arteris, Inc."
3611,1810182,ALXO,ALX ONCOLOGY HOLDINGS INC
3612,1816017,SPIR,"Spire Global, Inc."
3613,1474627,NEGG,"Newegg Commerce, Inc."
3614,1503290,ACP,abrdn Income Credit Strategies Fund
3615,1539337,JRI,Nuveen Real Asset Income & Growth Fund
3616,1412095,TROO,"Troops, Inc. /Cayman Islands/"
3617,922357,IOCJY,IOCHPE-MAXION SA /FI
3618,1641614,PMTS,CPI Card Group Inc.
3619,1701541,BDTX,"Black Diamond Therapeutics, Inc."
3620,50471,TRAK,"ReposiTrak, Inc."
3621,1059142,GHI,Greystone Housing Impact Investors LP
3622,95574,SGC,"SUPERIOR GROUP OF COMPANIES, INC."
3623,1551901,SCM,Stellus Capital Investment Corp
3624,1817159,RFMZ,"RiverNorth Flexible Municipal Income Fund II, Inc."
3625,1364954,CHGG,"CHEGG, INC"
3626,1515324,ARDC,"Ares Dynamic Credit Allocation Fund, Inc."
3627,1288403,WTI,W&T OFFSHORE INC
3628,1606366,LOCO,"El Pollo Loco Holdings, Inc."
3629,1201792,APEI,AMERICAN PUBLIC EDUCATION INC
3630,1638290,MCFT,"MasterCraft Boat Holdings, Inc."
3631,1220754,MODV,ModivCare Inc
3632,1159167,IRBT,IROBOT CORP
3633,1822359,DCGO,DocGo Inc.
3634,1759138,CABA,"Cabaletta Bio, Inc."
3635,1683541,ACB,AURORA CANNABIS INC
3636,18498,GCO,GENESCO INC
3637,1567529,KMDA,KAMADA LTD
3638,1983736,GOAI,Eva Live Inc
3639,1289945,SPOK,"Spok Holdings, Inc"
3640,1452936,PCOK,"Pacific Oak Strategic Opportunity REIT, Inc."
3641,1073748,YUMM,YUMMIES INC
3642,1419536,CBNK,Capital Bancorp Inc
3643,1839799,GAMB,Gambling.com Group Ltd
3644,1786248,NREF,"NexPoint Real Estate Finance, Inc."
3645,1086434,AUDC,AUDIOCODES LTD
3646,1781730,TCBX,"Third Coast Bancshares, Inc."
3647,1580345,TPVG,TriplePoint Venture Growth BDC Corp.
3648,1375340,FOF,"Cohen & Steers Closed-End Opportunity Fund, Inc."
3649,890393,MIY,"BLACKROCK MUNIYIELD MICHIGAN QUALITY FUND, INC."
3650,1970622,IPXX,Inflection Point Acquisition Corp. II
3651,746838,UIS,UNISYS CORP
3652,1493761,HEAR,Turtle Beach Corp
3653,1125345,MGNX,MACROGENICS INC
3654,1754226,OBT,"Orange County Bancorp, Inc. /DE/"
3655,713425,AMSWA,AMERICAN SOFTWARE INC
3656,1717307,ILPT,Industrial Logistics Properties Trust
3657,1021917,AWCA,"Awaysis Capital, Inc."
3658,1318885,DSX,DIANA SHIPPING INC.
3659,1729173,UXIN,Uxin Ltd
3660,832428,SSP,E.W. SCRIPPS Co
3661,1832511,PIII,P3 Health Partners Inc.
3662,1429764,BLNK,Blink Charging Co.
3663,1808220,GOCO,"GoHealth, Inc."
3664,786035,ASG,LIBERTY ALL STAR GROWTH FUND INC.
3665,897448,AMRN,AMARIN CORP PLC\UK
3666,1681206,NODK,"NI Holdings, Inc."
3667,1530249,FSBW,"FS Bancorp, Inc."
3668,791908,XOMA,XOMA Corp
3669,1244183,PFL,PIMCO INCOME STRATEGY FUND
3670,1835724,ZH,Zhihu Inc.
3671,1038186,MHN,"BLACKROCK MUNIHOLDINGS NEW YORK QUALITY FUND, INC."
3672,2007596,TWFG,"TWFG, Inc."
3673,810958,CZNC,CITIZENS & NORTHERN CORP
3674,1178839,NBH,NEUBERGER BERMAN MUNICIPAL FUND INC.
3675,846475,ZYXI,ZYNEX INC
3676,1593899,AVIR,"Atea Pharmaceuticals, Inc."
3677,1127537,LUNG,Pulmonx Corp
3678,900422,PMO,PUTNAM MUNICIPAL OPPORTUNITIES TRUST
3679,1857853,COOK,"Traeger, Inc."
3680,1162027,AFB,ALLIANCEBERNSTEIN NATIONAL MUNICIPAL INCOME FUND
3681,1766368,MEC,"Mayville Engineering Company, Inc."
3682,1835068,NPCT,Nuveen Core Plus Impact Fund
3683,1678660,PRLD,Prelude Therapeutics Inc
3684,1562463,INBK,First Internet Bancorp
3685,891290,RFI,COHEN & STEERS TOTAL RETURN REALTY FUND INC
3686,1355096,QRTEA,"Qurate Retail, Inc."
3687,64472,GENC,GENCOR INDUSTRIES INC
3688,1481792,QUAD,"Quad/Graphics, Inc."
3689,1116463,OSUR,ORASURE TECHNOLOGIES INC
3690,1277902,MVBF,MVB FINANCIAL CORP
3691,1434728,GWRS,"Global Water Resources, Inc."
3692,1788028,JSPR,"Jasper Therapeutics, Inc."
3693,1382101,STRO,"SUTRO BIOPHARMA, INC."
3694,1377936,SAR,SARATOGA INVESTMENT CORP.
3695,1621227,ADAP,Adaptimmune Therapeutics PLC
3696,1098151,FDBC,FIDELITY D & D BANCORP INC
3697,765207,FNLC,"First Bancorp, Inc /ME/"
3698,1177648,ENTA,ENANTA PHARMACEUTICALS INC
3699,1325670,FRST,Primis Financial Corp.
3700,106532,WEYS,WEYCO GROUP INC
3701,1276531,SCGY,"SCIENTIFIC ENERGY, INC"
3702,1745059,FINS,Angel Oak Financial Strategies Income Term Trust
3703,72162,NL,NL INDUSTRIES INC
3704,1661460,PSTX,"Poseida Therapeutics, Inc."
3705,1552800,TTSH,"TILE SHOP HOLDINGS, INC."
3706,1821393,AAN,"Aaron's Company, Inc."
3707,1481646,ACCD,"Accolade, Inc."
3708,1041514,LSAK,LESAKA TECHNOLOGIES INC
3709,1937441,AMBI,Ambipar Emergency Response
3710,1533924,AMPY,Amplify Energy Corp.
3711,1970509,HYAC,Haymaker Acquisition Corp. 4
3712,788965,HNRG,HALLADOR ENERGY CO
3713,945983,CLMB,"Climb Global Solutions, Inc."
3714,1505952,DOMO,"DOMO, INC."
3715,1780652,CAN,Canaan Inc.
3716,1388141,EDD,"Morgan Stanley Emerging Markets Domestic Debt Fund, Inc."
3717,916183,RCS,"PIMCO STRATEGIC INCOME FUND, INC"
3718,1506184,IMMP,IMMUTEP Ltd
3719,1830188,UHG,"United Homes Group, Inc."
3720,320121,TLS,TELOS CORP
3721,1766478,AOMR,"Angel Oak Mortgage REIT, Inc."
3722,1735438,MGTX,MeiraGTx Holdings plc
3723,1690639,VBNK,VersaBank
3724,835333,OIA,Invesco Municipal Income Opportunities Trust
3725,1832483,SERV,Serve Robotics Inc. /DE/
3726,1498710,SAVE,"Spirit Airlines, Inc."
3727,1928581,FTEL,Fitell Corp
3728,1660334,VRCA,Verrica Pharmaceuticals Inc.
3729,826020,BRW,Saba Capital Income & Opportunities Fund
3730,1819404,NRDY,Nerdy Inc.
3731,1214935,NCV,Virtus Convertible & Income Fund
3732,1519401,RM,Regional Management Corp.
3733,1867949,REFI,"Chicago Atlantic Real Estate Finance, Inc."
3734,1027838,TCMD,TACTILE SYSTEMS TECHNOLOGY INC
3735,804123,TWN,TAIWAN FUND INC
3736,1285819,OMER,OMEROS CORP
3737,826735,MIN,MFS INTERMEDIATE INCOME TRUST
3738,1771226,RMM,"RiverNorth Managed Duration Municipal Income Fund, Inc."
3739,1717457,CPZ,Calamos Long/Short Equity & Dynamic Income Trust
3740,1436126,MG,"Mistras Group, Inc."
3741,1831359,JWSM,Jaws Mustang Acquisition Corp
3742,1743102,JFIN,Jiayin Group Inc.
3743,1866501,WBX,Wallbox N.V.
3744,1919182,EBFI,"Eco Bright Future, Inc."
3745,1835378,CTV,Innovid Corp.
3746,1581091,RMAX,"RE/MAX Holdings, Inc."
3747,1840706,SOPH,SOPHiA GENETICS SA
3748,1903870,AFRI,Forafric Global PLC
3749,1901637,USCB,"USCB FINANCIAL HOLDINGS, INC."
3750,275053,NATR,NATURES SUNSHINE PRODUCTS INC
3751,1932737,NWTN,"NWTN, Inc."
3752,1680379,SBT,"Sterling Bancorp, Inc."
3753,866273,MTRX,MATRIX SERVICE CO
3754,1857190,NYXH,Nyxoah SA
3755,1865602,CFFA,CF Acquisition Corp. A
3756,1273441,GTE,GRAN TIERRA ENERGY INC.
3757,1620459,JRVR,"James River Group Holdings, Ltd."
3758,1338561,SPXX,Nuveen S&P 500 Dynamic Overwrite Fund
3759,1181187,BYM,BLACKROCK MUNICIPAL INCOME QUALITY TRUST
3760,69733,NATH,"NATHANS FAMOUS, INC."
3761,1521404,BGH,BARINGS GLOBAL SHORT DURATION HIGH YIELD FUND
3762,1437925,GMGI,"Golden Matrix Group, Inc."
3763,1095146,ABIT,Athena Bitcoin Global
3764,1725160,ZNTL,"Zentalis Pharmaceuticals, Inc."
3765,1570132,ANVI,"ANVI GLOBAL HOLDINGS, INC."
3766,1398733,AQST,"Aquestive Therapeutics, Inc."
3767,1574085,BHR,Braemar Hotels & Resorts Inc.
3768,1275187,ANGO,ANGIODYNAMICS INC
3769,948320,LFMD,"LifeMD, Inc."
3770,1517022,AKBA,"Akebia Therapeutics, Inc."
3771,1615905,JGH,Nuveen Global High Income Fund
3772,1090009,SFST,SOUTHERN FIRST BANCSHARES INC
3773,1267602,ALIM,ALIMERA SCIENCES INC
3774,1823878,MYPS,"PLAYSTUDIOS, Inc."
3775,1121484,OIS,"OIL STATES INTERNATIONAL, INC"
3776,1287480,BGT,BLACKROCK FLOATING RATE INCOME TRUST
3777,855887,DSM,"BNY MELLON STRATEGIC MUNICIPAL BOND FUND, INC."
3778,1708259,LX,LexinFintech Holdings Ltd.
3779,1793229,MPLN,MultiPlan Corp
3780,1858848,TNYA,"Tenaya Therapeutics, Inc."
3781,1605888,ATLN,ATLANTIC INTERNATIONAL CORP.
3782,1496443,PAYS,"Paysign, Inc."
3783,879911,AERG,"APPLIED ENERGETICS, INC."
3784,1769663,PBFS,"Pioneer Bancorp, Inc./MD"
3785,818851,NCA,NUVEEN CALIFORNIA MUNICIPAL VALUE FUND
3786,1729149,VMD,"VIEMED HEALTHCARE, INC."
3787,1814114,OBIO,"Orchestra BioMed Holdings, Inc."
3788,1163609,SDSYA,SOUTH DAKOTA SOYBEAN PROCESSORS LLC
3789,1569994,WSBF,"Waterstone Financial, Inc."
3790,1462056,BLZE,"Backblaze, Inc."
3791,1720420,IBEX,IBEX Ltd
3792,1049606,CIX,COMPX INTERNATIONAL INC
3793,1689731,SSBK,"Southern States Bancshares, Inc."
3794,34067,BOOM,DMC Global Inc.
3795,1055726,INO,"INOVIO PHARMACEUTICALS, INC."
3796,1520358,MAMA,"Mama's Creations, Inc."
3797,1779128,BLDE,"Blade Air Mobility, Inc."
3798,1628063,SRG,Seritage Growth Properties
3799,1552198,WHF,"WhiteHorse Finance, Inc."
3800,844790,PMM,PUTNAM MANAGED MUNICIPAL INCOME TRUST
3801,1847398,NECB,"NorthEast Community Bancorp, Inc./MD/"
3802,740663,FLIC,FIRST OF LONG ISLAND CORP
3803,1171155,RLGT,"RADIANT LOGISTICS, INC"
3804,1711570,UROY,Uranium Royalty Corp.
3805,1971975,ABXXF,Abaxx Technologies Inc.
3806,1547341,CTR,ClearBridge MLP & Midstream Total Return Fund Inc.
3807,944745,CIVB,"CIVISTA BANCSHARES, INC."
3808,1829667,RGC,Regencell Bioscience Holdings Ltd
3809,1976695,MNDR,Mobile-health Network Solutions
3810,931584,USAP,UNIVERSAL STAINLESS & ALLOY PRODUCTS INC
3811,1709164,HBB,Hamilton Beach Brands Holding Co
3812,1826457,GLUE,"Monte Rosa Therapeutics, Inc."
3813,1725293,GRIN,Grindrod Shipping Holdings Ltd.
3814,1756701,LNKB,"LINKBANCORP, Inc."
3815,1823584,AENT,ALLIANCE ENTERTAINMENT HOLDING CORP
3816,1635282,RMNI,"Rimini Street, Inc."
3817,1795815,BCAL,Southern California Bancorp \ CA
3818,1502377,CTGO,"Contango ORE, Inc."
3819,1722606,MTA,Metalla Royalty & Streaming Ltd.
3820,1110611,ONTF,ON24 INC.
3821,751365,VIRC,VIRCO MFG CORPORATION
3822,76267,PKE,PARK AEROSPACE CORP
3823,1819574,BARK,"Bark, Inc."
3824,1270131,SCD,LMP CAPITAL & INCOME FUND INC.
3825,886128,FCEL,FUELCELL ENERGY INC
3826,846676,AEF,"ABRDN EMERGING MARKETS EQUITY INCOME FUND, INC."
3827,1102238,ARL,AMERICAN REALTY INVESTORS INC
3828,906709,NKTR,NEKTAR THERAPEUTICS
3829,895456,RCKY,"ROCKY BRANDS, INC."
3830,1341170,ESEA,EUROSEAS LTD.
3831,1327688,OOMA,OOMA INC
3832,1870940,AIRS,"Airsculpt Technologies, Inc."
3833,1282850,FCT,FIRST TRUST SENIOR FLOATING RATE INCOME FUND II
3834,836412,ZTR,Virtus Total Return Fund Inc.
3835,916618,IIF,"MORGAN STANLEY INDIA INVESTMENT FUND, INC."
3836,1827821,FRGE,"Forge Global Holdings, Inc."
3837,1847462,AYRWF,Ayr Wellness Inc.
3838,1497186,HYI,Western Asset High Yield Defined Opportunity Fund Inc.
3839,714256,SMTI,Sanara MedTech Inc.
3840,1762303,RCEL,"AVITA Medical, Inc."
3841,1501072,RIV,"RIVERNORTH OPPORTUNITIES FUND, INC."
3842,897322,GILT,GILAT SATELLITE NETWORKS LTD
3843,1846017,BLFY,Blue Foundry Bancorp
3844,851170,MCR,MFS CHARTER INCOME TRUST
3845,1410098,CRMD,CorMedix Inc.
3846,1710482,JMSB,"John Marshall Bancorp, Inc."
3847,733590,TCI,TRANSCONTINENTAL REALTY INVESTORS INC
3848,884144,ASUR,ASURE SOFTWARE INC
3849,1233087,FTF,FRANKLIN LTD DURATION INCOME TRUST
3850,1525201,DBL,DoubleLine Opportunistic Credit Fund
3851,1537137,SLI,STANDARD LITHIUM LTD.
3852,1137091,PSIX,"POWER SOLUTIONS INTERNATIONAL, INC."
3853,276720,PCYO,PURE CYCLE CORP
3854,1454741,EOT,Eaton Vance National Municipal Opportunities Trust
3855,1840904,ATAI,ATAI Life Sciences N.V.
3856,1730984,BCML,BayCom Corp
3857,706698,UTMD,UTAH MEDICAL PRODUCTS INC
3858,2002038,LEGT,Legato Merger Corp. III
3859,1200375,CDXS,"CODEXIS, INC."
3860,1434647,ZVRA,"ZEVRA THERAPEUTICS, INC."
3861,1863362,PROC,"Procaps Group, S.A."
3862,1362190,AEYE,AUDIOEYE INC
3863,1891856,GENK,"GEN Restaurant Group, Inc."
3864,1534969,SERA,"SERA PROGNOSTICS, INC."
3865,1838162,SLAM,Slam Corp.
3866,1756499,MCLDF,mCloud Technologies Corp.
3867,1634117,BNED,"Barnes & Noble Education, Inc."
3868,1849737,PLAO,Patria Latin American Opportunity Acquisition Corp.
3869,5981,AVD,AMERICAN VANGUARD CORP
3870,1564180,KNOP,KNOT Offshore Partners LP
3871,1442836,MRSN,"Mersana Therapeutics, Inc."
3872,1863006,VLN,Valens Semiconductor Ltd.
3873,1865506,ZEO,Zeo Energy Corp.
3874,1137390,BNY,BLACKROCK NEW YORK MUNICIPAL INCOME TRUST
3875,1423869,PCB,PCB BANCORP
3876,1518715,HMST,"HomeStreet, Inc."
3877,809173,MMT,MFS MULTIMARKET INCOME TRUST
3878,1342916,HNOI,"HNO International, Inc."
3879,1369085,NEWP,NEW PACIFIC METALS CORP
3880,1181506,PMX,PIMCO MUNICIPAL INCOME FUND III
3881,909112,TEI,TEMPLETON EMERGING MARKETS INCOME FUND
3882,739421,CZFS,CITIZENS FINANCIAL SERVICES INC
3883,1628808,PROF,Profound Medical Corp.
3884,1786117,PINE,"Alpine Income Property Trust, Inc."
3885,895528,VPV,Invesco Pennsylvania Value Municipal Income Trust
3886,1866874,RLTY,Cohen & Steers Real Estate Opportunities & Income Fund
3887,46207,HAWEL,HAWAIIAN ELECTRIC CO INC
3888,832327,BKT,"BLACKROCK INCOME TRUST, INC."
3889,352825,FSTR,FOSTER L B CO
3890,1227073,ERC,ALLSPRING MULTI-SECTOR INCOME FUND
3891,1823466,NOTE,"FiscalNote Holdings, Inc."
3892,1356115,NXDT,NEXPOINT DIVERSIFIED REAL ESTATE TRUST
3893,1616543,SENS,"Senseonics Holdings, Inc."
3894,1760854,NBTX,Nanobiotix S.A.
3895,1699039,RNGR,"Ranger Energy Services, Inc."
3896,1084991,NGS,NATURAL GAS SERVICES GROUP INC
3897,1328919,GASS,StealthGas Inc.
3898,1550695,PFMT,Performant Financial Corp
3899,1769256,XHG,XChange TEC.INC
3900,65312,EVI,"EVI INDUSTRIES, INC."
3901,727273,CDZI,CADIZ INC
3902,1362481,AGD,abrdn Global Dynamic Dividend Fund
3903,1992243,FREY,"FREYR Battery, Inc. /DE/"
3904,1509261,RZLT,"Rezolute, Inc."
3905,1844452,LUNR,"Intuitive Machines, Inc."
3906,931148,EAF,GRAFTECH INTERNATIONAL LTD
3907,1843477,SVII,Spring Valley Acquisition Corp. II
3908,1528287,NPCE,NeuroPace Inc
3909,922358,FGPR,FERRELLGAS PARTNERS L P
3910,1168455,PLBC,PLUMAS BANCORP
3911,789933,NC,NACCO INDUSTRIES INC
3912,1828852,MOND,"Mondee Holdings, Inc."
3913,1450445,NUW,Nuveen AMT-Free Municipal Value Fund
3914,1140392,PMF,PIMCO MUNICIPAL INCOME FUND
3915,1855644,ZURA,Zura Bio Ltd
3916,1889112,RENE,Cartesian Growth Corp II
3917,1500435,GPRO,"GoPro, Inc."
3918,746514,NEN,NEW ENGLAND REALTY ASSOCIATES LIMITED PARTNERSHIP
3919,1705843,CBUS,"Cibus, Inc."
3920,1724755,GHG,GreenTree Hospitality Group Ltd.
3921,909494,TCX,TUCOWS INC /PA/
3922,711669,CBAN,COLONY BANKCORP INC
3923,1320461,CPS,Cooper-Standard Holdings Inc.
3924,1681087,TECX,"Tectonic Therapeutic, Inc."
3925,1046050,TSBK,TIMBERLAND BANCORP INC
3926,1337298,FF,FutureFuel Corp.
3927,1385763,JCE,Nuveen Core Equity Alpha Fund
3928,1158289,JRS,NUVEEN REAL ESTATE INCOME FUND
3929,1388320,ATNM,"Actinium Pharmaceuticals, Inc."
3930,65433,MXF,MEXICO FUND INC
3931,1131903,FCCN,SPECTRAL CAPITAL Corp
3932,1498612,PSF,"Cohen & Steers Select Preferred & Income Fund, Inc."
3933,872912,DCTH,"DELCATH SYSTEMS, INC."
3934,1554859,SMLR,"Semler Scientific, Inc."
3935,1792829,VSTA,Vasta Platform Ltd
3936,1615063,INSE,"Inspired Entertainment, Inc."
3937,1454938,OB,Outbrain Inc.
3938,1728117,GOSS,"Gossamer Bio, Inc."
3939,1893657,RLEA,Rubber Leaf Inc
3940,1834026,GROY,Gold Royalty Corp.
3941,1341235,ALDX,"Aldeyra Therapeutics, Inc."
3942,1869105,HLXB,Helix Acquisition Corp. II
3943,913277,CLAR,Clarus Corp
3944,1119769,CRNT,CERAGON NETWORKS LTD
3945,1066719,TIHE,"Taihe Group, Inc."
3946,1293971,BLUE,"bluebird bio, Inc."
3947,317788,APPS,"Digital Turbine, Inc."
3948,1633932,EPIX,ESSA Pharma Inc.
3949,1515156,ARQ,"Arq, Inc."
3950,825202,FUND,SPROTT FOCUS TRUST INC.
3951,1177161,EVM,EATON VANCE CALIFORNIA MUNICIPAL BOND FUND
3952,1807046,OZ,"Belpointe PREP, LLC"
3953,1804176,BFLY,"Butterfly Network, Inc."
3954,814585,MBI,MBIA INC
3955,1593222,CIO,"City Office REIT, Inc."
3956,1860782,TSVT,"2seventy bio, Inc."
3957,1913971,BPRN,"Princeton Bancorp, Inc."
3958,885508,STRS,STRATUS PROPERTIES INC
3959,1072627,KFS,KINGSWAY FINANCIAL SERVICES INC
3960,763563,CHMG,CHEMUNG FINANCIAL CORP
3961,1598665,HRTG,"Heritage Insurance Holdings, Inc."
3962,41091,GPJA,GEORGIA POWER CO
3963,1866757,BRLT,"Brilliant Earth Group, Inc."
3964,65770,MVIS,"MICROVISION, INC."
3965,1502573,AFT,Apollo Senior Floating Rate Fund Inc.
3966,1818093,SKIN,Beauty Health Co
3967,1386570,CDXC,ChromaDex Corp.
3968,1069533,RGCO,RGC RESOURCES INC
3969,1804591,ME,23andMe Holding Co.
3970,1802883,API,"Agora, Inc."
3971,1781174,ACRV,"Acrivon Therapeutics, Inc."
3972,1315399,PKBK,"PARKE BANCORP, INC."
3973,65172,MSB,MESABI TRUST
3974,827187,SNBR,Sleep Number Corp
3975,1350869,GLO,Clough Global Opportunities Fund
3976,887394,MQT,"BLACKROCK MUNIYIELD QUALITY FUND II, INC."
3977,1431567,OVLY,Oak Valley Bancorp
3978,897269,MVT,"BLACKROCK MUNIVEST FUND II, INC."
3979,1851961,GCTS,"GCT Semiconductor Holding, Inc."
3980,1851959,CNDA,Concord Acquisition Corp II
3981,1873923,ONL,Orion Office REIT Inc.
3982,1071899,MUE,"BLACKROCK MUNIHOLDINGS QUALITY FUND II, INC."
3983,828803,SABA,Saba Capital Income & Opportunities Fund II
3984,1013272,NWFL,NORWOOD FINANCIAL CORP
3985,809559,TSI,TCW STRATEGIC INCOME FUND INC
3986,1807120,DSGN,"Design Therapeutics, Inc."
3987,1354866,BYRN,Byrna Technologies Inc.
3988,1490286,NTG,"Tortoise Midstream Energy Fund, Inc."
3989,1859795,NVX,NOVONIX Ltd
3990,1195734,PBPB,POTBELLY CORP
3991,1833141,CYBN,CYBIN INC.
3992,766011,CMCL,Caledonia Mining Corp Plc
3993,1227857,NCZ,Virtus Convertible & Income Fund II
3994,1468639,VICP,"Vicapsys Life Sciences, Inc."
3995,1294133,INGN,Inogen Inc
3996,1899830,PERF,Perfect Corp.
3997,1874071,PDLB,"Ponce Financial Group, Inc."
3998,1782223,PYXS,"Pyxis Oncology, Inc."
3999,1166258,PHT,"PIONEER HIGH INCOME FUND, INC."
4000,1594204,RBTK,ZHEN DING RESOURCES INC.
4001,1514281,MITT,"AG Mortgage Investment Trust, Inc."
4002,1484778,TDUP,ThredUp Inc.
4003,801961,MFM,MFS MUNICIPAL INCOME TRUST
4004,859796,JOF,JAPAN SMALLER CAPITALIZATION FUND INC
4005,1852353,DC,Dakota Gold Corp.
4006,1278211,LGI,LAZARD GLOBAL TOTAL RETURN & INCOME FUND INC
4007,1235912,CVRX,"CVRx, Inc."
4008,1675644,FVCB,"FVCBankcorp, Inc."
4009,803164,COFS,CHOICEONE FINANCIAL SERVICES INC
4010,2016221,MACI,Melar Acquisition Corp. I/Cayman
4011,1995413,CLBR,COLOMBIER ACQUISITION CORP. II
4012,1074902,LCNB,LCNB CORP
4013,1089907,SWKH,SWK Holdings Corp
4014,883265,VTN,Invesco Trust for Investment Grade New York Municipals
4015,1364125,WRN,Western Copper & Gold Corp
4016,1619856,CRBU,"Caribou Biosciences, Inc."
4017,1401257,FET,"FORUM ENERGY TECHNOLOGIES, INC."
4018,1758766,STEM,"STEM, INC."
4019,1616156,WEWA,"WEWARDS, INC."
4020,1636289,ACV,Virtus Diversified Income & Convertible Fund
4021,829365,NTPIF,NAM TAI PROPERTY INC.
4022,2011562,ONE,TRTL Holding Corp.
4023,1728205,PLL,Piedmont Lithium Inc.
4024,813298,DXLG,"DESTINATION XL GROUP, INC."
4025,1400891,IHRT,"iHeartMedia, Inc."
4026,1612630,JYNT,JOINT Corp
4027,1680367,STTK,"Shattuck Labs, Inc."
4028,1519505,HIE,Miller/Howard High Income Equity Fund
4029,1228454,BCBP,BCB BANCORP INC
4030,1526697,AIF,Apollo Tactical Income Fund Inc.
4031,836147,MBCN,MIDDLEFIELD BANC CORP
4032,1386067,EOD,ALLSPRING GLOBAL DIVIDEND OPPORTUNITY FUND
4033,1009829,JAKK,JAKKS PACIFIC INC
4034,1015383,POWW,"AMMO, INC."
4035,1778784,PVBC,"Provident Bancorp, Inc. /MD/"
4036,1745114,MOLN,MOLECULAR PARTNERS AG
4037,889609,CPSS,"CONSUMER PORTFOLIO SERVICES, INC."
4038,1753706,FREE,"Whole Earth Brands, Inc."
4039,350868,ITI,"ITERIS, INC."
4040,1061353,DHY,CREDIT SUISSE HIGH YIELD BOND FUND
4041,1412100,MHLD,"Maiden Holdings, Ltd."
4042,1896084,IONR,ioneer Ltd
4043,1757064,GNFT,Genfit S.A.
4044,1487610,NHS,Neuberger Berman High Yield Strategies Fund Inc.
4045,1725033,XYF,X Financial
4046,1733294,GBIO,Generation Bio Co.
4047,1066194,EGAN,EGAIN Corp
4048,3545,ALCO,"ALICO, INC."
4049,1799788,GLSI,"Greenwich LifeSciences, Inc."
4050,1820190,SCLX,Scilex Holding Co
4051,1881767,SSCC,Spirits Capital Corp
4052,1572334,VABK,Virginia National Bankshares Corp
4053,1563880,TRVI,"Trevi Therapeutics, Inc."
4054,1455684,TPIC,"TPI COMPOSITES, INC"
4055,1576885,ABOS,"Acumen Pharmaceuticals, Inc."
4056,1223026,MHI,"PIONEER MUNICIPAL HIGH INCOME FUND, INC."
4057,56868,PNRG,PRIMEENERGY RESOURCES CORP
4058,897421,NPV,NUVEEN VIRGINIA QUALITY MUNICIPAL INCOME FUND
4059,1754836,EIC,Eagle Point Income Co Inc.
4060,894242,BKN,"BLACKROCK INVESTMENT QUALITY MUNICIPAL TRUST, INC."
4061,1725123,CANG,Cango Inc.
4062,873860,ONIT,ONITY GROUP INC.
4063,1756390,AAWH,"Ascend Wellness Holdings, Inc."
4064,1285786,EMX,EMX Royalty Corp
4065,1401564,FFNW,"First Financial Northwest, Inc."
4066,1484612,OM,"Outset Medical, Inc."
4067,1285550,CLPT,"ClearPoint Neuro, Inc."
4068,1889983,KVAC,Keen Vision Acquisition Corp.
4069,318306,ABEO,ABEONA THERAPEUTICS INC.
4070,1328598,FXE,Invesco CurrencyShares Euro Trust
4071,1164771,NAK,NORTHERN DYNASTY MINERALS LTD
4072,1850119,IPSC,"Century Therapeutics, Inc."
4073,1888525,UBXG,U-BX Technology Ltd.
4074,1053369,ELTP,ELITE PHARMACEUTICALS INC /NV/
4075,910329,MED,MEDIFAST INC
4076,842717,BRBS,"BLUE RIDGE BANKSHARES, INC."
4077,1857410,IVCB,Investcorp Europe Acquisition Corp I
4078,1382230,ESSA,"ESSA Bancorp, Inc."
4079,33488,ESCA,ESCALADE INC
4080,1954694,LGCL,Lucas GC Ltd
4081,1867102,EVTL,Vertical Aerospace Ltd.
4082,1679268,TUSK,"MAMMOTH ENERGY SERVICES, INC."
4083,1437424,POET,POET TECHNOLOGIES INC.
4084,1563696,ETX,Eaton Vance Municipal Income 2028 Term Trust
4085,1894630,GHIX,"Gores Holdings IX, Inc."
4086,1834974,LEV,Lion Electric Co
4087,1452477,SEVN,Seven Hills Realty Trust
4088,1972529,BTOC,Armlogi Holding Corp.
4089,1834253,EM,Smart Share Global Ltd
4090,1504379,CSTE,Caesarstone Ltd.
4091,1784535,PRCH,"Porch Group, Inc."
4092,1094324,SIFY,SIFY TECHNOLOGIES LTD
4093,850429,TG,TREDEGAR CORP
4094,1505732,BWFG,"Bankwell Financial Group, Inc."
4095,1846975,SEDA,SDCL EDGE Acquisition Corp
4096,1527728,RENB,RENOVARO INC.
4097,919893,TDF,TEMPLETON DRAGON FUND INC
4098,1627281,CLLS,Cellectis S.A.
4099,1781446,GAUZ,Gauzy Ltd.
4100,1678130,OPP,"RiverNorth/DoubleLine Strategic Opportunity Fund, Inc."
4101,1921865,ASPI,ASP Isotopes Inc.
4102,1572616,GUTS,"FRACTYL HEALTH, INC."
4103,1752036,CALB,California BanCorp
4104,1258943,MAV,"PIONEER MUNICIPAL HIGH INCOME ADVANTAGE FUND, INC."
4105,1649989,OTLK,"Outlook Therapeutics, Inc."
4106,1851194,VTYX,"Ventyx Biosciences, Inc."
4107,876343,LCTX,"Lineage Cell Therapeutics, Inc."
4108,1864290,MIO,"Pioneer Municipal High Income Opportunities Fund, Inc."
4109,1368493,CAF,"Morgan Stanley China A Share Fund, Inc."
4110,1593773,KGNR,AMJ Global Technology
4111,1725332,ALAR,Alarum Technologies Ltd.
4112,1495320,VRA,"Vera Bradley, Inc."
4113,1383084,DBB,INVESCO DB BASE METALS FUND
4114,2007919,INBX,"Inhibrx Biosciences, Inc."
4115,1448397,SHIP,Seanergy Maritime Holdings Corp.
4116,1138723,ARAY,ACCURAY INC
4117,875657,ULBI,ULTRALIFE CORP
4118,1883814,SLND,"Southland Holdings, Inc."
4119,1841387,CADL,"Candel Therapeutics, Inc."
4120,1565381,DMB,"BNY Mellon Municipal Bond Infrastructure Fund, Inc."
4121,66901,EMP,"ENTERGY MISSISSIPPI, LLC"
4122,1626878,XBIT,XBiotech Inc.
4123,1649752,NMG,Nouveau Monde Graphite Inc.
4124,809708,EMF,TEMPLETON EMERGING MARKETS FUND
4125,1987240,SHMD,SCHMID Group N.V.
4126,37472,FLXS,FLEXSTEEL INDUSTRIES INC
4127,1560241,GTHX,"G1 Therapeutics, Inc."
4128,1000209,MFIN,MEDALLION FINANCIAL CORP
4129,1753368,SANG,Sangoma Technologies Corp
4130,1822523,AFCG,"AFC Gamma, Inc."
4131,1789029,AEVA,"Aeva Technologies, Inc."
4132,1840439,BMEA,"Biomea Fusion, Inc."
4133,1555279,MASS,908 Devices Inc.
4134,918541,NNBR,NN INC
4135,874396,LCUT,"LIFETIME BRANDS, INC"
4136,867773,SPWR,SUNPOWER CORP
4137,1851651,BNIGF,Beroni Group Ltd
4138,1327607,MYFW,First Western Financial Inc
4139,1907982,QBTS,D-Wave Quantum Inc.
4140,1815620,OPT,Opthea Ltd
4141,1132651,ATLO,AMES NATIONAL CORP
4142,318673,SNFCA,SECURITY NATIONAL FINANCIAL CORP
4143,1170300,PCK,PIMCO CALIFORNIA MUNICIPAL INCOME FUND II
4144,1006655,EPM,EVOLUTION PETROLEUM CORP
4145,1448431,OPRX,OptimizeRx Corp
4146,1439725,BDSX,BIODESIX INC
4147,1838359,RGTI,"Rigetti Computing, Inc."
4148,1490161,SOWG,Sow Good Inc.
4149,1769624,AGBA,AGBA Group Holding Ltd.
4150,1512762,CHRS,"Coherus BioSciences, Inc."
4151,1696195,KNIT,KINETIC GROUP INC.
4152,1472341,GDO,WESTERN ASSET GLOBAL CORPORATE DEFINED OPPORTUNITY FUND INC.
4153,1325702,MX,MAGNACHIP SEMICONDUCTOR Corp
4154,1383057,DBP,Invesco DB Precious Metals Fund
4155,1852973,BRLS,Borealis Foods Inc.
4156,1259429,OXSQ,Oxford Square Capital Corp.
4157,1462586,IGI,Western Asset Investment Grade Defined Opportunity Trust Inc.
4158,1254370,WIA,WESTERN ASSET INFLATION-LINKED INCOME FUND
4159,1010134,ICTSF,ICTS INTERNATIONAL N V
4160,1005286,LFCR,"LIFECORE BIOMEDICAL, INC. DE"
4161,100378,TWIN,TWIN DISC INC
4162,1140102,HQI,"HireQuest, Inc."
4163,1598599,IPHA,Innate Pharma SA
4164,796534,NKSH,NATIONAL BANKSHARES INC
4165,814586,LWAY,"Lifeway Foods, Inc."
4166,1488039,ATOS,"ATOSSA THERAPEUTICS, INC."
4167,1852889,IVCA,Investcorp India Acquisition Corp
4168,891482,FLL,FULL HOUSE RESORTS INC
4169,803016,CFNB,CALIFORNIA FIRST LEASING CORP
4170,1620737,OGI,ORGANIGRAM HOLDINGS INC.
4171,319655,SJT,SAN JUAN BASIN ROYALTY TRUST
4172,1432133,KLTR,KALTURA INC
4173,1859686,SBXC,SilverBox Corp III
4174,1372807,PTMN,Portman Ridge Finance Corp
4175,1593984,MDWD,MediWound Ltd.
4176,1211583,FENC,FENNEC PHARMACEUTICALS INC.
4177,1852736,TRIS,Tristar Acquisition I Corp.
4178,798081,LAKE,LAKELAND INDUSTRIES INC
4179,5094,VBF,Invesco Bond Fund
4180,1486298,BSL,Blackstone Senior Floating Rate 2027 Term Fund
4181,1157647,WNEB,"Western New England Bancorp, Inc."
4182,2011053,SUUN,SolarBank Corp
4183,1290900,CVGI,"Commercial Vehicle Group, Inc."
4184,1532383,VNJA,VANJIA CORP
4185,1499832,TSQ,"Townsquare Media, Inc."
4186,842518,EVBN,EVANS BANCORP INC
4187,31107,EML,EASTERN CO
4188,1467808,CORBF,Global Cord Blood Corp
4189,71508,ENJ,"ENTERGY NEW ORLEANS, LLC"
4190,1034842,RIGL,RIGEL PHARMACEUTICALS INC
4191,1922097,LANV,Lanvin Group Holdings Ltd
4192,1401667,PBYI,"PUMA BIOTECHNOLOGY, INC."
4193,1442236,QRHC,Quest Resource Holding Corp
4194,1041934,EDAP,EDAP TMS SA
4195,1140411,PCQ,PIMCO CALIFORNIA MUNICIPAL INCOME FUND
4196,1057861,DHF,BNY MELLON HIGH YIELD STRATEGIES FUND
4197,1622148,HGLB,HIGHLAND GLOBAL ALLOCATION FUND
4198,1109116,EVC,ENTRAVISION COMMUNICATIONS CORP
4199,891532,PESI,PERMA FIX ENVIRONMENTAL SERVICES INC
4200,1177162,ENX,EATON VANCE NEW YORK MUNICIPAL BOND FUND
4201,1600641,DIBS,"1stdibs.com, Inc."
4202,1376227,UNG,"United States Natural Gas Fund, LP"
4203,1351636,SSTI,"SOUNDTHINKING, INC."
4204,1602658,ISTR,Investar Holding Corp
4205,1842937,HCVI,Hennessy Capital Investment Corp. VI
4206,30125,INSI,Insight Select Income Fund
4207,913341,CFFI,C & F FINANCIAL CORP
4208,716605,PWOD,PENNS WOODS BANCORP INC
4209,1031316,FSP,FRANKLIN STREET PROPERTIES CORP /MA/
4210,1953366,STHO,Star Holdings
4211,825345,HYB,NEW AMERICA HIGH INCOME FUND INC
4212,1095052,PLG,PLATINUM GROUP METALS LTD
4213,949858,ACHV,"ACHIEVE LIFE SCIENCES, INC."
4214,1604950,SCPH,scPharmaceuticals Inc.
4215,763907,FUNC,FIRST UNITED CORP/MD/
4216,1540684,ATLX,Atlas Lithium Corp
4217,1754820,DM,"Desktop Metal, Inc."
4218,1476840,EXFY,"Expensify, Inc."
4219,833040,FT,FRANKLIN UNIVERSAL TRUST
4220,1779474,MAPS,"WM TECHNOLOGY, INC."
4221,831655,MPV,BARINGS PARTICIPATION INVESTORS
4222,882508,QUIK,QUICKLOGIC Corp
4223,1958777,FBLG,"FibroBiologics, Inc."
4224,1318484,CTRN,Citi Trends Inc
4225,924719,SMID,SMITH MIDLAND CORP
4226,1805521,FFIE,FARADAY FUTURE INTELLIGENT ELECTRIC INC.
4227,355948,RELL,"RICHARDSON ELECTRONICS, LTD."
4228,1506251,CTXR,"Citius Pharmaceuticals, Inc."
4229,1941536,BAER,"Bridger Aerospace Group Holdings, Inc."
4230,1884046,SPKL,Spark I Acquisition Corp
4231,1680873,HFFG,HF Foods Group Inc.
4232,1431852,ODV,Osisko Development Corp.
4233,1912461,SKGR,SK Growth Opportunities Corp
4234,1059213,BXSY,BEXIL INVESTMENT TRUST
4235,1519472,SMXT,"SolarMax Technology, Inc."
4236,1722010,OPBK,OP Bancorp
4237,1614806,AJX,Great Ajax Corp.
4238,1871638,BRKH,BurTech Acquisition Corp.
4239,1952853,MAMO,Massimo Group
4240,1169445,TBRG,"TruBridge, Inc."
4241,1516551,SKYE,"Skye Bioscience, Inc."
4242,1261166,NRO,NEUBERGER BERMAN REAL ESTATE SECURITIES INCOME FUND INC
4243,1538847,GLDG,GoldMining Inc.
4244,1785279,MGX,"Metagenomi, Inc."
4245,1557265,PIIVX,Private Shares Fund
4246,1549966,SAMG,Silvercrest Asset Management Group Inc.
4247,1828536,NRGV,"Energy Vault Holdings, Inc."
4248,1842952,CNTX,Context Therapeutics Inc.
4249,1861841,ARBE,Arbe Robotics Ltd.
4250,1371489,III,Information Services Group Inc.
4251,1289340,STXS,"Stereotaxis, Inc."
4252,1808158,RPTX,Repare Therapeutics Inc.
4253,1826667,TLSI,"TriSalus Life Sciences, Inc."
4254,1093672,PEBK,PEOPLES BANCORP OF NORTH CAROLINA INC
4255,1813452,PLNH,Planet 13 Holdings Inc.
4256,1512931,MRCC,MONROE CAPITAL Corp
4257,932781,FCCO,FIRST COMMUNITY CORP /SC/
4258,1720250,KNDI,"Kandi Technologies Group, Inc."
4259,1711754,INMB,"Inmune Bio, Inc."
4260,1844981,FAAS,DIGIASIA CORP.
4261,1245648,FLC,FLAHERTY & CRUMRINE TOTAL RETURN FUND INC
4262,1649096,CLPR,Clipper Realty Inc.
4263,1835512,LLAP,Terran Orbital Corp
4264,887396,EP,EMPIRE PETROLEUM CORP
4265,1704299,TEAF,ECOFIN SUSTAINABLE & SOCIAL IMPACT TERM FUND
4266,1847577,LCW,Learn CW Investment Corp
4267,1701809,CBH,Virtus Convertible & Income 2024 Target Term Fund
4268,1856995,MCAA,Mountain & Co. I Acquisition Corp.
4269,1077688,HOFT,HOOKER FURNISHINGS Corp
4270,1884516,DTI,Drilling Tools International Corp
4271,1609809,MCRB,"Seres Therapeutics, Inc."
4272,1119774,CGEN,COMPUGEN LTD
4273,1753539,BKSY,BlackSky Technology Inc.
4274,1850502,NFYS,Enphys Acquisition Corp.
4275,1468748,KOD,Kodiak Sciences Inc.
4276,1181504,PZC,PIMCO CALIFORNIA MUNICIPAL INCOME FUND III
4277,1847241,PEGR,Project Energy Reimagined Acquisition Corp.
4278,1228509,EHI,WESTERN ASSET GLOBAL HIGH INCOME FUND INC.
4279,1556263,SYRS,"Syros Pharmaceuticals, Inc."
4280,1856725,RANI,"Rani Therapeutics Holdings, Inc."
4281,1501756,ADVM,"Adverum Biotechnologies, Inc."
4282,785557,DLHC,DLH Holdings Corp.
4283,1901336,ALCY,Alchemy Investments Acquisition Corp 1
4284,1892316,LDDD,Longduoduo Co Ltd
4285,891038,MPA,BLACKROCK MUNIYIELD PENNSYLVANIA QUALITY FUND
4286,1703644,GPMT,Granite Point Mortgage Trust Inc.
4287,784539,EACO,EACO CORP
4288,1133416,GALT,GALECTIN THERAPEUTICS INC
4289,810766,CIK,CREDIT SUISSE ASSET MANAGEMENT INCOME FUND INC
4290,1816431,QSI,Quantum-Si Inc
4291,1399520,STKS,"ONE Group Hospitality, Inc."
4292,1417802,IDE,"Voya Infrastructure, Industrials & Materials Fund"
4293,1702123,CRDL,Cardiol Therapeutics Inc.
4294,1861121,EVE,EVe Mobility Acquisition Corp
4295,1051627,AXTI,AXT INC
4296,830622,PIM,PUTNAM MASTER INTERMEDIATE INCOME TRUST
4297,1504234,BGX,Blackstone Long-Short Credit Income Fund
4298,1697851,REKR,"Rekor Systems, Inc."
4299,101984,UEIC,UNIVERSAL ELECTRONICS INC
4300,748268,RCAT,"Red Cat Holdings, Inc."
4301,1391437,GRX,Gabelli Healthcare & WellnessRx Trust
4302,1524025,TLYS,"TILLY'S, INC."
4303,1998781,IBAC,IB Acquisition Corp.
4304,818850,NNY,NUVEEN NEW YORK MUNICIPAL VALUE FUND
4305,1026655,CMT,CORE MOLDING TECHNOLOGIES INC
4306,1805833,SST,"System1, Inc."
4307,1865107,AKA,A.K.A. BRANDS HOLDING CORP.
4308,1847409,HITI,High Tide Inc.
4309,356037,CSPI,CSP INC /MA/
4310,1808665,ASRT,"Assertio Holdings, Inc."
4311,96536,TAYD,TAYLOR DEVICES INC
4312,1702318,AHG,Akso Health Group
4313,1302387,BVFL,"BV Financial, Inc."
4314,1612940,PRQR,ProQR Therapeutics N.V.
4315,72444,VXRT,"Vaxart, Inc."
4316,700841,RCMT,"RCM TECHNOLOGIES, INC."
4317,1623590,FINR,Fintech Scion Ltd
4318,1604868,GRWG,GrowGeneration Corp.
4319,1889123,EMLD,FTAC Emerald Acquisition Corp.
4320,1289868,MCN,Madison Covered Call & Equity Strategy Fund
4321,1501103,EDF,Virtus Stone Harbor Emerging Markets Income Fund
4322,946394,ELLO,Ellomay Capital Ltd.
4323,933972,SCWO,374Water Inc.
4324,1918661,ESHA,ESH Acquisition Corp.
4325,1369290,MYO,"MYOMO, INC."
4326,1114927,FNRN,FIRST NORTHERN COMMUNITY BANCORP
4327,700764,VYEY,"VICTORY CLEAN ENERGY, INC."
4328,738214,AMTX,"AEMETIS, INC"
4329,1133869,CAPR,"CAPRICOR THERAPEUTICS, INC."
4330,904112,MSD,MORGAN STANLEY EMERGING MARKETS DEBT FUND INC
4331,1374328,FTLF,"FITLIFE BRANDS, INC."
4332,1333493,EHTH,"eHealth, Inc."
4333,1750153,GOEV,Canoo Inc.
4334,1832871,BMN,BlackRock 2037 Municipal Target Term Trust
4335,1744781,NIU,Niu Technologies
4336,830487,MHF,WESTERN ASSET MUNICIPAL HIGH INCOME FUND INC.
4337,1016838,RDCM,RADCOM LTD
4338,2012807,RFAI,RF Acquisition Corp II
4339,1540013,QIPT,Quipt Home Medical Corp.
4340,1472091,PDSB,PDS Biotechnology Corp
4341,1175680,CYDY,CytoDyn Inc.
4342,1856365,FINW,Finwise Bancorp
4343,1684144,ZOM,Zomedica Corp.
4344,1827087,VIGL,"Vigil Neuroscience, Inc."
4345,839122,DMF,"BNY MELLON MUNICIPAL INCOME, INC."
4346,1683825,TRVG,trivago N.V.
4347,1401040,DMAC,DiaMedica Therapeutics Inc.
4348,1503707,NHHS,"NorthStar Healthcare Income, Inc."
4349,1630805,BW,"Babcock & Wilcox Enterprises, Inc."
4350,1491419,LVO,"LiveOne, Inc."
4351,1707303,DOGZ,Dogness (International) Corp
4352,897802,SPE,"SPECIAL OPPORTUNITIES FUND, INC."
4353,1337013,INFU,"InfuSystem Holdings, Inc"
4354,1287498,EVG,Eaton Vance Short Duration Diversified Income Fund
4355,1843974,DXYZ,Destiny Tech100 Inc.
4356,1957001,FEBO,Fenbo Holdings Ltd
4357,893847,HWBK,"HAWTHORN BANCSHARES, INC."
4358,1871321,DRTS,Alpha Tau Medical Ltd.
4359,1392380,GEVO,"Gevo, Inc."
4360,808439,TATT,TAT TECHNOLOGIES LTD
4361,1578453,DLNG,Dynagas LNG Partners LP
4362,1114925,LTRX,LANTRONIX INC
4363,1832038,IVVD,"Invivyd, Inc."
4364,1625414,BZUN,Baozun Inc.
4365,1098972,AGEN,AGENUS INC
4366,55529,KEQU,KEWAUNEE SCIENTIFIC CORP /DE/
4367,842517,ISBA,ISABELLA BANK Corp
4368,921671,GGT,GABELLI MULTIMEDIA TRUST INC.
4369,1873441,BCSA,Blockchain Coinvestors Acquisition Corp. I
4370,1504545,BWG,BrandywineGLOBAL-Global Income Opportunities Fund Inc
4371,1596961,RMBL,"RumbleOn, Inc."
4372,1907909,VOXR,VOX ROYALTY CORP.
4373,1706946,SPCE,"Virgin Galactic Holdings, Inc"
4374,2098,ACU,ACME UNITED CORP
4375,1527753,PSNL,"Personalis, Inc."
4376,1643953,PRPL,"Purple Innovation, Inc."
4377,863894,VERU,VERU INC.
4378,1783032,ELEV,"Elevation Oncology, Inc."
4379,1030192,IDR,"Idaho Strategic Resources, Inc."
4380,1822250,LOGC,ContextLogic Inc.
4381,1560672,EARN,Ellington Credit Co
4382,1915328,ISRL,Israel Acquisitions Corp
4383,1645873,MDV,"Modiv Industrial, Inc."
4384,1819438,GWH,"ESS Tech, Inc."
4385,1419806,REEMF,RARE ELEMENT RESOURCES LTD
4386,868578,PFD,FLAHERTY & CRUMRINE PREFERRED & INCOME FUND INC
4387,1734520,ALYAF,Alithya Group inc
4388,1870600,DTC,"Solo Brands, Inc."
4389,1303942,BFIN,BankFinancial CORP
4390,1332943,IGA,Voya Global Advantage & Premium Opportunity Fund
4391,1626971,CRVS,"Corvus Pharmaceuticals, Inc."
4392,928054,FTK,FLOTEK INDUSTRIES INC/CN/
4393,858706,GF,NEW GERMANY FUND INC
4394,1578987,BANX,ArrowMark Financial Corp.
4395,24090,CIA,"CITIZENS, INC."
4396,1738021,CMPX,"Compass Therapeutics, Inc."
4397,1478102,DMO,Western Asset Mortgage Opportunity Fund Inc.
4398,1123494,HBIO,HARVARD BIOSCIENCE INC
4399,1802457,ORGN,"Origin Materials, Inc."
4400,1176334,MMLP,MARTIN MIDSTREAM PARTNERS L.P.
4401,1756594,IVA,Inventiva S.A.
4402,1501697,XFOR,"X4 Pharmaceuticals, Inc"
4403,1847846,EUDA,EUDA Health Holdings Ltd
4404,1547546,LFT,"Lument Finance Trust, Inc."
4405,1488917,ELMD,"Electromed, Inc."
4406,316888,ASM,AVINO SILVER & GOLD MINES LTD
4407,1835654,INVZ,Innoviz Technologies Ltd.
4408,1693577,MNSB,"MainStreet Bancshares, Inc."
4409,1393584,AMWL,American Well Corp
4410,1882198,ATEK,Athena Technology Acquisition Corp. II
4411,1343793,BTA,BlackRock Long-Term Municipal Advantage Trust
4412,1137547,UBFO,UNITED SECURITY BANCSHARES
4413,1867834,BRAG,Bragg Gaming Group Inc.
4414,1880441,BFAC,Battery Future Acquisition Corp.
4415,1823406,AFBI,"Affinity Bancshares, Inc."
4416,1760689,MVST,"Microvast Holdings, Inc."
4417,1456772,OPI,OFFICE PROPERTIES INCOME TRUST
4418,1627854,DCF,"BNY Mellon Alcentra Global Credit Income 2024 Target Term Fund, Inc."
4419,1850902,TKNO,"Alpha Teknova, Inc."
4420,1899287,AMPX,"Amprius Technologies, Inc."
4421,1784254,MDIA,Mediaco Holding Inc.
4422,1649744,DLTH,DULUTH HOLDINGS INC.
4423,1438423,MRAM,EVERSPIN TECHNOLOGIES INC
4424,1870833,RMMZ,"RiverNorth Managed Duration Municipal Income Fund II, Inc."
4425,723646,FRAF,FRANKLIN FINANCIAL SERVICES CORP /PA/
4426,36840,FREVS,FIRST REAL ESTATE INVESTMENT TRUST OF NEW JERSEY
4427,1030997,WILC,G WILLI FOOD INTERNATIONAL LTD
4428,1853397,ZLS,Zalatoris II Acquisition Corp
4429,1400438,LGO,Largo Inc.
4430,47307,CRAWA,CRAWFORD UNITED Corp
4431,1199004,FMN,Federated Hermes Premier Municipal Income Fund
4432,1950429,NNAG,99 Acquisition Group Inc.
4433,1305168,ARC,"ARC DOCUMENT SOLUTIONS, INC."
4434,1768267,CRNC,Cerence Inc.
4435,1162896,PROP,Prairie Operating Co.
4436,1036262,INTT,INTEST CORP
4437,892992,NAZ,NUVEEN ARIZONA QUALITY MUNICIPAL INCOME FUND
4438,1383062,DBE,Invesco DB Energy Fund
4439,921299,FGEN,FIBROGEN INC
4440,1863719,MNTN,Everest Consolidator Acquisition Corp
4441,1588871,OAKC,"Oakworth Capital, Inc."
4442,1658678,BSEM,BIOSTEM TECHNOLOGIES
4443,1280776,IMUX,"IMMUNIC, INC."
4444,1316463,GLQ,Clough Global Equity Fund
4445,1070680,CFBK,CF BANKSHARES INC.
4446,1584549,VFF,"Village Farms International, Inc."
4447,875582,NTIC,NORTHERN TECHNOLOGIES INTERNATIONAL CORP
4448,1658551,AMLX,"Amylyx Pharmaceuticals, Inc."
4449,1157762,CAAS,CHINA AUTOMOTIVE SYSTEMS INC
4450,759866,JHS,JOHN HANCOCK INCOME SECURITIES TRUST
4451,1944552,ANL,Adlai Nortye Ltd.
4452,1848756,PHYT,Pyrophyte Acquisition Corp.
4453,1971115,RYDE,Ryde Group Ltd
4454,1102993,LPSN,LIVEPERSON INC
4455,1883788,DHAI,"DIH HOLDING US, INC."
4456,895574,VFL,abrdn National Municipal Income Fund
4457,1750735,MRBK,Meridian Corp
4458,1620463,ATHA,"Athira Pharma, Inc."
4459,773717,ACRG,"American Clean Resources Group, Inc."
4460,1435508,FSFG,"First Savings Financial Group, Inc."
4461,1437283,RPMT,"REGO PAYMENT ARCHITECTURES, INC."
4462,1367859,CZWI,Citizens Community Bancorp Inc.
4463,701719,ELA,Envela Corp
4464,1937987,FBYD,"Falcon's Beyond Global, Inc."
4465,1163792,WEA,WESTERN ASSET PREMIER BOND FUND
4466,1496749,HEQ,John Hancock Hedged Equity & Income Fund
4467,1708441,MYND,"Mynd.ai, Inc."
4468,1838513,GATE,Marblegate Acquisition Corp.
4469,1566243,ARAT,Arax Holdings Corp
4470,1865407,KCGI,Kensington Capital Acquisition Corp. V
4471,39020,FEIM,FREQUENCY ELECTRONICS INC
4472,1001115,GEOS,GEOSPACE TECHNOLOGIES CORP
4473,1589361,WTRV,White River Energy Corp.
4474,1785530,HOWL,"Werewolf Therapeutics, Inc."
4475,1828588,HNVR,"Hanover Bancorp, Inc. /NY"
4476,1408534,FGBI,"First Guaranty Bancshares, Inc."
4477,1682220,SACH,Sachem Capital Corp.
4478,1477081,KGEI,Kolibri Global Energy Inc.
4479,795800,PNRLF,Premium Nickel Resources Ltd.
4480,1726445,SEER,"Seer, Inc."
4481,1562151,CWGL,"Crimson Wine Group, Ltd"
4482,1339970,ATYR,aTYR PHARMA INC
4483,771266,KOPN,KOPIN CORP
4484,1482554,HFUS,"Hartford Creative Group, Inc."
4485,39092,FRD,FRIEDMAN INDUSTRIES INC
4486,1365767,ALLT,Allot Ltd.
4487,1838108,RMGCF,RMG Acquisition Corp. III
4488,1400897,SRV,NXG Cushing Midstream Energy Fund
4489,1860871,TVGN,Tevogen Bio Holdings Inc.
4490,1053691,CRVO,CervoMed Inc.
4491,1876581,IMPP,Imperial Petroleum Inc./Marshall Islands
4492,1862935,IFIN,InFinT Acquisition Corp
4493,918251,MPAA,MOTORCAR PARTS OF AMERICA INC
4494,1878897,DOUG,Douglas Elliman Inc.
4495,1914605,ECBK,"ECB Bancorp, Inc. /MD/"
4496,1767837,RMBI,"Richmond Mutual Bancorporation, Inc."
4497,1875558,NVCT,"Nuvectis Pharma, Inc."
4498,1165002,WHG,WESTWOOD HOLDINGS GROUP INC
4499,1381074,RTC,Baijiayun Group Ltd
4500,1856961,BOCN,Blue Ocean Acquisition Corp
4501,1814974,BBXIA,"BBX Capital, Inc."
4502,315131,PHX,PHX MINERALS INC.
4503,1825024,OPAD,Offerpad Solutions Inc.
4504,1438461,ELRE,Yinfu Gold Corp.
4505,1711933,AKYA,"Akoya Biosciences, Inc."
4506,1477845,ANVS,"Annovis Bio, Inc."
4507,1353613,FXY,Invesco CurrencyShares Japanese Yen Trust
4508,1305767,PHD,"Pioneer Floating Rate Fund, Inc."
4509,1954594,HAO,Haoxi Health Technology Ltd
4510,1774675,SKIL,Skillsoft Corp.
4511,1553643,RLMD,"RELMADA THERAPEUTICS, INC."
4512,748691,KF,KOREA FUND INC
4513,880641,EFSI,EAGLE FINANCIAL SERVICES INC
4514,1615165,VERI,"Veritone, Inc."
4515,731122,CCFN,MUNCY COLUMBIA FINANCIAL Corp
4516,1357971,ESOA,Energy Services of America CORP
4517,1605301,CBFV,"CB Financial Services, Inc."
4518,1870143,RCFA,Perception Capital Corp. IV
4519,1868640,RDZN,Roadzen Inc.
4520,1820302,BKKT,"Bakkt Holdings, Inc."
4521,355019,FONR,FONAR CORP
4522,1703073,VIVC,VIVIC CORP.
4523,1404281,ELDN,"Eledon Pharmaceuticals, Inc."
4524,1726126,EPSN,Epsilon Energy Ltd.
4525,704440,KRMD,"KORU Medical Systems, Inc."
4526,921183,HMNF,HMN FINANCIAL INC
4527,1801661,SKLZ,Skillz Inc.
4528,1743344,PYRGF,PyroGenesis Canada Inc.
4529,1857030,INCR,Intercure Ltd.
4530,10329,BSET,BASSETT FURNITURE INDUSTRIES INC
4531,778164,ALTO,"Alto Ingredients, Inc."
4532,1022652,INSG,INSEEGO CORP.
4533,1877333,THCH,TH International Ltd
4534,779336,IAF,"ABRDN AUSTRALIA EQUITY FUND, INC."
4535,919864,FNWD,Finward Bancorp
4536,1883835,ESGH,ESG Inc.
4537,759828,JHI,JOHN HANCOCK INVESTORS TRUST
4538,793040,ECF,ELLSWORTH GROWTH & INCOME FUND LTD
4539,706863,UNB,UNION BANKSHARES INC
4540,1971532,TELO,"Telomir Pharmaceuticals, Inc."
4541,1089872,GAIA,"GAIA, INC"
4542,845606,CXE,MFS HIGH INCOME MUNICIPAL TRUST
4543,1413119,KBLB,"Kraig Biocraft Laboratories, Inc"
4544,1133311,TZOO,TRAVELZOO
4545,1571776,CHMI,Cherry Hill Mortgage Investment Corp
4546,1716951,OCCI,"OFS Credit Company, Inc."
4547,1487918,OFS,OFS Capital Corp
4548,1801417,BYNO,byNordic Acquisition Corp
4549,1173643,TRX,TRX GOLD Corp
4550,1909747,JUSHF,Jushi Holdings Inc.
4551,1818838,ADAG,Adagene Inc.
4552,1494650,OPTN,"OptiNose, Inc."
4553,1853580,PFTA,Perception Capital Corp. III
4554,1285650,CGO,CALAMOS GLOBAL TOTAL RETURN FUND
4555,75398,PAI,Western Asset Investment Grade Income Fund Inc.
4556,1753373,MTWO,"M2i Global, Inc."
4557,1796898,MAXN,"Maxeon Solar Technologies, Ltd."
4558,1527762,MFH,Mercurity Fintech Holding Inc.
4559,1834032,CSTAF,Constellation Acquisition Corp I
4560,1808997,AOUT,"American Outdoor Brands, Inc."
4561,1538716,OPRT,Oportun Financial Corp
4562,315374,HURC,HURCO COMPANIES INC
4563,1503802,KPTI,Karyopharm Therapeutics Inc.
4564,1868573,APXI,APx Acquisition Corp. I
4565,1778016,IMAB,I-Mab
4566,924383,GNSS,Genasys Inc.
4567,1720580,ACET,"Adicet Bio, Inc."
4568,810943,PCF,HIGH INCOME SECURITIES FUND
4569,8146,ALOT,"AstroNova, Inc."
4570,1313275,BCOV,BRIGHTCOVE INC
4571,1478454,EBMT,"Eagle Bancorp Montana, Inc."
4572,1851909,CDAQ,Compass Digital Acquisition Corp.
4573,1597835,CMCM,Cheetah Mobile Inc.
4574,1561921,TELA,"TELA Bio, Inc."
4575,1675033,GECC,Great Elm Capital Corp.
4576,882071,PFO,Flaherty & Crumrine PREFERRED & INCOME OPPORTUNITY FUND INC
4577,1699880,AMLI,American Lithium Corp.
4578,1117171,CBAT,"CBAK Energy Technology, Inc."
4579,1839519,CFFS,CF Acquisition Corp. VII
4580,1501989,CTMX,"CytomX Therapeutics, Inc."
4581,1505512,RGLS,Regulus Therapeutics Inc.
4582,1754323,XTKG,"X3 Holdings Co., Ltd."
4583,6207,AXR,AMREP CORP.
4584,890119,NIM,NUVEEN SELECT MATURITIES MUNICIPAL FUND
4585,1723935,STG,Sunlands Technology Group
4586,1828748,ASFH,ASIAFIN HOLDINGS CORP.
4587,1769804,AUGX,"Augmedix, Inc."
4588,808219,MHGU,MERITAGE HOSPITALITY GROUP INC
4589,882300,SBI,WESTERN ASSET INTERMEDIATE MUNI FUND INC.
4590,100726,UFI,UNIFI INC
4591,1828377,FTCO,Fortitude Gold Corp
4592,1853044,AERT,"Aeries Technology, Inc."
4593,1440153,BKUH,"Bakhu Holdings, Corp."
4594,1672909,CPHC,Canterbury Park Holding Corp
4595,1505065,BWAY,Brainsway Ltd.
4596,1510593,XNET,Xunlei Ltd
4597,1332551,ACR,ACRES Commercial Realty Corp.
4598,1708527,ELUT,ELUTIA INC.
4599,1398972,ERDCF,Erdene Resource Development Corp
4600,1845550,PLMJ,Plum Acquisition Corp. III
4601,1558740,WNLV,Winvest Group Ltd
4602,1449794,EMYB,"Embassy Bancorp, Inc."
4603,1141688,LARK,LANDMARK BANCORP INC
4604,894671,OVBC,OHIO VALLEY BANC CORP
4605,1828376,WMPN,William Penn Bancorporation
4606,16859,SRL,Scully Royalty Ltd.
4607,846596,KSM,DWS STRATEGIC MUNICIPAL INCOME TRUST
4608,1835022,COYA,"Coya Therapeutics, Inc."
4609,813623,SWZ,"SWISS HELVETIA FUND, INC."
4610,1075736,CXDO,"Crexendo, Inc."
4611,1653909,BIRD,"Allbirds, Inc."
4612,1517767,CCIF,Carlyle Credit Income Fund
4613,2017526,PCSC,Perceptive Capital Solutions Corp
4614,1879814,TLGY,TLGY ACQUISITION CORP
4615,1213037,CRDF,"Cardiff Oncology, Inc."
4616,1867066,DERM,Journey Medical Corp
4617,1131554,SNCR,SYNCHRONOSS TECHNOLOGIES INC
4618,1850838,OMGA,"Omega Therapeutics, Inc."
4619,1954269,GSIW,Garden Stage Ltd
4620,1597095,TOUR,Tuniu Corp
4621,1411685,VTGN,"Vistagen Therapeutics, Inc."
4622,1875493,CSLM,CSLM ACQUISITION CORP.
4623,18255,CATO,CATO CORP
4624,1966750,ZBAO,Zhibao Technology Inc.
4625,1176309,ORMP,ORAMED PHARMACEUTICALS INC.
4626,1598981,SKYX,SKYX Platforms Corp.
4627,1539190,SPPP,SPROTT PHYSICAL PLATINUM & PALLADIUM TRUST
4628,1904501,ZTEK,Zentek Ltd.
4629,1547521,BBUZ,"Engage Mobility, Inc."
4630,921114,ARMP,"Armata Pharmaceuticals, Inc."
4631,1673772,RAPT,"RAPT Therapeutics, Inc."
4632,1863218,SFWL,SHENGFENG DEVELOPMENT Ltd
4633,1723464,CNVCF,BIOHARVEST SCIENCES INC.
4634,1850453,MYNA,Mynaric AG
4635,1840317,PLMI,Plum Acquisition Corp. I
4636,1843993,THCP,"Thunder Bridge Capital Partners IV, Inc."
4637,1738827,KLXE,"KLX Energy Services Holdings, Inc."
4638,1494891,SRTS,"Sensus Healthcare, Inc."
4639,1602409,FNGR,"FingerMotion, Inc."
4640,1393883,DHX,"DHI GROUP, INC."
4641,1070296,FCAP,FIRST CAPITAL INC
4642,1831006,BLUAF,BlueRiver Acquisition Corp.
4643,1031623,GIFI,GULF ISLAND FABRICATION INC
4644,1874315,SATL,Satellogic Inc.
4645,1838163,BNAI,Brand Engagement Network Inc.
4646,1774983,BROG,Brooge Energy Ltd
4647,72205,NOBH,NOBILITY HOMES INC
4648,880417,CSBB,"CSB Bancorp, Inc."
4649,1609065,PBHC,"Pathfinder Bancorp, Inc."
4650,836690,ISSC,INNOVATIVE SOLUTIONS & SUPPORT INC
4651,1506488,NXG,NXG NextGen Infrastructure Income Fund
4652,943535,WHEN,"WORLD HEALTH ENERGY HOLDINGS, INC."
4653,719402,FXNC,FIRST NATIONAL CORP /VA/
4654,1817241,ARTV,"Artiva Biotherapeutics, Inc."
4655,1543418,TMQ,Trilogy Metals Inc.
4656,1086303,HCIL,"Hongchang International Co., Ltd"
4657,1371782,MVO,MV Oil Trust
4658,897419,NMT,NUVEEN MASSACHUSETTS QUALITY MUNICIPAL INCOME FUND
4659,1760233,RSTN,"RDE, Inc."
4660,1370416,WPRT,WESTPORT FUEL SYSTEMS INC.
4661,767405,SBFG,"SB FINANCIAL GROUP, INC."
4662,1400118,SGMT,Sagimet Biosciences Inc.
4663,1740797,AVAI,AVANT TECHNOLOGIES INC.
4664,1746967,RMI,"RiverNorth Opportunistic Municipal Income Fund, Inc."
4665,933034,STRT,STRATTEC SECURITY CORP
4666,1437226,MHH,"Mastech Digital, Inc."
4667,1794276,YCQH,YCQH Agricultural Technology Co. Ltd
4668,1417892,SOL,Emeren Group Ltd
4669,1001902,IVAC,INTEVAC INC
4670,831378,LVPA,LVPAI GROUP Ltd
4671,1534154,AUID,authID Inc.
4672,1541119,SFBC,"Sound Financial Bancorp, Inc."
4673,1836934,ZENV,Zenvia Inc.
4674,811922,MGF,MFS GOVERNMENT MARKETS INCOME TRUST
4675,830271,NMI,NUVEEN MUNICIPAL INCOME FUND INC
4676,1616788,LGYV,LEGACY VENTURES INTERNATIONAL INC.
4677,1887944,SHIM,Shimmick Corp
4678,1519061,TSE,Trinseo PLC
4679,1585855,GGZ,Gabelli Global Small & Mid Cap Value Trust
4680,1874944,VCSA,"Vacasa, Inc."
4681,750558,QNBC,QNB CORP
4682,1302028,MNTX,"Manitex International, Inc."
4683,1413855,FANH,FANHUA INC.
4684,1868395,YIBO,Planet Image International Ltd
4685,1070732,EVF,EATON VANCE SENIOR INCOME TRUST
4686,1651407,CKPT,"Checkpoint Therapeutics, Inc."
4687,798528,OMEX,ODYSSEY MARINE EXPLORATION INC
4688,105319,WW,"WW INTERNATIONAL, INC."
4689,1837607,AEON,"AEON Biopharma, Inc."
4690,95552,SUP,SUPERIOR INDUSTRIES INTERNATIONAL INC
4691,320340,CCRD,CoreCard Corp
4692,1388126,HNW,"Pioneer Diversified High Income Fund, Inc."
4693,1041859,PLCE,"Childrens Place, Inc."
4694,1174891,GEDC,"CalEthos, Inc."
4695,1852019,IXAQ,IX Acquisition Corp.
4696,1852633,PNST,"Pinstripes Holdings, Inc."
4697,1472215,JLS,Nuveen Mortgage & Income Fund/MA/
4698,1581178,EPRX,EUPRAXIA PHARMACEUTICALS INC.
4699,1496292,IHD,Voya Emerging Markets High Dividend Equity Fund
4700,1408201,TPZ,TORTOISE POWER & ENERGY INFRASTRUCTURE FUND INC
4701,1934945,TBMC,Trailblazer Merger Corp I
4702,845379,CHN,CHINA FUND INC
4703,1420520,ATOM,Atomera Inc
4704,1655923,ACOGF,Alpha Cognition Inc.
4705,1894057,PPYA,Papaya Growth Opportunity Corp. I
4706,1852767,MRT,"Marti Technologies, Inc."
4707,1758530,SY,So-Young International Inc.
4708,1973056,BOWN,Bowen Acquisition Corp
4709,1787414,BSBK,Bogota Financial Corp.
4710,1828972,BZFD,"BuzzFeed, Inc."
4711,1790177,RFM,"RiverNorth Flexible Municipal Income Fund, Inc."
4712,1557746,ACRS,"Aclaris Therapeutics, Inc."
4713,1985273,TOYO,"TOYO Co., Ltd"
4714,1239819,LUNA,LUNA INNOVATIONS INC
4715,95953,ACNT,ASCENT INDUSTRIES CO.
4716,1490349,PFX,PhenixFIN Corp
4717,1453593,XTNT,"Xtant Medical Holdings, Inc."
4718,916793,SILC,SILICOM LTD.
4719,1171759,RRGB,RED ROBIN GOURMET BURGERS INC
4720,1946399,LSB,"LakeShore Biopharma Co., Ltd."
4721,1783875,FFNTF,4Front Ventures Corp.
4722,1888012,HLVX,"HilleVax, Inc."
4723,948368,PSBQ,PSB HOLDINGS INC /WI/
4724,1865494,IOBT,"IO Biotech, Inc."
4725,9521,BCV,BANCROFT FUND LTD
4726,1741257,BFGX,"BANGFU TECHNOLOGY GROUP CO., LTD."
4727,1036044,INVE,"Identiv, Inc."
4728,1426800,ASMB,"ASSEMBLY BIOSCIENCES, INC."
4729,1641229,FFMGF,First Mining Gold Corp.
4730,1085243,VTSI,"VirTra, Inc"
4731,1932770,QSG,QuantaSing Group Ltd
4732,1378701,GDL,GDL FUND
4733,1871745,DSAQ,Direct Selling Acquisition Corp.
4734,1776738,CBSTF,Cannabist Co Holdings Inc.
4735,1738906,YI,"111, Inc."
4736,1613780,DBVT,DBV Technologies S.A.
4737,1041368,RVSB,RIVERVIEW BANCORP INC
4738,1847064,PSQH,"PSQ Holdings, Inc."
4739,811222,CDIX,Cardiff Lexington Corp
4740,1659494,COE,51Talk Online Education Group
4741,886136,SGA,SAGA COMMUNICATIONS INC
4742,1979005,AFJK,"Aimei Health Technology Co., Ltd."
4743,1837929,NPAB,New Providence Acquisition Corp. II
4744,1134115,THM,INTERNATIONAL TOWER HILL MINES LTD
4745,1509470,SSSS,SURO CAPITAL CORP.
4746,1900402,EVGR,Evergreen Corp
4747,1847874,BEEP,Mobile Infrastructure Corp
4748,1474903,BGSF,"BGSF, INC."
4749,1007587,KVHI,KVH INDUSTRIES INC \DE\
4750,1934642,MDBH,"MDB Capital Holdings, LLC"
4751,1867443,CNGL,Canna-Global Acquisition Corp
4752,1897971,GLAC,Global Lights Acquisition Corp
4753,1751783,RBKB,"Rhinebeck Bancorp, Inc."
4754,1010470,PROV,PROVIDENT FINANCIAL HOLDINGS INC
4755,715446,ANIX,Anixa Biosciences Inc
4756,1529628,SND,"Smart Sand, Inc."
4757,1978528,QETA,Quetta Acquisition Corp
4758,1710340,ETON,"Eton Pharmaceuticals, Inc."
4759,876378,ASXC,"ASENSUS SURGICAL, INC."
4760,1855447,TYGO,"TIGO ENERGY, INC."
4761,1279014,ERH,ALLSPRING UTILITIES & HIGH INCOME FUND
4762,1944212,DYCQ,DT Cloud Acquisition Corp
4763,928465,DIT,AMCON DISTRIBUTING CO
4764,1723069,TLSA,Tiziana Life Sciences Ltd
4765,1438893,GNT,"GAMCO Natural Resources, Gold & Income Trust"
4766,1132105,SPWH,"SPORTSMAN'S WAREHOUSE HOLDINGS, INC."
4767,1902314,MPTI,"M-tron Industries, Inc."
4768,1556727,FNWB,First Northwest Bancorp
4769,1141197,PED,PEDEVCO CORP
4770,1848437,CITE,Cartica Acquisition Corp
4771,1722387,ITRG,Integra Resources Corp.
4772,2000775,BKHA,Black Hawk Acquisition Corp
4773,1951276,SRBK,"SR Bancorp, Inc."
4774,1386301,RSSS,"Research Solutions, Inc."
4775,1505413,VOC,VOC Energy Trust
4776,1848275,TOP,TOP Financial Group Ltd
4777,1708688,IFRX,InflaRx N.V.
4778,1879851,TMTC,TMT Acquisition Corp.
4779,908187,PCM,"PCM FUND, INC."
4780,1705012,FAT,"Fat Brands, Inc"
4781,1526119,VSTM,"Verastem, Inc."
4782,1832950,KRNL,"Kernel Group Holdings, Inc."
4783,1901203,IROH,Iron Horse Acquisitions Corp.
4784,804563,BMBN,BENCHMARK BANKSHARES INC
4785,1893219,ACAB,Atlantic Coastal Acquisition Corp. II
4786,23197,CMTL,COMTECH TELECOMMUNICATIONS CORP /DE/
4787,1849548,ONYX,Onyx Acquisition Co. I
4788,14177,BRID,BRIDGFORD FOODS CORP
4789,1398805,BEEM,Beam Global
4790,1748137,NEOV,NeoVolta Inc.
4791,865400,GSVRF,GUANAJUATO SILVER CO LTD
4792,809844,CMU,MFS HIGH YIELD MUNICIPAL TRUST
4793,1672886,ZHYBF,Zhong Yuan Bio-Technology Holdings Ltd
4794,1841675,ARBK,Argo Blockchain Plc
4795,1842566,AISP,"Airship AI Holdings, Inc."
4796,1754068,ALVR,"Allovir, Inc."
4797,1852061,GAQ,Generation Asia I Acquisition Ltd
4798,849145,HGBL,Heritage Global Inc.
4799,1437479,ENBP,ENB Financial Corp
4800,1894951,GBBK,Global Blockchain Acquisition Corp.
4801,1282957,GLU,GABELLI GLOBAL UTILITY & INCOME TRUST
4802,1847345,PWUP,PowerUp Acquisition Corp.
4803,54187,MAYS,MAYS J W INC
4804,1318025,PGP,PIMCO Global StocksPLUS & Income Fund
4805,832480,UTGN,UTG INC
4806,1528811,VGI,Virtus Global Multi-Sector Income Fund
4807,1826892,BCAB,"BioAtla, Inc."
4808,1838821,ARYD,ARYA Sciences Acquisition Corp IV
4809,1492674,TTOO,"T2 Biosystems, Inc."
4810,718413,CMTV,COMMUNITY BANCORP /VT
4811,1946021,HSPO,Horizon Space Acquisition I Corp.
4812,1516899,YTRA,"Yatra Online, Inc."
4813,1846235,IMAQ,International Media Acquisition Corp.
4814,1676047,NTRB,NutriBand Inc.
4815,1814423,IH,iHuman Inc.
4816,1463000,GRUSF,Grown Rogue International Inc.
4817,1539029,CLSD,"Clearside Biomedical, Inc."
4818,1828811,LICY,Li-Cycle Holdings Corp.
4819,1722438,DOMA,"Doma Holdings, Inc."
4820,832370,EAXR,"Ealixir, Inc."
4821,1851612,BHAC,Focus Impact BH3 Acquisition Co
4822,1833769,HYPR,"Hyperfine, Inc."
4823,1279704,CLRB,"Cellectar Biosciences, Inc."
4824,1001233,SGMO,"SANGAMO THERAPEUTICS, INC"
4825,1770088,WIMI,WiMi Hologram Cloud Inc.
4826,1808898,BNTC,Benitec Biopharma Inc.
4827,740971,OPOF,OLD POINT FINANCIAL CORP
4828,1841125,GAMC,Golden Arrow Merger Corp.
4829,1962738,CASI,"CASI Pharmaceuticals, Inc."
4830,1927719,CRGO,Freightos Ltd
4831,1504678,LOOP,"Loop Industries, Inc."
4832,1876716,ASCB,ASPAC II Acquisition Corp.
4833,1869673,BACA,Berenson Acquisition Corp. I
4834,1677940,BYSI,BeyondSpring Inc.
4835,1892747,VMCA,Valuence Merger Corp. I
4836,1953984,BCG,"Binah Capital Group, Inc."
4837,885732,NXC,NUVEEN CALIFORNIA SELECT TAX FREE INCOME PORTFOLIO
4838,1006281,PLX,"Protalix BioTherapeutics, Inc."
4839,1682639,EYEN,"EYENOVIA, INC."
4840,1854480,FIAC,Focus Impact Acquisition Corp.
4841,849146,LFVN,Lifevantage Corp
4842,1844450,ELVA,Electrovaya Inc.
4843,866095,JEQ,"ABRDN JAPAN EQUITY FUND, INC."
4844,56701,KOSS,KOSS CORP
4845,876717,FCO,"ABRDN GLOBAL INCOME FUND, INC."
4846,1869601,EMCG,Embrace Change Acquisition Corp.
4847,1699382,PMVP,"PMV Pharmaceuticals, Inc."
4848,1170311,PNI,PIMCO NEW YORK MUNICIPAL INCOME FUND II
4849,1178253,SCYX,SCYNEXIS INC
4850,1831874,IRAA,Iris Acquisition Corp
4851,1643154,ITHUF,"iANTHUS CAPITAL HOLDINGS, INC."
4852,1809616,UPC,Universe Pharmaceuticals INC
4853,1956055,BUJA,Bukit Jalil Global Acquisition 1 Ltd.
4854,1708599,SER,"Serina Therapeutics, Inc."
4855,1854795,IRRX,INTEGRATED RAIL & RESOURCES ACQUISITION CORP
4856,1877557,WEL,Integrated Wellness Acquisition Corp
4857,1463972,VUZI,Vuzix Corp
4858,1586454,PMHG,Prime Meridian Holding Co
4859,1267813,MRNS,"MARINUS PHARMACEUTICALS, INC."
4860,1945422,OAKU,Oak Woods Acquisition Corp
4861,883107,NANX,NANOPHASE TECHNOLOGIES Corp
4862,1816613,MKFG,Markforged Holding Corp
4863,1868269,LATG,Chenghe Acquisition I Co.
4864,1789769,TIL,"Instil Bio, Inc."
4865,1835579,IKNA,"Ikena Oncology, Inc."
4866,1830029,GRDI,GRIID Infrastructure Inc.
4867,1857803,DPCS,DP Cap Acquisition Corp I
4868,855683,MLSS,MILESTONE SCIENTIFIC INC.
4869,720500,ASYS,AMTECH SYSTEMS INC
4870,1836100,PUCK,Goal Acquisitions Corp.
4871,1847355,TGAA,Target Global Acquisition I Corp.
4872,1913577,DECA,Denali Capital Acquisition Corp.
4873,1041657,UONE,"URBAN ONE, INC."
4874,1880438,ANTX,"AN2 Therapeutics, Inc."
4875,1843370,BLEU,bleuacacia ltd
4876,912061,NHTC,NATURAL HEALTH TRENDS CORP
4877,1966734,AITR,AI Transportation Acquisition Corp
4878,890447,VTNR,Vertex Energy Inc.
4879,911147,CNTY,CENTURY CASINOS INC /CO/
4880,1040130,PETS,PETMED EXPRESS INC
4881,1117480,CMRX,CHIMERIX INC
4882,1509745,LPTX,"LEAP THERAPEUTICS, INC."
4883,914712,STCN,"Steel Connect, Inc."
4884,1741830,KRON,"Kronos Bio, Inc."
4885,1899005,BMR,Beamr Imaging Ltd.
4886,1844817,AACI,Armada Acquisition Corp. I
4887,1852749,XFIN,ExcelFin Acquisition Corp.
4888,1963685,RR,RICHTECH ROBOTICS INC.
4889,1865697,GGAAF,Genesis Growth Tech Acquisition Corp.
4890,1523836,LITB,"LightInTheBox Holding Co., Ltd."
4891,1627469,PTZH,"Photozou Holdings, Inc."
4892,1895144,GODN,Golden Star Acquisition Corp
4893,1848821,GTAC,Global Technology Acquisition Corp. I
4894,725363,CVM,CEL SCI CORP
4895,1621906,WSTRF,Western Uranium & Vanadium Corp.
4896,1969475,BAYA,Bayview Acquisition Corp
4897,1829280,FORA,Forian Inc.
4898,1862463,INAQ,Insight Acquisition Corp. /DE
4899,1846750,TCOA,Zalatoris Acquisition Corp.
4900,1856161,PRLH,Pearl Holdings Acquisition Corp
4901,737875,FKYS,FIRST KEYSTONE CORP
4902,2012706,SUNS,"Sunrise Realty Trust, Inc."
4903,1769759,MGRM,Monogram Technologies Inc.
4904,1447051,TBNK,Territorial Bancorp Inc.
4905,1129928,ONCY,ONCOLYTICS BIOTECH INC
4906,1782303,BOLD,"Boundless Bio, Inc."
4907,1445109,NSGP,NewStream Energy Technologies Group Inc
4908,1702924,WRAP,"WRAP TECHNOLOGIES, INC."
4909,1608390,AFMD,Affimed N.V.
4910,1866001,JVSA,JVSPAC Acquisition Corp.
4911,1408443,MIST,Milestone Pharmaceuticals Inc.
4912,1703157,SCTH,"Securetech Innovations, Inc."
4913,1852407,FEXD,Fintech Ecosystem Development Corp.
4914,914122,PPIH,"Perma-Pipe International Holdings, Inc."
4915,1838716,GNTA,Genenta Science S.p.A.
4916,879535,DTF,DTF TAX-FREE INCOME 2028 TERM FUND INC
4917,1937891,ATMV,AlphaVest Acquisition Corp.
4918,1337068,MGYR,"Magyar Bancorp, Inc."
4919,1340476,DRTTF,DIRTT ENVIRONMENTAL SOLUTIONS LTD
4920,1785424,KPLT,"Katapult Holdings, Inc."
4921,880242,BLGO,"BIOLARGO, INC."
4922,1275158,NDLS,NOODLES & Co
4923,1036848,MPU,Mega Matrix Corp.
4924,1074692,CEV,EATON VANCE CALIFORNIA MUNICIPAL INCOME TRUST
4925,1900679,TETE,Technology & Telecommunication Acquisition Corp
4926,770460,PFBX,PEOPLES FINANCIAL CORP /MS/
4927,1646188,ONDS,Ondas Holdings Inc.
4928,1878313,MAIA,"MAIA Biotechnology, Inc."
4929,1858007,GDST,Goldenstone Acquisition Ltd.
4930,1857855,FNVT,Finnovate Acquisition Corp.
4931,1701108,SPRO,"Spero Therapeutics, Inc."
4932,1865248,CMCAF,Capitalworks Emerging Markets Acquisition Corp
4933,1838987,CSLR,"Complete Solaria, Inc."
4934,1889106,ATMC,ALPHATIME ACQUISITION CORP
4935,1876766,LICN,Lichen China Ltd
4936,1851484,TENK,TenX Keane Acquisition
4937,1289636,PFIE,PROFIRE ENERGY INC
4938,1334325,CODA,"Coda Octopus Group, Inc."
4939,1823000,CNXX,CONX Corp.
4940,1947244,USGO,U.S. GoldMining Inc.
4941,1828937,FOA,Finance of America Companies Inc.
4942,1865200,PORT,Southport Acquisition Corp
4943,1661053,NVNO,enVVeno Medical Corp
4944,827871,EGRX,"EAGLE PHARMACEUTICALS, INC."
4945,1845123,IVCP,Swiftmerge Acquisition Corp.
4946,1838000,SWSS,Clean Energy Special Situations Corp.
4947,1514490,RGT,"ROYCE GLOBAL TRUST, INC."
4948,1845149,CBRG,Chain Bridge I
4949,1656634,GRTS,"Gritstone bio, Inc."
4950,1936255,FORL,Four Leaf Acquisition Corp
4951,1126741,GSIT,GSI TECHNOLOGY INC
4952,1523289,DMA,Destra Multi-Alternative Fund
4953,1712178,NAAS,NaaS Technology Inc.
4954,1820175,OCAX,OCA Acquisition Corp.
4955,1835268,CNTB,Connect Biopharma Holdings Ltd
4956,1043186,SLNG,"Stabilis Solutions, Inc."
4957,1746119,MUGH,MU GLOBAL HOLDING Ltd
4958,818677,SFDL,SECURITY FEDERAL CORP
4959,1780531,OCFT,"ONECONNECT FINANCIAL TECHNOLOGY CO., LTD."
4960,1843162,SSIC,Silver Spike Investment Corp.
4961,1852016,AEAE,AltEnergy Acquisition Corp
4962,1296774,NCTY,The9 LTD
4963,1872529,MDXH,MDxHealth SA
4964,1779372,BEAT,"HeartBeam, Inc."
4965,1999297,DSY,Big Tree Cloud Holdings Ltd
4966,65596,SIEB,SIEBERT FINANCIAL CORP
4967,1231457,GNLX,GENELUX Corp
4968,1964630,VSTE,Vast Renewables Ltd
4969,1577445,ODYS,Odysight.ai Inc.
4970,1636651,OVID,Ovid Therapeutics Inc.
4971,1564824,ALLK,Allakos Inc.
4972,1792267,BNR,Burning Rock Biotech Ltd
4973,1272842,AIRG,AIRGAIN INC
4974,1903382,BHM,"Bluerock Homes Trust, Inc."
4975,1742518,MTC,"MMTec, Inc."
4976,1668340,BCTF,"Bancorp 34, Inc."
4977,1120370,BWEN,"BROADWIND, INC."
4978,1859807,NVAC,NorthView Acquisition Corp
4979,1847440,MITA,Coliseum Acquisition Corp.
4980,1882464,MSSA,Metal Sky Star Acquisition Corp
4981,1290476,VBFC,Village Bank & Trust Financial Corp.
4982,1930313,PTWO,"Pono Capital Two, Inc."
4983,811211,UNIB,UNIVERSITY BANCORP INC /DE/
4984,1526329,TTP,"TORTOISE PIPELINE & ENERGY FUND, INC."
4985,1166834,SHLT,SHL TELEMEDICINE LTD
4986,1780201,LVLU,"Lulu's Fashion Lounge Holdings, Inc."
4987,1733868,CNF,CNFinance Holdings Ltd.
4988,845611,GCV,GABELLI CONVERTIBLE & INCOME SECURITIES FUND INC
4989,1512717,THTX,Theratechnologies Inc.
4990,1455365,CGTX,COGNITION THERAPEUTICS INC
4991,884269,APT,ALPHA PRO TECH LTD
4992,1288795,GLV,Clough Global Dividend & Income Fund
4993,2178,AE,"ADAMS RESOURCES & ENERGY, INC."
4994,731653,UBCP,UNITED BANCORP INC /OH/
4995,1606745,LTRPA,"Liberty TripAdvisor Holdings, Inc."
4996,1849294,FRLA,Fortune Rise Acquisition Corp
4997,1557523,PGZ,Principal Real Estate Income Fund
4998,1341318,LSBK,"LAKE SHORE BANCORP, INC."
4999,312257,IVFH,INNOVATIVE FOOD HOLDINGS INC
5000,1266806,VANI,"Vivani Medical, Inc."
5001,1512228,NB,NIOCORP DEVELOPMENTS LTD
5002,1006837,VATE,INNOVATE Corp.
5003,846671,VLT,Invesco High Income Trust II
5004,13156,GLXZ,"Galaxy Gaming, Inc."
5005,1385632,IAE,Voya Asia Pacific High Dividend Equity Income Fund
5006,1722380,AIU,Meta Data Ltd
5007,1975222,SSHT,SSHT S&T Group Ltd.
5008,927719,DWNX,DELHI BANK CORP
5009,810332,MESA,MESA AIR GROUP INC
5010,1818605,DIST,Distoken Acquisition Corp
5011,1607997,NMS,Nuveen Minnesota Quality Municipal Income Fund
5012,860489,CEE,"CENTRAL & EASTERN EUROPE FUND, INC."
5013,1799332,GAN,GAN Ltd
5014,1357874,DTIL,PRECISION BIOSCIENCES INC
5015,1489874,GGROU,Golden Growers Cooperative
5016,917225,XPL,SOLITARIO RESOURCES CORP.
5017,1971542,QMMM,QMMM Holdings Ltd
5018,1941131,TORO,TORO CORP.
5019,883569,FOSL,"Fossil Group, Inc."
5020,939930,PYYX,"PYXUS INTERNATIONAL, INC."
5021,33992,KINS,"KINGSTONE COMPANIES, INC."
5022,1449349,RDGL,VIVOS INC
5023,750574,AUBN,"AUBURN NATIONAL BANCORPORATION, INC"
5024,1848861,HAIA,Healthcare AI Acquisition Corp.
5025,41719,GLT,Glatfelter Corp
5026,1024672,ELTK,ELTEK LTD
5027,1158172,SCOR,"COMSCORE, INC."
5028,1844419,MAQC,Maquia Capital Acquisition Corp
5029,1967478,CAPT,Captivision Inc.
5030,1901886,AFAR,Aura Fat Projects Acquisition Corp
5031,1888734,GLLI,GLOBALINK INVESTMENT INC.
5032,1230058,KANP,KAANAPALI LAND LLC
5033,1276469,MFD,MACQUARIE/FIRST TRUST GLOBAL INFRASTR/UTIL DIV & INC FUND
5034,1657045,CHMX,NEXT-ChemX Corporation.
5035,723603,CULP,CULP INC
5036,353184,AIRT,AIR T INC
5037,1224133,MCHX,MARCHEX INC
5038,1681903,ICCH,"ICC Holdings, Inc."
5039,1871983,ANGH,Anghami Inc
5040,1538495,ETST,"Earth Science Tech, Inc."
5041,1865111,ALSA,Alpha Star Acquisition Corp
5042,771856,CSBR,"CHAMPIONS ONCOLOGY, INC."
5043,1779020,DNMR,"Danimer Scientific, Inc."
5044,1390478,SLS,"SELLAS Life Sciences Group, Inc."
5045,1106213,SFRX,SEAFARER EXPLORATION CORP
5046,1496690,BCRD,"BlueOne Card, Inc."
5047,1876431,PRE,Prenetics Global Ltd
5048,1066684,TGLO,THEGLOBE COM INC
5049,1849058,CLOE,Clover Leaf Capital Corp.
5050,1859199,AIRE,reAlpha Tech Corp.
5051,202947,CPTP,CAPITAL PROPERTIES INC /RI/
5052,1708341,AGAE,Allied Gaming & Entertainment Inc.
5053,1275101,BOTJ,BANK OF THE JAMES FINANCIAL GROUP INC
5054,783324,VGZ,VISTA GOLD CORP
5055,1391127,EGIO,"Edgio, Inc."
5056,1481028,HYSR,"SUNHYDROGEN, INC."
5057,728385,MEEC,Midwest Energy Emissions Corp.
5058,1498403,BLRX,BioLineRx Ltd.
5059,1505155,UPLD,"Upland Software, Inc."
5060,855787,TRLM,"TRULEUM, INC."
5061,1731388,EDRY,EuroDry Ltd.
5062,1698508,IHTA,Invesco High Income 2024 Target Term Fund
5063,1567264,INTS,"INTENSITY THERAPEUTICS, INC."
5064,1772720,SPRU,SPRUCE POWER HOLDING CORP
5065,1532286,NINE,"Nine Energy Service, Inc."
5066,1969401,LGCB,Linkage Global Inc
5067,1752828,CELU,Celularity Inc
5068,847411,CXH,MFS INVESTMENT GRADE MUNICIPAL TRUST
5069,1083743,FLUX,"Flux Power Holdings, Inc."
5070,1302624,FAM,FIRST TRUST/ABRDN GLOBAL OPPORTUNITY INCOME FUND
5071,788920,PDEX,PRO DEX INC
5072,716643,RGS,REGIS CORP
5073,1847607,RFAC,RF Acquisition Corp.
5074,1522767,MRMD,MARIMED INC.
5075,1226616,MNOV,MEDICINOVA INC
5076,1817229,VOR,Vor Biopharma Inc.
5077,1842356,PET,Wag! Group Co.
5078,793524,REFR,RESEARCH FRONTIERS INC
5079,1859690,ARQQ,Arqit Quantum Inc.
5080,1889450,FTII,FutureTech II Acquisition Corp.
5081,1539850,STCB,"Starco Brands, Inc."
5082,949961,IOR,INCOME OPPORTUNITY REALTY INVESTORS INC /TX/
5083,1299969,CHCI,"Comstock Holding Companies, Inc."
5084,1965473,CCG,Cheche Group Inc.
5085,1866838,IGTA,Inception Growth Acquisition Ltd
5086,1098009,AAGH,America Great Health
5087,1163389,NWPP,NEW PEOPLES BANKSHARES INC
5088,1687919,FGNV,FORGE INNOVATION DEVELOPMENT CORP.
5089,1605481,NGLD,Nevada Canyon Gold Corp.
5090,1638097,ENTX,Entera Bio Ltd.
5091,1880613,DRCT,"Direct Digital Holdings, Inc."
5092,1803914,PLBY,"PLBY Group, Inc."
5093,34563,FARM,FARMER BROTHERS CO
5094,1897087,JUNE,Junee Ltd
5095,1758009,QUBT,Quantum Computing Inc.
5096,84112,RSKIA,"GEORGE RISK INDUSTRIES, INC."
5097,1888654,FEAM,"5E Advanced Materials, Inc."
5098,1286973,USAS,Americas Gold & Silver Corp
5099,793306,BDCO,BLUE DOLPHIN ENERGY CO
5100,1145255,HNNA,HENNESSY ADVISORS INC
5101,1263364,COPR,Idaho Copper Corp
5102,1760542,HOOK,HOOKIPA Pharma Inc.
5103,1836295,RTGN,RetinalGenix Technologies Inc.
5104,1514597,FURY,FURY GOLD MINES LTD
5105,1974044,MNY,MoneyHero Ltd
5106,58361,LEE,"LEE ENTERPRISES, Inc"
5107,1320854,RAIL,"FreightCar America, Inc."
5108,1815974,ANEB,"Anebulo Pharmaceuticals, Inc."
5109,806172,SOTK,SONO TEK CORP
5110,1771706,VREOF,Vireo Growth Inc.
5111,1140410,PNF,PIMCO NEW YORK MUNICIPAL INCOME FUND
5112,815577,MPIR,Empire Diversified Energy Inc
5113,791718,EEA,"EUROPEAN EQUITY FUND, INC / MD"
5114,1433607,NSPR,"InspireMD, Inc."
5115,1040896,IDN,"Intellicheck, Inc."
5116,1468327,RENT,"Rent the Runway, Inc."
5117,1420565,ALRN,"Aileron Therapeutics, Inc."
5118,1378950,PRTS,"CarParts.com, Inc."
5119,1775898,UCL,uCloudlink Group Inc.
5120,942895,REDW,REDWOOD FINANCIAL INC /MN/
5121,93314,VNRX,VOLITIONRX LTD
5122,1718405,HYMC,HYCROFT MINING HOLDING CORP
5123,1875609,SWVL,Swvl Holdings Corp
5124,1759136,BHAT,Blue Hat Interactive Entertainment Technology
5125,1360565,WFCF,"Where Food Comes From, Inc."
5126,1776909,CURI,CuriosityStream Inc.
5127,1008654,TUP,TUPPERWARE BRANDS CORP
5128,868278,PRPH,"ProPhase Labs, Inc."
5129,1742770,VIOT,"Viomi Technology Co., Ltd"
5130,1390352,ORRCF,OROCO RESOURCE CORP
5131,1156388,BGFV,BIG 5 SPORTING GOODS Corp
5132,45919,HHS,HARTE HANKS INC
5133,1392694,SURG,"SurgePays, Inc."
5134,1320350,LNSR,"LENSAR, Inc."
5135,881787,CRT,CROSS TIMBERS ROYALTY TRUST
5136,1320760,TSSI,"TSS, Inc."
5137,1450704,VIVK,"Vivakor, Inc."
5138,1040161,PXLW,"PIXELWORKS, INC"
5139,717806,FUSB,"FIRST US BANCSHARES, INC."
5140,1866816,OPTX,"SYNTEC OPTICS HOLDINGS, INC."
5141,1802450,LIFW,"MSP Recovery, Inc."
5142,1571329,LRFC,Logan Ridge Finance Corp.
5143,1948443,RAY,Raytech Holding Ltd
5144,1576873,ABAT,AMERICAN BATTERY TECHNOLOGY Co
5145,1847513,TRON,CORNER GROWTH ACQUISITION CORP. 2
5146,1282648,BATL,BATTALION OIL CORP
5147,740806,FMBM,F&M BANK CORP
5148,15847,BUKS,BUTLER NATIONAL CORP
5149,1500305,SPGX,Sustainable Projects Group Inc.
5150,316253,ENZ,ENZO BIOCHEM INC
5151,1557798,CIIT,"Tianci International, Inc."
5152,1696355,BEDU,Bright Scholar Education Holdings Ltd
5153,1657642,SLBK,"Skyline Bankshares, Inc."
5154,1080340,LOAN,"MANHATTAN BRIDGE CAPITAL, INC"
5155,1738177,CMBM,Cambium Networks Corp
5156,799165,DWSN,DAWSON GEOPHYSICAL CO
5157,1915403,SATX,SatixFy Communications Ltd.
5158,1547158,NDP,"TORTOISE ENERGY INDEPENDENCE FUND, INC."
5159,72633,NRT,NORTH EUROPEAN OIL ROYALTY TRUST
5160,862692,CCEL,CRYO CELL INTERNATIONAL INC
5161,1041024,RMTI,"ROCKWELL MEDICAL, INC."
5162,1822886,HHGC,HHG Capital Corp
5163,1031235,SELF,"Global Self Storage, Inc."
5164,807707,VOXX,VOXX International Corp
5165,1865861,CCTS,Cactus Acquisition Corp. 1 Ltd
5166,1844417,ESLA,"Estrella Immunopharma, Inc."
5167,1641489,VTVT,vTv Therapeutics Inc.
5168,1971543,MURA,Mural Oncology plc
5169,1392994,FGB,FIRST TRUST SPECIALTY FINANCE & FINANCIAL OPPORTUNITIES FUND
5170,1831096,GEG,"Great Elm Group, Inc."
5171,1651166,GSBX,Golden State Bancorp
5172,838131,JMM,Nuveen Multi-Market Income Fund
5173,912764,KSBI,KS BANCORP INC
5174,1227636,STIM,"Neuronetics, Inc."
5175,1045742,LIVE,LIVE VENTURES Inc
5176,1990950,SELX,Semilux International Ltd.
5177,1507957,IPWR,Ideal Power Inc.
5178,1448597,AUGG,AUGUSTA GOLD CORP.
5179,1841761,GROV,"Grove Collaborative Holdings, Inc."
5180,1828185,BRNS,Barinthus Biotherapeutics plc.
5181,1764974,TSBX,Turnstone Biologics Corp.
5182,1849296,OKYO,OKYO Pharma Ltd
5183,1662684,KULR,"KULR Technology Group, Inc."
5184,1682056,SVRSF,Silver Storm Mining Ltd.
5185,1830072,IPW,iPower Inc.
5186,1175151,CTSO,Cytosorbents Corp
5187,1397016,OPXS,Optex Systems Holdings Inc
5188,1873835,IMMX,"Immix Biopharma, Inc."
5189,1739410,RLYB,Rallybio Corp
5190,1760903,SHOT,"Safety Shot, Inc."
5191,898171,UWHR,UWHARRIE CAPITAL CORP
5192,1429260,FBIO,"Fortress Biotech, Inc."
5193,1961592,GSHRF,GOLDSHORE RESOURCES INC.
5194,33533,ESP,ESPEY MFG & ELECTRONICS CORP
5195,1640043,PXS,Pyxis Tankers Inc.
5196,1509397,LOMLF,Lion One Metals Ltd.
5197,714712,JUVF,JUNIATA VALLEY FINANCIAL CORP
5198,1964979,ALUR,"ALLURION TECHNOLOGIES, INC."
5199,1709505,BEST,BEST Inc.
5200,1631487,CLGN,CollPlant Biotechnologies Ltd
5201,1967621,ATGL,Alpha Technology Group Ltd
5202,1935172,AIXI,Xiao-I Corp
5203,1881592,NSTS,"NSTS Bancorp, Inc."
5204,1826889,BODI,"Beachbody Company, Inc."
5205,1885998,ROCL,Roth CH Acquisition V Co.
5206,1123267,HANNF,Hannan Metals Ltd.
5207,908311,CMCT,Creative Media & Community Trust Corp
5208,1826000,LTCH,"Latch, Inc."
5209,27093,USAU,U.S. GOLD CORP.
5210,1849867,CLST,"Catalyst Bancorp, Inc."
5211,1864531,VSEE,"VSEE HEALTH, INC."
5212,1840748,LVTX,LAVA Therapeutics NV
5213,1832161,KEYR,KeyStar Corp.
5214,1487197,BRFH,BARFRESH FOOD GROUP INC.
5215,1649739,BAFN,BayFirst Financial Corp.
5216,1865120,BRAC,Broad Capital Acquisition Corp
5217,1667313,ZDGE,"Zedge, Inc."
5218,1514743,IROQ,"IF Bancorp, Inc."
5219,1609988,FLCX,flooidCX Corp.
5220,1831978,NBST,Newbury Street Acquisition Corp
5221,1082038,DRRX,DURECT CORP
5222,720154,NOTV,"Inotiv, Inc."
5223,1707919,CENN,Cenntro Inc.
5224,1864032,ADRT,Ault Disruptive Technologies Corp
5225,1798749,AVTE,"Aerovate Therapeutics, Inc."
5226,1476573,AIRRF,Aurion Resources Ltd.
5227,716634,RDI,READING INTERNATIONAL INC
5228,1610618,CDTX,"Cidara Therapeutics, Inc."
5229,101295,UG,UNITED GUARDIAN INC
5230,1847360,BCOW,"1895 Bancorp of Wisconsin, Inc. /MD/"
5231,1228627,OCUP,"Ocuphire Pharma, Inc."
5232,1903392,CLRC,ClimateRock
5233,1826681,PDYN,Palladyne AI Corp.
5234,1644771,RSF,"RiverNorth Capital & Income Fund, Inc."
5235,1991946,CGBS,Crown LNG Holdings Ltd
5236,1699906,BKRRF,BLACKROCK SILVER CORP.
5237,12040,BDL,FLANIGANS ENTERPRISES INC
5238,1133062,JANL,JANEL CORP
5239,1074871,MODD,"Modular Medical, Inc."
5240,1847986,DFLI,Dragonfly Energy Holdings Corp.
5241,1979484,ABVE,Above Food Ingredients Inc.
5242,1356093,CREX,"CREATIVE REALITIES, INC."
5243,25895,CRWS,CROWN CRAFTS INC
5244,1943444,TRSG,Tungray Technologies Inc
5245,1520048,PVL,Permianville Royalty Trust
5246,1301236,SOHO,Sotherly Hotels Inc.
5247,1169138,GBUX,"GIVBUX, INC."
5248,1498148,AITX,Artificial Intelligence Technology Solutions Inc.
5249,1939801,SMDRF,SIERRA MADRE GOLD & SILVER LTD.
5250,1519469,ANLDF,ANFIELD ENERGY INC.
5251,889971,LPTH,LIGHTPATH TECHNOLOGIES INC
5252,1787297,PASG,"Passage BIO, Inc."
5253,1101680,DZSI,DZS INC.
5254,1828161,FTCI,"FTC Solar, Inc."
5255,1006830,CBKM,CONSUMERS BANCORP INC /OH/
5256,1319183,FMY,FIRST TRUST MORTGAGE INCOME FUND
5257,1337090,SPAZF,SPANISH MOUNTAIN GOLD LTD.
5258,1847806,GNS,Genius Group Ltd
5259,1932244,LVER,Lever Global Corp
5260,1411690,BNGO,"Bionano Genomics, Inc."
5261,1854139,ZVIA,Zevia PBC
5262,1997201,PSIG,PS International Group Ltd.
5263,1359931,TARA,"Protara Therapeutics, Inc."
5264,1819493,XOS,"Xos, Inc."
5265,1329606,CETY,"Clean Energy Technologies, Inc."
5266,1210708,HSON,"Hudson Global, Inc."
5267,1394056,OSS,"ONE STOP SYSTEMS, INC."
5268,1604464,ATRA,"Atara Biotherapeutics, Inc."
5269,1601485,ELTX,"Elicio Therapeutics, Inc."
5270,1805651,MKTW,"MARKETWISE, INC."
5271,1957489,ABLV,Able View Global Inc.
5272,1866226,WTMA,Welsbach Technology Metals Acquisition Corp.
5273,1637715,RPHM,"Reneo Pharmaceuticals, Inc."
5274,1066764,BTTC,Bitech Technologies Corp
5275,1763950,LTRN,Lantern Pharma Inc.
5276,1778982,HUIZ,Huize Holding Ltd
5277,1083522,JSDA,JONES SODA CO
5278,1590715,AREC,American Resources Corp
5279,1959224,SWIN,"Solowin Holdings, Ltd."
5280,1004989,SGRP,"SPAR Group, Inc."
5281,1809158,KUKE,Kuke Music Holding Ltd
5282,900391,NTZ,NATUZZI S P A
5283,1629665,MULG,"MULIANG VIAGOO TECHNOLOGY, INC."
5284,1724009,PRT,PermRock Royalty Trust
5285,1817640,BREZ,Breeze Holdings Acquisition Corp.
5286,719135,APYX,Apyx Medical Corp
5287,1892922,MARX,Mars Acquisition Corp.
5288,1856028,SDIG,"Stronghold Digital Mining, Inc."
5289,1179821,BGI,BIRKS GROUP INC.
5290,1995116,RECT,Rectitude Holdings Ltd.
5291,1638298,UGEIF,UGE International Ltd.
5292,1721741,GORV,"Lazydays Holdings, Inc."
5293,1541157,AKTX,Akari Therapeutics Plc
5294,1946216,SYT,"SYLA Technologies Co., Ltd."
5295,722572,FKWL,FRANKLIN WIRELESS CORP
5296,1578348,ICMB,"Investcorp Credit Management BDC, Inc."
5297,1881741,AOGO,Arogo Capital Acquisition Corp.
5298,1883983,VSAC,VISION SENSING ACQUISITION CORP.
5299,779544,ARKR,ARK RESTAURANTS CORP
5300,315545,PVCT,"PROVECTUS BIOPHARMACEUTICALS, INC."
5301,1682241,MATH,Metalpha Technology Holding Ltd
5302,1854463,WINV,WinVest Acquisition Corp.
5303,1232582,AHT,ASHFORD HOSPITALITY TRUST INC
5304,1485003,CARM,Carisma Therapeutics Inc.
5305,1005101,MGLD,"Marygold Companies, Inc."
5306,1296484,TOPS,TOP SHIPS INC.
5307,1955104,ZAPP,Zapp Electric Vehicles Group Ltd
5308,318833,TISI,TEAM INC
5309,1943802,FSEA,"First Seacoast Bancorp, Inc."
5310,2186,BKTI,BK Technologies Corp
5311,1698022,FMFG,"Farmers & Merchants Bancshares, Inc."
5312,1720161,CTRM,Castor Maritime Inc.
5313,69422,INTG,INTERGROUP CORP
5314,1000045,NICK,NICHOLAS FINANCIAL INC
5315,1348362,LEXX,Lexaria Bioscience Corp.
5316,1460329,FLNT,"Fluent, Inc."
5317,1410738,VPLM,Voip-pal.com Inc
5318,1835416,MACA,Moringa Acquisition Corp
5319,1448815,RFLFY,Raffles Education Corp Ltd
5320,1661059,NXTC,"NextCure, Inc."
5321,1998043,PDCC,Pearl Diver Credit Co Inc.
5322,1001171,BYFC,BROADWAY FINANCIAL CORP DE
5323,1590496,AKOM,Aerkomm Inc.
5324,1839133,IRME,"IR-Med, Inc."
5325,885731,NXN,NUVEEN NEW YORK SELECT TAX -FREE INCOME PORTFOLIO
5326,1141240,LQMT,LIQUIDMETAL TECHNOLOGIES INC
5327,907654,ABIO,"ARCA biopharma, Inc."
5328,1914023,ACAC,Acri Capital Acquisition Corp
5329,1449792,PPSI,"PIONEER POWER SOLUTIONS, INC."
5330,1849466,TCBS,"Texas Community Bancshares, Inc."
5331,1620749,PHCI,Panamera Holdings Corp
5332,1799011,LUCD,Lucid Diagnostics Inc.
5333,1645666,KZR,"Kezar Life Sciences, Inc."
5334,1845942,BNIX,Bannix Acquisition Corp.
5335,1939365,IVP,"INSPIRE VETERINARY PARTNERS, INC."
5336,87050,NEON,Neonode Inc.
5337,1672572,LNBY,Landbay Inc
5338,1850262,INTE,Integral Acquisition Corp 1
5339,1456189,LEAT,Leatt Corp
5340,1434524,CLIR,ClearSign Technologies Corp
5341,1509646,FENG,Phoenix New Media Ltd
5342,1879103,CFSB,"CFSB Bancorp, Inc. /MA/"
5343,1886799,BGXX,Bright Green Corp
5344,1865468,KACL,Kairous Acquisition Corp. Ltd
5345,1839530,XBP,"XBP Europe Holdings, Inc."
5346,1671284,NEUE,"NeueHealth, Inc."
5347,1114936,UMEWF,UMeWorld Ltd
5348,1720893,BTAI,"BioXcel Therapeutics, Inc."
5349,1131312,ZNOG,ZION OIL & GAS INC
5350,1288770,XTGRF,XTRA-GOLD RESOURCES CORP
5351,1502557,KPEA,Kun Peng International Ltd.
5352,1840877,COCH,"Envoy Medical, Inc."
5353,1828805,ALMU,"Aeluma, Inc."
5354,1472619,LONCF,Loncor Gold Inc.
5355,1890671,DUET,DUET Acquisition Corp.
5356,1638287,NRBO,"NeuroBo Pharmaceuticals, Inc."
5357,27367,DXR,DAXOR CORP
5358,1907730,YOTA,Yotta Acquisition Corp
5359,1840425,BLAC,Bellevue Life Sciences Acquisition Corp.
5360,707605,ASRV,AMERISERV FINANCIAL INC /PA/
5361,1843588,REE,REE Automotive Ltd.
5362,1094038,MRKR,"Marker Therapeutics, Inc."
5363,1419951,DTST,Data Storage Corp
5364,1642380,OCX,Oncocyte Corp
5365,828146,LINK,INTERLINK ELECTRONICS INC
5366,1969863,SUGP,SU Group Holdings Ltd
5367,1751707,UNXP,United Express Inc.
5368,1288855,OPHC,"OptimumBank Holdings, Inc."
5369,1084554,LTBR,LIGHTBRIDGE Corp
5370,1527702,IQST,iQSTEL Inc
5371,1799448,ALGS,"Aligos Therapeutics, Inc."
5372,863900,MXE,MEXICO EQUITY & INCOME FUND INC
5373,1812173,RBOT,Vicarious Surgical Inc.
5374,740664,RFIL,R F INDUSTRIES LTD
5375,81955,RAND,RAND CAPITAL CORP
5376,1088034,USIO,"Usio, Inc."
5377,1692427,NCSM,"NCS Multistage Holdings, Inc."
5378,1879754,EHGO,EShallGo Inc.
5379,1737193,LDSN,Luduson G Inc.
5380,1766526,TECTP,"Tectonic Financial, Inc."
5381,1582554,MTNB,"Matinas BioPharma Holdings, Inc."
5382,1841425,VGAS,"Verde Clean Fuels, Inc."
5383,1665300,PHUN,"Phunware, Inc."
5384,864240,SYPR,SYPRIS SOLUTIONS INC
5385,1915380,DMYY,"dMY Squared Technology Group, Inc."
5386,829323,INUV,"Inuvo, Inc."
5387,1352952,CNFN,CFN Enterprises Inc.
5388,1866030,AZ,A2Z Smart Technologies Corp
5389,1534133,CALC,"CalciMedica, Inc."
5390,1718500,AXIL,"Axil Brands, Inc."
5391,1854368,DGHI,Digihost Technology Inc.
5392,1979332,CPBI,"Central Plains Bancshares, Inc."
5393,1830210,BHIL,"Benson Hill, Inc."
5394,1721484,LGVN,Longeveron Inc.
5395,1407583,BHLL,Bunker Hill Mining Corp.
5396,1544227,TPST,"Tempest Therapeutics, Inc."
5397,1799191,TOI,"Oncology Institute, Inc."
5398,1355848,TOON,"Kartoon Studios, Inc."
5399,722313,NSYS,NORTECH SYSTEMS INC
5400,1134765,CHUC,"Charlie's Holdings, Inc."
5401,1015739,AWRE,AWARE INC /MA/
5402,1421642,MSCLF,Satellos Bioscience Inc.
5403,719733,KTCC,KEY TRONIC CORP
5404,1784970,NXTT,Next Technology Holding Inc.
5405,1841209,HOLO,MicroCloud Hologram Inc.
5406,1650696,LSF,"Laird Superfood, Inc."
5407,1912582,AIEV,"Thunder Power Holdings, Inc."
5408,1495231,IZEA,"IZEA Worldwide, Inc."
5409,1692415,CODX,"Co-Diagnostics, Inc."
5410,71557,NUVR,"Nuvera Communications, Inc."
5411,1355839,PALT,"PALTALK, INC."
5412,1855467,MOBX,"MOBIX LABS, INC"
5413,1556179,RMRI,"Rocky Mountain Industrials, Inc."
5414,1755953,GRYP,"Gryphon Digital Mining, Inc."
5415,1922858,ECDA,"ECD Automotive Design, Inc."
5416,1213809,DYAI,DYADIC INTERNATIONAL INC
5417,1560258,ECOR,"electroCore, Inc."
5418,1160791,GORO,GOLD RESOURCE CORP
5419,1753162,FTHM,Fathom Holdings Inc.
5420,1739174,PHGE,BiomX Inc.
5421,1498233,CPTN,"Cepton, Inc."
5422,1295514,MDWK,"MDWerks, Inc."
5423,1858028,NOVV,Nova Vision Acquisition Corp
5424,1438943,RNGE,"RANGE IMPACT, INC."
5425,709283,QMCO,QUANTUM CORP /DE/
5426,1096938,UEEC,"United Health Products, Inc."
5427,1869974,OCEA,"Ocean Biomedical, Inc."
5428,1374339,PMN,ProMIS Neurosciences Inc.
5429,1490596,GVXXF,GoviEx Uranium Inc.
5430,1873875,IXHL,Incannex Healthcare Inc.
5431,1017303,TACT,TRANSACT TECHNOLOGIES INC
5432,946936,DSWL,DESWELL INDUSTRIES INC
5433,1734750,MOVE,Movano Inc.
5434,1065078,NTIP,"NETWORK-1 TECHNOLOGIES, INC."
5435,1011060,NORD,Nordicus Partners Corp
5436,1799290,EBON,Ebang International Holdings Inc.
5437,1740279,INAB,"IN8BIO, INC."
5438,1442492,LRDC,"Laredo Oil, Inc."
5439,1868419,WAVS,Western Acquisition Ventures Corp.
5440,101538,UAMY,UNITED STATES ANTIMONY CORP
5441,1904286,MIRA,"MIRA PHARMACEUTICALS, INC."
5442,867840,POCI,"PRECISION OPTICS CORPORATION, INC."
5443,1753673,SJ,Scienjoy Holding Corp
5444,1821866,BTQQF,Sonora Gold & Silver Corp.
5445,1993727,SNT,Senstar Technologies Corp
5446,1163560,GTMAY,GRUPO TMM SAB
5447,1881551,STI,Solidion Technology Inc.
5448,1119083,MNDO,MIND CTI LTD
5449,1725872,BMTX,"BM Technologies, Inc."
5450,1884164,KWIK,"KwikClick, Inc."
5451,1171838,SUND,"Sundance Strategies, Inc."
5452,1937737,MLEC,Moolec Science SA
5453,1922331,GLST,Global Star Acquisition Inc.
5454,1088413,GLGI,"GREYSTONE LOGISTICS, INC."
5455,1785494,WBQNL,Woodbridge Liquidation Trust
5456,1948294,NWGL,Nature Wood Group Ltd
5457,1482436,AGXPF,SILVER X MINING CORP.
5458,1034760,WYY,WIDEPOINT CORP
5459,1600422,SDPI,"Superior Drilling Products, Inc."
5460,1602842,MOGO,Mogo Inc.
5461,1422142,AADI,"Aadi Bioscience, Inc."
5462,1113313,AVNI,ARVANA INC
5463,754811,GROW,U S GLOBAL INVESTORS INC
5464,1713863,RFL,"Rafael Holdings, Inc."
5465,91668,SODI,SOLITRON DEVICES INC
5466,1572386,GWTI,GREENWAY TECHNOLOGIES INC
5467,1122020,PCSV,"PCS Edventures!, Inc."
5468,1863990,MSAI,"MultiSensor AI Holdings, Inc."
5469,850027,GRF,"EAGLE CAPITAL GROWTH FUND, INC."
5470,1929589,MRDB,MariaDB plc
5471,1108205,CRIS,CURIS INC
5472,1853825,TZUP,THUMZUP MEDIA Corp
5473,1621832,AQMS,"Aqua Metals, Inc."
5474,1716583,HYZN,Hyzon Motors Inc.
5475,839087,VASO,VASO Corp
5476,1876945,GRAM,Gold Flora Corp.
5477,1840229,INKT,"MiNK Therapeutics, Inc."
5478,1816708,OWLT,"Owlet, Inc."
5479,1696558,JRSH,"Jerash Holdings (US), Inc."
5480,1779578,QLI,Qilian International Holding Group Ltd
5481,1854963,SHFS,"SHF Holdings, Inc."
5482,1499780,GLBS,GLOBUS MARITIME LTD
5483,899394,HRBR,"HARBOR DIVERSIFIED, INC."
5484,1500375,HFBL,"Home Federal Bancorp, Inc. of Louisiana"
5485,1849670,PBBK,"PB Bankshares, Inc."
5486,909724,TLF,TANDY LEATHER FACTORY INC
5487,1840233,XLO,"Xilio Therapeutics, Inc."
5488,1645460,CUE,"Cue Biopharma, Inc."
5489,1309251,MALG,MICROALLIANCE GROUP INC.
5490,1584371,ICCM,IceCure Medical Ltd.
5491,1678105,CAHO,Caro Holdings Inc.
5492,1342936,RIVF,"Advanced Voice Recognition Systems, Inc"
5493,880406,CUBA,HERZFELD CARIBBEAN BASIN FUND INC
5494,1533998,DRIO,DarioHealth Corp.
5495,1736243,ACXP,"Acurx Pharmaceuticals, Inc."
5496,850033,BPT,BP PRUDHOE BAY ROYALTY TRUST
5497,787253,NAII,NATURAL ALTERNATIVES INTERNATIONAL INC
5498,893739,TURN,180 DEGREE CAPITAL CORP. /NY/
5499,1582982,CCLD,"CareCloud, Inc."
5500,748790,GCEH,"Global Clean Energy Holdings, Inc."
5501,1326205,IGC,"IGC Pharma, Inc."
5502,868822,CRCUF,Canagold Resources Ltd.
5503,1336050,EGF,"BlackRock Enhanced Government Fund, Inc."
5504,1111741,DYNR,DYNARESOURCE INC
5505,749660,ICAD,ICAD INC
5506,1930510,VCIG,VCI Global Ltd
5507,1846084,JETMF,Global Crossing Airlines Group Inc.
5508,1791725,HUDI,"Huadi International Group Co., Ltd."
5509,1720446,ZEPP,Zepp Health Corp
5510,1844507,AVHI,Achari Ventures Holdings Corp. I
5511,1819395,SOND,Sonder Holdings Inc.
5512,1761911,NOWG,Nowigence Inc.
5513,1790340,IMRX,Immuneering Corp
5514,1830749,ACHL,Achilles Therapeutics plc
5515,1965143,NVNI,Nvni Group Ltd
5516,1462418,ASPS,ALTISOURCE PORTFOLIO SOLUTIONS S.A.
5517,1058623,CMLS,CUMULUS MEDIA INC
5518,1517496,BTCM,BIT Mining Ltd
5519,831609,CXXIF,C21 Investments Inc.
5520,1181505,PYN,PIMCO NEW YORK MUNICIPAL INCOME FUND III
5521,1479681,NUTX,"Nutex Health, Inc."
5522,1766140,UNCY,"Unicycive Therapeutics, Inc."
5523,1859035,MCAG,Mountain Crest Acquisition Corp. V
5524,1597892,JRSS,JRSIS HEALTH CARE Corp
5525,1535955,LPCN,Lipocine Inc.
5526,1914818,STBX,Starbox Group Holdings Ltd.
5527,1409375,OESX,"ORION ENERGY SYSTEMS, INC."
5528,1074828,KNW,"KNOW LABS, INC."
5529,40570,JOB,GEE Group Inc.
5530,1039280,NTWK,NETSOL TECHNOLOGIES INC
5531,1752372,EZOO,Ezagoo Ltd
5532,1820875,CXAI,CXApp Inc.
5533,1874875,HOUR,"Hour Loop, Inc"
5534,1940177,PODC,"PodcastOne, Inc."
5535,1785493,PXPC,Phoenix Plus Corp.
5536,8177,AAME,ATLANTIC AMERICAN CORP
5537,1662774,QNCX,"Quince Therapeutics, Inc."
5538,65759,MPAD,MICROPAC INDUSTRIES INC
5539,922247,CYTH,"Cyclo Therapeutics, Inc."
5540,1006045,IRIX,IRIDEX CORP
5541,946563,RVP,RETRACTABLE TECHNOLOGIES INC
5542,6176,AP,AMPCO PITTSBURGH CORP
5543,1162461,CUTR,CUTERA INC
5544,843006,ISDR,ISSUER DIRECT CORP
5545,1607962,LFWD,ReWalk Robotics Ltd.
5546,1903145,GRRR,Gorilla Technology Group Inc.
5547,857949,CGA,"China Green Agriculture, Inc."
5548,1960262,LUDG,"LUDWIG ENTERPRISES, INC."
5549,1990145,NUVO,Holdco Nuvo Group D.G Ltd.
5550,1957413,CJET,"Chijet Motor Company, Inc."
5551,1442999,ABTI,ALTEROLA BIOTECH INC.
5552,846913,FTEK,"FUEL TECH, INC."
5553,1383395,SQNS,SEQUANS COMMUNICATIONS
5554,1274737,XGN,EXAGEN INC.
5555,1714562,GAME,"GameSquare Holdings, Inc."
5556,1377149,CRVW,CareView Communications Inc
5557,1495651,UURAF,Ucore Rare Metals Inc.
5558,1701756,SDOT,Sadot Group Inc.
5559,811641,ICCC,IMMUCELL CORP /DE/
5560,768835,BIG,BIG LOTS INC
5561,826253,AUSI,AURA SYSTEMS INC
5562,1901799,BTM,Bitcoin Depot Inc.
5563,1328792,TPCS,TECHPRECISION CORP
5564,1563665,HRGN,"Harvard Apparatus Regenerative Technology, Inc."
5565,1886894,SNAL,"Snail, Inc."
5566,833021,CIF,MFS INTERMEDIATE HIGH INCOME FUND
5567,1845459,NKGN,"NKGen Biotech, Inc."
5568,1008586,STRM,STREAMLINE HEALTH SOLUTIONS INC.
5569,1297937,PRKA,"PARKS AMERICA, INC"
5570,1470683,AEHL,Antelope Enterprise Holdings Ltd
5571,1603993,NISN,"Nisun International Enterprise Development Group Co., Ltd"
5572,889348,CVU,CPI AEROSTRUCTURES INC
5573,1460602,ORGS,Orgenesis Inc.
5574,1310488,BFNH,"BIOFORCE NANOSCIENCES HOLDINGS, INC."
5575,1742927,RVPH,"REVIVA PHARMACEUTICALS HOLDINGS, INC."
5576,1584547,GP,GREENPOWER MOTOR Co INC.
5577,1882963,AIBAF,AIB Acquisition Corp
5578,1695295,HYFM,"HYDROFARM HOLDINGS GROUP, INC."
5579,1833498,MDAI,"Spectral AI, Inc."
5580,1425287,WKHS,Workhorse Group Inc.
5581,61004,LGL,LGL GROUP INC
5582,839470,WWR,"WESTWATER RESOURCES, INC."
5583,1479419,KALA,"KALA BIO, Inc."
5584,1401914,DARE,"Dare Bioscience, Inc."
5585,1309057,CHHE,"China Health Industries Holdings, Inc."
5586,1793895,CDTG,CDT Environmental Technology Investment Holdings Ltd
5587,1596812,ENLV,Enlivex Therapeutics Ltd.
5588,1975940,FLYE,"Fly-E Group, Inc."
5589,1746466,EQ,"Equillium, Inc."
5590,1081745,INLX,"INTELLINETICS, INC."
5591,1026980,APWC,ASIA PACIFIC WIRE & CABLE CORP LTD
5592,915358,SGMA,SIGMATRON INTERNATIONAL INC
5593,1831868,ICU,SeaStar Medical Holding Corp
5594,1712762,BIAF,"bioAffinity Technologies, Inc."
5595,1591890,FGF,Fundamental Global Inc.
5596,1981519,MMA,ALTA GLOBAL GROUP LTD
5597,1391933,QNTO,QUAINT OAK BANCORP INC
5598,1574094,RNXT,"RenovoRx, Inc."
5599,1566044,VYNE,VYNE Therapeutics Inc.
5600,888981,NNUP,NOCOPI TECHNOLOGIES INC/MD/
5601,1574565,EVGN,Evogene Ltd.
5602,1380106,RPID,"RAPID MICRO BIOSYSTEMS, INC."
5603,1849221,PMNT,Perfect Moment Ltd.
5604,1378140,OPTT,"Ocean Power Technologies, Inc."
5605,1600983,KSCP,"Knightscope, Inc."
5606,320017,LSTA,"LISATA THERAPEUTICS, INC."
5607,1592057,EVA,Enviva Inc.
5608,1098880,IGXT,IntelGenx Technologies Corp.
5609,1936702,CETU,Cetus Capital Acquisition Corp.
5610,1913838,VWFB,"VWF Bancorp, Inc."
5611,1472072,CCM,Concord Medical Services Holdings Ltd
5612,1013706,WHLM,"Wilhelmina International, Inc."
5613,1619096,SNTW,Summit Networks Inc.
5614,830616,SCIA,"SCI Engineered Materials, Inc."
5615,1822791,CLNN,Clene Inc.
5616,888721,TRIB,TRINITY BIOTECH PLC
5617,1158780,PLUR,Pluri Inc.
5618,1762359,ACRHF,"Acreage Holdings, Inc."
5619,1844971,GREE,Greenidge Generation Holdings Inc.
5620,1883984,ALCE,"Alternus Clean Energy, Inc."
5621,1769768,EJH,E-Home Household Service Holdings Ltd
5622,1546853,SKKY,"Skkynet Cloud Systems, Inc."
5623,862651,INVU,"Investview, Inc."
5624,1964021,NCNC,noco-noco Inc.
5625,1949478,DTCK,DAVIS COMMODITIES Ltd
5626,1824893,SRZN,"Surrozen, Inc./DE"
5627,89140,SVT,SERVOTRONICS INC /DE/
5628,1759546,NRDE,NU RIDE INC.
5629,1811115,RNLX,Renalytix plc
5630,1070050,APCX,AppTech Payments Corp.
5631,1641281,BOLT,"Bolt Biotherapeutics, Inc."
5632,1894210,QOMO,Qomolangma Acquisition Corp.
5633,1563568,EVTV,"Envirotech Vehicles, Inc."
5634,1957538,ESGL,ESGL Holdings Ltd
5635,1492617,FWFW,"FLYWHEEL ADVANCED TECHNOLOGY, INC."
5636,1218683,MIGI,Mawson Infrastructure Group Inc.
5637,1379006,NNVC,"NANOVIRICIDES, INC."
5638,766792,CVV,CVD EQUIPMENT CORP
5639,867038,SPND,SPINDLETOP OIL & GAS CO
5640,1297341,KFFB,Kentucky First Federal Bancorp
5641,1811530,NXMH,"Next Meats Holdings, Inc."
5642,1629210,PZG,Paramount Gold Nevada Corp.
5643,1678848,BIMT,CAMBELL INTERNATIONAL HOLDING CORP.
5644,718332,RAVE,"RAVE RESTAURANT GROUP, INC."
5645,911216,PTN,PALATIN TECHNOLOGIES INC
5646,1411688,TCS,"Container Store Group, Inc."
5647,1895249,CNTM,"ConnectM Technology Solutions, Inc."
5648,727207,AXDX,"Accelerate Diagnostics, Inc"
5649,1677912,ITXXF,Itaconix Plc
5650,1444192,ACST,Acasti Pharma Inc.
5651,1137883,BCLI,BRAINSTORM CELL THERAPEUTICS INC.
5652,825324,GTIM,Good Times Restaurants Inc.
5653,1750155,CWBHF,"Charlotte's Web Holdings, Inc."
5654,1709819,FEDU,Four Seasons Education (Cayman) Inc.
5655,83350,RSRV,RESERVE PETROLEUM CO
5656,1855457,KORE,"KORE Group Holdings, Inc."
5657,1819411,GANX,"Gain Therapeutics, Inc."
5658,1593184,BRGX,"BIOREGENX, INC."
5659,1861063,AQU,Aquaron Acquisition Corp.
5660,1120970,LODE,Comstock Inc.
5661,1672571,AAQL,Antiaging Quantum Living Inc.
5662,1888980,LRE,"LEAD REAL ESTATE CO., LTD"
5663,1936224,SRFM,SURF AIR MOBILITY INC.
5664,352955,CKX,"CKX LANDS, INC."
5665,101594,USEG,US ENERGY CORP
5666,1481241,PSHG,Performance Shipping Inc.
5667,1738758,CHR,"Cheer Holding, Inc."
5668,20639,ABCP,AmBase Corp
5669,1061164,PGID,PEREGRINE INDUSTRIES INC
5670,1872302,,Nano Labs Ltd
5671,1753391,QSJC,"TANCHENG GROUP CO., LTD."
5672,1144546,HWTR,"HFactor, Inc."
5673,1807689,FCCI,"FAST CASUAL CONCEPTS, INC."
5674,1757715,ATER,"Aterian, Inc."
5675,1641631,XAIR,"Beyond Air, Inc."
5676,1829311,BMNR,"BITMINE IMMERSION TECHNOLOGIES, INC."
5677,1077640,WMLLF,Wealth Minerals Ltd.
5678,1833214,SABS,"SAB Biotherapeutics, Inc."
5679,894871,AREN,"Arena Group Holdings, Inc."
5680,1719406,NRXP,"NRX Pharmaceuticals, Inc."
5681,732026,TRT,TRIO-TECH INTERNATIONAL
5682,1030471,UTSI,UTSTARCOM HOLDINGS CORP.
5683,1826660,WETH,Wetouch Technology Inc.
5684,1674440,YYAI,Connexa Sports Technologies Inc.
5685,1835615,MHUA,"Meihua International Medical Technologies Co., Ltd."
5686,948708,SMSI,"SMITH MICRO SOFTWARE, INC."
5687,351998,DAIO,DATA I/O CORP
5688,1832487,GUER,"Guerrilla RF, Inc."
5689,1825875,RAYA,Erayak Power Solution Group Inc.
5690,1913749,GMM,Global Mofy Metaverse Ltd
5691,1418149,HLRTF,Hillcrest Energy Technologies Ltd.
5692,1553404,PGTK,Pacific Green Technologies Inc.
5693,1825079,VLD,"Velo3D, Inc."
5694,1436229,BTCS,BTCS Inc.
5695,862861,ALTS,ALT5 Sigma Corp
5696,1580063,BIOR,"BIORA THERAPEUTICS, INC."
5697,1825349,CHSN,Chanson International Holding
5698,899782,NOM,NUVEEN MISSOURI QUALITY MUNICIPAL INCOME FUND
5699,1069394,FSI,FLEXIBLE SOLUTIONS INTERNATIONAL INC
5700,1815849,ATIP,"ATI Physical Therapy, Inc."
5701,814676,CPSH,CPS TECHNOLOGIES CORP/DE/
5702,1339005,FEMY,FEMASYS INC
5703,1840780,LOCL,Local Bounti Corporation/DE
5704,1985337,YYGH,YY Group Holding Ltd.
5705,1724542,CLPS,CLPS Inc
5706,1262104,MEIP,"MEI Pharma, Inc."
5707,1836242,TKLF,"Yoshitsu Co., Ltd"
5708,1873093,GDTC,CytoMed Therapeutics Ltd
5709,1549084,EKSO,"EKSO BIONICS HOLDINGS, INC."
5710,1463361,UBX,"Unity Biotechnology, Inc."
5711,1433551,SGLA,Sino Green Land Corp.
5712,1549145,BIOF,"BLUE BIOFUELS, INC."
5713,1992818,ZOOZ,ZOOZ Power Ltd.
5714,1938186,JYD,Jayud Global Logistics Ltd
5715,1829247,BFRG,"BullFrog AI Holdings, Inc."
5716,1580149,BIVI,BIOVIE INC.
5717,844856,HCMC,Healthier Choices Management Corp.
5718,1412486,COCP,"Cocrystal Pharma, Inc."
5719,1445831,NPFC,Newpoint Financial Corp
5720,1914805,BANL,CBL International Ltd
5721,1514443,AGSS,"AMERIGUARD SECURITY SERVICES, INC."
5722,1556266,BYU,"BAIYU Holdings, Inc."
5723,1103833,CRWE,"Crown Equity Holdings, Inc."
5724,1397047,FPAY,"FlexShopper, Inc."
5725,66418,MXC,MEXCO ENERGY CORP
5726,1622879,SHWZ,"Medicine Man Technologies, Inc."
5727,1804469,GFAI,"Guardforce AI Co., Ltd."
5728,1735041,GTEC,Greenland Technologies Holding Corp.
5729,811522,QZMRF,QUARTZ MOUNTAIN RESOURCES LTD
5730,1396033,LL,"LL Flooring Holdings, Inc."
5731,1175596,AXREF,AMARC RESOURCES LTD
5732,1823365,GBNY,"Generations Bancorp NY, Inc."
5733,64463,SLNH,"Soluna Holdings, Inc"
5734,1196298,NEPH,NEPHROS INC
5735,1912847,USEA,United Maritime Corp
5736,1339688,LCGMF,LION COPPER & GOLD CORP.
5737,1285170,ITMSF,INTERMAP TECHNOLOGIES CORP
5738,315958,CRMZ,CREDITRISKMONITOR COM INC
5739,1931717,CCTG,CCSC Technology International Holdings Ltd
5740,1928948,CACO,Caravelle International Group
5741,1500198,NMTC,NEUROONE MEDICAL TECHNOLOGIES Corp
5742,1617867,AMIX,"Autonomix Medical, Inc."
5743,1853047,HUDA,Hudson Acquisition I Corp.
5744,1595527,NYC,American Strategic Investment Co.
5745,1058307,NXPL,NextPlat Corp
5746,1944885,APLM,Apollomics Inc.
5747,1828673,HCWB,HCW Biologics Inc.
5748,1442620,RCON,"Recon Technology, Ltd"
5749,1959994,COOT,Australian Oilseeds Holdings Ltd
5750,1134982,AAPI,"Apple iSports Group, Inc."
5751,10048,BRN,BARNWELL INDUSTRIES INC
5752,1892292,MSS,Maison Solutions Inc.
5753,1396536,DUOT,"DUOS TECHNOLOGIES GROUP, INC."
5754,1847075,SAI,SAI.TECH Global Corp
5755,1598646,NERV,"Minerva Neurosciences, Inc."
5756,1309082,CEI,"CAMBER ENERGY, INC."
5757,1854572,IZM,ICZOOM Group Inc.
5758,1536196,CANF,Can-Fite BioPharma Ltd.
5759,894556,GEVI,"General Enterprise Ventures, Inc."
5760,875729,BNET,BION ENVIRONMENTAL TECHNOLOGIES INC
5761,1738699,WKEY,Wisekey International Holding S.A.
5762,1684693,SLGL,Sol-Gel Technologies Ltd.
5763,1715925,IPA,ImmunoPrecise Antibodies Ltd.
5764,1056285,KIRK,"KIRKLAND'S, INC"
5765,1907184,ELBM,Electra Battery Materials Corp
5766,1935092,CETI,"Cyber Enviro-Tech, Inc."
5767,1499961,MULN,MULLEN AUTOMOTIVE INC.
5768,1879403,LRHC,La Rosa Holdings Corp.
5769,1619544,JFU,9F Inc.
5770,1741220,CWPE,CW Petroleum Corp
5771,1742341,HKIT,HiTek Global Inc.
5772,1757840,INDO,Indonesia Energy Corp Ltd
5773,1000230,OCC,OPTICAL CABLE CORP
5774,1683553,SPRB,"SPRUCE BIOSCIENCES, INC."
5775,1932072,LOBO,LOBO EV TECHNOLOGIES LTD
5776,1807887,LASE,Laser Photonics Corp
5777,1981462,LDTC,LeddarTech Holdings Inc.
5778,880984,ACFN,"ACORN ENERGY, INC."
5779,34285,RLBY,RELIABILITY INC
5780,1659323,ITRM,Iterum Therapeutics plc
5781,1388295,ONEI,OneMeta Inc.
5782,1781983,APRE,"Aprea Therapeutics, Inc."
5783,1874074,MMV,MultiMetaVerse Holdings Ltd
5784,1420529,AACG,ATA Creativity Global
5785,1321851,SEED,Origin Agritech LTD
5786,1087294,CPIX,CUMBERLAND PHARMACEUTICALS INC
5787,1816172,JZXN,"Jiuzi Holdings, Inc."
5788,1839998,AONC,"American Oncology Network, Inc."
5789,1872525,SWAG,"Stran & Company, Inc."
5790,1591956,ANY,Sphere 3D Corp.
5791,1697818,ICLK,iClick Interactive Asia Group Ltd
5792,946644,AIM,AIM ImmunoTech Inc.
5793,1687451,ZKIN,"ZK International Group Co., Ltd."
5794,1537028,ICD,"Independence Contract Drilling, Inc."
5795,1962845,PXDT,"PIXIE DUST TECHNOLOGIES, INC."
5796,1580490,IONI,I-ON Digital Corp.
5797,1792554,EQMEF,Equity Metals Corp
5798,1260990,ONCT,"Oncternal Therapeutics, Inc."
5799,1603652,ULY,Urgent.ly Inc.
5800,1769697,LITM,Snow Lake Resources Ltd.
5801,744825,AMS,AMERICAN SHARED HOSPITAL SERVICES
5802,1311673,YTFD,"Yale Transaction Finders, Inc."
5803,1855743,ARRKF,ARRAS MINERALS CORP.
5804,926617,AWH,Aspira Women's Health Inc.
5805,1978057,TWG,Top Wealth Group Holding Ltd
5806,1419041,FBRX,"Forte Biosciences, Inc."
5807,723533,LWLW,Longwen Group Corp.
5808,25743,TXMD,"TherapeuticsMD, Inc."
5809,1834975,VEV,VICINITY MOTOR CORP
5810,1680139,HLYK,HealthLynked Corp
5811,1933567,NRXS,"Neuraxis, INC"
5812,1634293,EXDW,"Exceed World, Inc."
5813,1430300,GWSO,"Global Warming Solutions, Inc."
5814,90168,SIF,SIFCO INDUSTRIES INC
5815,1850906,OMIC,"Singular Genomics Systems, Inc."
5816,1796129,VINC,"Vincerx Pharma, Inc."
5817,1417663,SNWV,"SANUWAVE Health, Inc."
5818,1849380,ONMD,OneMedNet Corp
5819,55234,KENS,KENILWORTH SYSTEMS CORP
5820,1346830,CARA,"Cara Therapeutics, Inc."
5821,1819704,MRM,Medirom Healthcare Technologies Inc.
5822,1103795,QSEP,"QS Energy, Inc."
5823,845385,PIAC,PRINCETON CAPITAL CORP
5824,1096275,WKSP,Worksport Ltd
5825,1253689,GLYC,GLYCOMIMETICS INC
5826,1474167,COSM,Cosmos Health Inc.
5827,1584831,OXBR,OXBRIDGE RE HOLDINGS Ltd
5828,1842939,CTCX,Carmell Corp
5829,1477960,CBBB,Blue Chip Technologies Corp.
5830,1213660,BIMI,BIMI Holdings Inc.
5831,1837493,IINN,Inspira Technologies OXY B.H.N. Ltd
5832,1939780,UCAR,U Power Ltd
5833,1710495,PNXP,PINEAPPLE EXPRESS CANNABIS Co
5834,862022,HGTXU,HUGOTON ROYALTY TRUST
5835,1976908,JDZG,JIADE Ltd
5836,1527599,SYBX,"SYNLOGIC, INC."
5837,1589149,GWAV,"Greenwave Technology Solutions, Inc."
5838,1090396,TBTC,TABLE TRAC INC
5839,1420720,IBIO,"iBio, Inc."
5840,1743971,MOGU,MOGU Inc.
5841,1061027,VIRX,"Viracta Therapeutics, Inc."
5842,1099160,BBGI,BEASLEY BROADCAST GROUP INC
5843,1355736,AVCRF,Avricore Health Inc.
5844,1948099,MTEN,Mingteng International Corp Inc.
5845,1978133,YERBF,YERBAE BRANDS CORP.
5846,1706524,UGRO,"urban-gro, Inc."
5847,1698702,ARGC,ARION GROUP CORP.
5848,1535665,RBNK,RiverBank Holding Co
5849,1082324,VHC,VirnetX Holding Corp
5850,1305253,EIGRQ,"Eiger BioPharmaceuticals, Inc."
5851,1042187,YHGJ,YUNHONG GREEN CTI LTD.
5852,1771995,APHP,American Picture House Corp
5853,895464,YBGJ,Yubo International Biotech Ltd
5854,1707910,REBN,"Reborn Coffee, Inc."
5855,1831523,SFCO,Southern Financial Corp
5856,1907223,WENA,"ANEW Medical, Inc."
5857,1178697,SONM,SONIM TECHNOLOGIES INC
5858,1734005,APM,Aptorum Group Ltd
5859,1643715,LISMF,LITHIUM SOUTH DEVELOPMENT Corp
5860,1896212,CDT,CONDUIT PHARMACEUTICALS INC.
5861,1843714,ZPTA,Zapata Computing Holdings Inc.
5862,1524769,CHKR,CHESAPEAKE GRANITE WASH TRUST
5863,1579157,VNCE,VINCE HOLDING CORP.
5864,1854078,RLFTY,Relief Therapeutics Holding SA
5865,1780731,EPOW,"Sunrise New Energy Co., Ltd."
5866,838875,WVVI,WILLAMETTE VALLEY VINEYARDS INC
5867,1647822,SVMB,"Jingbo Technology, Inc."
5868,1713210,ATPC,Agape ATP Corp
5869,1996192,LSH,Lakeside Holding Ltd
5870,31667,EDUC,EDUCATIONAL DEVELOPMENT CORP
5871,1708176,HOFV,Hall of Fame Resort & Entertainment Co
5872,1038277,INIS,INTERNATIONAL ISOTOPES INC
5873,1857044,INDP,"Indaptus Therapeutics, Inc."
5874,1270436,COHN,Cohen & Co Inc.
5875,1473490,GLAI,"Global AI, Inc."
5876,1537435,TGEN,TECOGEN INC.
5877,1553788,SBEV,"SPLASH BEVERAGE GROUP, INC."
5878,1852440,JZ,Jianzhi Education Technology Group Co Ltd
5879,1821468,YQ,17 Education & Technology Group Inc.
5880,1418489,GNRV,GRAND RIVER COMMERCE INC
5881,1891944,PMEC,Primech Holdings Ltd
5882,1855557,HLP,Hongli Group Inc.
5883,1327273,LYRA,"Lyra Therapeutics, Inc."
5884,87802,SCND,SCIENTIFIC INDUSTRIES INC
5885,1493130,MAPPF,PROSTAR HOLDINGS INC. /BC
5886,942126,TAIT,TAITRON COMPONENTS INC
5887,1406434,PCST,"PURE CAPITAL SOLUTIONS, INC."
5888,1946573,KDLY,"Kindly MD, Inc."
5889,1854445,VRAR,"Glimpse Group, Inc."
5890,1589061,GYRO,"Gyrodyne, LLC"
5891,1437517,CLOQ,"CYBERLOQ TECHNOLOGIES, INC."
5892,1382574,MEDS,"TRxADE HEALTH, INC"
5893,1611842,PYPD,PolyPid Ltd.
5894,1630113,BTCY,BIOTRICITY INC.
5895,1903995,MGIH,Millennium Group International Holdings Ltd
5896,1169034,BHV,BLACKROCK VIRGINIA MUNICIPAL BOND TRUST
5897,1651932,XITO,"Xenous Holdings, Inc."
5898,1398453,XIN,"Xinyuan Real Estate Co., Ltd."
5899,1951222,LAES,SEALSQ Corp
5900,1627282,CWD,CaliberCos Inc.
5901,1346610,SOS,SOS Ltd
5902,1784168,ELMSQ,"Electric Last Mile Solutions, Inc."
5903,1956741,ZONE,"CleanCore Solutions, Inc."
5904,1477246,SANW,S&W Seed Co
5905,1575295,ALID,Allied Corp.
5906,1648636,TRLEF,Trillion Energy International Inc.
5907,1840292,HLGN,"Heliogen, Inc."
5908,1534248,CMMB,Chemomab Therapeutics Ltd.
5909,878932,EQS,"EQUUS TOTAL RETURN, INC."
5910,1425355,MCVT,"Mill City Ventures III, Ltd"
5911,1422892,SGLY,Singularity Future Technology Ltd.
5912,764195,VBIV,VBI Vaccines Inc/BC
5913,1101433,QMCI,QUOTEMEDIA INC
5914,1871149,RGF,"Real Good Food Company, Inc."
5915,1651721,GIPR,"GENERATION INCOME PROPERTIES, INC."
5916,1689448,LILIF,Argentina Lithium & Energy Corp.
5917,1819794,HTOO,Fusion Fuel Green PLC
5918,1288750,TLRS,Timberline Resources Corp
5919,1431959,MMAT,META MATERIALS INC.
5920,1604738,AINC,Ashford Inc.
5921,1716338,PT,Pintec Technology Holdings Ltd
5922,1650287,QYOUF,QYOU Media Inc.
5923,840715,CLRO,CLEARONE INC
5924,883975,MBOT,Microbot Medical Inc.
5925,1892322,HTCR,"HeartCore Enterprises, Inc."
5926,1413898,DALN,DallasNews Corp
5927,1005516,BOSC,BOS BETTER ONLINE SOLUTIONS LTD
5928,1635729,EQTRF,Altamira Gold Corp.
5929,1157075,PMCB,"PharmaCyte Biotech, Inc."
5930,1864055,ABTS,Abits Group Inc
5931,1113423,AEZS,Aeterna Zentaris Inc.
5932,1385818,AYTU,"AYTU BIOPHARMA, INC"
5933,1580864,VRM,"Vroom, Inc."
5934,1853070,SOAR,"Volato Group, Inc."
5935,1782309,EDTK,Skillful Craftsman Education Technology Ltd
5936,1893311,LUXH,LUXURBAN HOTELS INC.
5937,845819,KTEL,"KonaTel, Inc."
5938,1590418,FCUV,FOCUS UNIVERSAL INC.
5939,1829802,SNSE,"Sensei Biotherapeutics, Inc."
5940,1783432,TETOF,Tectonic Metals Inc.
5941,725394,DFCO,DALRADA FINANCIAL CORP
5942,1976443,SYNX,Silynxcom Ltd.
5943,835662,AIXN,"AiXin Life International, Inc."
5944,797465,STLY,"HG Holdings, Inc."
5945,1468929,NXGL,"NEXGEL, INC."
5946,1563298,EAWD,Energy & Water Development Corp
5947,1956955,UMAC,"Unusual Machines, Inc."
5948,1445942,TMRC,Texas Mineral Resources Corp.
5949,1565228,VISL,"Vislink Technologies, Inc."
5950,1007019,JVA,COFFEE HOLDING CO INC
5951,1660046,IMRN,Immuron Ltd
5952,1967656,PFSB,"PFS Bancorp, Inc."
5953,1282224,DLPN,"Dolphin Entertainment, Inc."
5954,1620179,XELA,"Exela Technologies, Inc."
5955,1083220,XELB,"XCel Brands, Inc."
5956,1941500,MWG,Multi Ways Holdings Ltd
5957,885307,JCTCF,JEWETT CAMERON TRADING CO LTD
5958,1800392,MLGO,MicroAlgo Inc.
5959,1626745,FVTI,"Fortune Valley Treasures, Inc."
5960,707388,STRR,"STAR EQUITY HOLDINGS, INC."
5961,313364,MTR,MESA ROYALTY TRUST/TX
5962,1935418,FMST,Foremost Lithium Resource & Technology Ltd.
5963,1584751,TLIS,Talis Biomedical Corp
5964,1775734,BENF,Beneficient
5965,1447380,MFON,MOBIVITY HOLDINGS CORP.
5966,1415744,NMEX,NORTHERN MINERALS & EXPLORATION LTD.
5967,1310630,CFOO,China Foods Holdings Ltd.
5968,1842556,HNRA,HNR Acquisition Corp.
5969,797542,VBIX,Viewbix Inc.
5970,1741534,MDJH,MDJM LTD
5971,1557376,ZEOX,"Zeo ScientifiX, Inc."
5972,1691221,FRSX,Foresight Autonomous Holdings Ltd.
5973,1958713,MI,NFT Ltd
5974,1757143,PAIYY,Aesthetic Medical International Holdings Group Ltd
5975,1790169,FLGC,Flora Growth Corp.
5976,1951667,CTNT,CHEETAH NET SUPPLY CHAIN SERVICE INC.
5977,1570843,GEBRF,Greenbriar Sustainable Living Inc.
5978,1540159,EDSA,"Edesa Biotech, Inc."
5979,1961847,INHD,INNO HOLDINGS INC.
5980,1828253,EVAX,Evaxion Biotech A/S
5981,1091596,AURX,"Nuo Therapeutics, Inc."
5982,1304161,PBSV,"Pharma-Bio Serv, Inc."
5983,1018735,NYMXF,NYMOX PHARMACEUTICAL CORP
5984,1948436,JL,J-Long Group Ltd
5985,1318482,KDOZF,KIDOZ INC.
5986,1723047,VAUCF,Viva Gold Corp.
5987,19871,CVR,CHICAGO RIVET & MACHINE CO
5988,1737339,JG,Aurora Mobile Ltd
5989,1023549,XTLB,XTL BIOPHARMACEUTICALS LTD
5990,1800315,GLTO,"Galecto, Inc."
5991,314227,TOMZ,"TOMI Environmental Solutions, Inc."
5992,1614744,PPBT,PURPLE BIOTECH LTD.
5993,1909417,SLNA,SELINA HOSPITALITY PLC
5994,1844505,QTI,"QT IMAGING HOLDINGS, INC."
5995,1413745,ANTE,AIRNET TECHNOLOGY INC.
5996,1427925,TLPH,"TALPHERA, INC."
5997,1897245,HWH,HWH International Inc.
5998,1869137,MHUBF,MineHub Technologies Inc.
5999,1873213,BRWC,Birdie Win Corp
6000,1131343,ATHE,ALTERITY THERAPEUTICS LTD
6001,1879848,PEV,PHOENIX MOTOR INC.
6002,1813191,AUCUF,Inflection Resources Ltd.
6003,1485029,NAHD,"New Asia Holdings, Inc."
6004,894501,GRHI,"GOLD ROCK HOLDINGS, INC."
6005,1869467,OP,OceanPal Inc.
6006,1544400,NFTN,NFiniTi inc.
6007,1956744,SRM,"SRM Entertainment, Inc."
6008,1911545,HRYU,"Hanryu Holdings, Inc."
6009,1813914,CMAX,"CareMax, Inc."
6010,1549631,QURT,"Quarta-Rad, Inc."
6011,1730869,EBZT,"Everything Blockchain, Inc."
6012,1757097,CNTG,Centogene N.V.
6013,1816723,GRFX,Graphex Group Ltd
6014,704172,PHIL,PHI GROUP INC
6015,837852,IDEX,"IDEANOMICS, INC."
6016,1105101,GIGM,GIGAMEDIA Ltd
6017,1875091,NRSN,NeuroSense Therapeutics Ltd.
6018,1756180,NCRA,"NOCERA, INC."
6019,1684888,GFGSF,GFG Resources Inc.
6020,1001907,ASTC,ASTROTECH Corp
6021,1083490,SRRE,SUNRISE REAL ESTATE GROUP INC
6022,1654595,MDRR,"Medalist Diversified REIT, Inc."
6023,1138586,XCRT,"Xcelerate, Inc."
6024,1295961,QREE,QUANTUM ENERGY INC.
6025,1967306,MSBB,"Mercer Bancorp, Inc."
6026,747540,SPRS,SURGE COMPONENTS INC
6027,1817740,AUST,Austin Gold Corp.
6028,88000,SLGD,Scott's Liquid Gold - Inc.
6029,1846715,WAVE,Eco Wave Power Global AB (publ)
6030,1843656,RMCO,Royalty Management Holding Corp
6031,1527352,NXL,"Nexalin Technology, Inc."
6032,1391426,CLNV,Clean Vision Corp
6033,1372514,KPRX,KIORA PHARMACEUTICALS INC
6034,1808110,DDC,DDC Enterprise Ltd
6035,890066,GLBZ,GLEN BURNIE BANCORP
6036,1584754,AKTS,"Akoustis Technologies, Inc."
6037,1585608,JAGX,"Jaguar Health, Inc."
6038,351789,ELSE,ELECTRO SENSORS INC
6039,1253176,VAPO,VAPOTHERM INC
6040,1173204,CNVS,Cineverse Corp.
6041,82473,IHT,INNSUITES HOSPITALITY TRUST
6042,1786286,DPRO,Draganfly Inc.
6043,1699709,YJGJ,YIJIA GROUP CORP.
6044,1009922,NSFDF,NXT Energy Solutions Inc.
6045,1056358,MTEX,MANNATECH INC
6046,1857086,TRUG,"TruGolf Holdings, Inc."
6047,1963439,TURB,"Turbo Energy, S.A."
6048,806517,PMD,PSYCHEMEDICS CORP
6049,1138978,NVOS,"Novo Integrated Sciences, Inc."
6050,1896511,ZKGCF,ZKGC New Energy Ltd
6051,1815436,AHI,Advanced Health Intelligence Ltd
6052,1156041,HUSA,HOUSTON AMERICAN ENERGY CORP
6053,1930179,ARBB,ARB IOT Group Ltd
6054,1916416,INTJ,Intelligent Group Ltd
6055,1084267,MOBQ,"Mobiquity Technologies, Inc."
6056,1670869,RMHB,"Rocky Mountain High Brands, Inc."
6057,1412126,RMSL,RemSleep Holdings Inc.
6058,1872964,MTEK,Maris Tech Ltd.
6059,1534120,AVTX,"Avalo Therapeutics, Inc."
6060,1017655,PAYD,PAID INC
6061,1391135,LIFD,LFTD PARTNERS INC.
6062,1930021,HOVR,New Horizon Aircraft Ltd.
6063,1593549,NUGN,"Livento Group, Inc."
6064,1172178,LBSR,LIBERTY STAR URANIUM & METALS CORP.
6065,99106,TNLX,TRANS LUX Corp
6066,1136174,OTRK,"Ontrak, Inc."
6067,1759614,YJ,Yunji Inc.
6068,1104038,VRME,"VerifyMe, Inc."
6069,1414953,MOJO,EQUATOR Beverage Co
6070,1509223,MTBLY,"Moatable, Inc."
6071,1606698,ALPP,"ALPINE 4 HOLDINGS, INC."
6072,1684425,PETZ,"TDH Holdings, Inc."
6073,1610820,BCTX,BriaCell Therapeutics Corp.
6074,1223389,CONN,CONNS INC
6075,1814963,ILAG,Intelligent Living Application Group Inc.
6076,832489,GOVX,"GeoVax Labs, Inc."
6077,891417,NMGX,Nano Magic Inc.
6078,1820566,ISPO,Inspirato Inc
6079,1743905,RVSN,Rail Vision Ltd.
6080,1042418,INTI,"Inhibitor Therapeutics, Inc."
6081,919567,RCG,"RENN Fund, Inc."
6082,1556801,MYCB,"My City Builders, Inc."
6083,1616262,RMCF,"Rocky Mountain Chocolate Factory, Inc."
6084,1893448,SGE,"Strong Global Entertainment, Inc."
6085,1110607,KLNG,"Koil Energy Solutions, Inc."
6086,1642375,GHSI,"Guardion Health Sciences, Inc."
6087,914139,PRKR,PARKERVISION INC
6088,1452583,CBMJ,"CONSERVATIVE BROADCAST MEDIA & PUBLISHING, INC."
6089,1498382,KTRA,"Kintara Therapeutics, Inc."
6090,1898766,TPET,Trio Petroleum Corp.
6091,1025771,WHLT,CHASE PACKAGING CORP
6092,1071840,WNDW,"SolarWindow Technologies, Inc."
6093,749647,IMNN,"Imunon, Inc."
6094,1971544,AIRO,"AIRO Group, Inc."
6095,1631282,DTSS,DATASEA INC.
6096,1459417,TWOU,"2U, Inc."
6097,1705402,AGMH,"AGM GROUP HOLDINGS, INC."
6098,1210618,SPI,"SPI Energy Co., Ltd."
6099,1084133,RLBD,"Real Brands, Inc."
6100,1075880,KZIA,KAZIA THERAPEUTICS LTD
6101,1641398,GDC,GD Culture Group Ltd
6102,1651958,EOSS,EOS INC.
6103,908259,OTLC,"Oncotelic Therapeutics, Inc."
6104,1902700,PGFF,"Pioneer Green Farms, Inc."
6105,1643988,LPTV,"Loop Media, Inc."
6106,1682149,WISA,"WISA TECHNOLOGIES, INC."
6107,1744494,ADN,"ADVENT TECHNOLOGIES HOLDINGS, INC."
6108,1944902,OMH,Ohmyhome Ltd
6109,1126234,LUMO,"LUMOS PHARMA, INC."
6110,1960208,CREV,Carbon Revolution Public Ltd Co
6111,1610590,CHEK,Check-Cap Ltd
6112,1307579,LIQT,LIQTECH INTERNATIONAL INC
6113,1916331,NCI,Neo-Concept International Group Holdings Ltd
6114,1009891,AIRI,AIR INDUSTRIES GROUP
6115,22701,PEGY,Pineapple Energy Inc.
6116,1686000,JGLDF,Japan Gold Corp.
6117,885462,GURE,"GULF RESOURCES, INC."
6118,1481585,GXXY,"Galexxy Holdings, Inc."
6119,1518461,AMPG,"AmpliTech Group, Inc."
6120,1783407,SOGP,Sound Group Inc.
6121,1784058,PNYG,Pony Group Inc.
6122,1978811,GOVB,"Gouverneur Bancorp, Inc./MD/"
6123,882361,APTO,Aptose Biosciences Inc.
6124,1879726,SIDU,Sidus Space Inc.
6125,1378866,GOGR,Go Green Global Technologies Corp.
6126,32621,MSN,EMERSON RADIO CORP
6127,1505497,BRTX,"BioRestorative Therapies, Inc."
6128,1205922,VCNX,"VACCINEX, INC."
6129,1826376,GSUN,Golden Sun Health Technology Group Ltd
6130,1419275,RVYL,RYVYL Inc.
6131,1750106,AEI,Alset Inc.
6132,1117057,PLAG,Planet Green Holdings Corp.
6133,1575858,PUBC,PureBase Corp
6134,1870144,CDIO,"Cardio Diagnostics Holdings, Inc."
6135,944480,GVP,GSE SYSTEMS INC
6136,1938046,MGRX,"MANGOCEUTICALS, INC."
6137,1553846,RDHL,RedHill Biopharma Ltd.
6138,1735556,BTOG,BIT ORIGIN Ltd
6139,1512922,PETV,"PetVivo Holdings, Inc."
6140,1463978,BKUCF,BLUE SKY URANIUM CORP.
6141,1051514,SSKN,"STRATA Skin Sciences, Inc."
6142,1026662,CLWT,EURO TECH HOLDINGS CO LTD
6143,1487839,LKCO,Luokung Technology Corp.
6144,356590,GTII,"GLOBAL TECH INDUSTRIES GROUP, INC."
6145,771999,DSS,"DSS, INC."
6146,1645469,MNPR,Monopar Therapeutics
6147,1333822,LEDS,SemiLEDs Corp
6148,1856084,CJJD,"China Jo-Jo Drugstores, Inc."
6149,876235,EGYF,ENERGY FINDERS INC
6150,1130598,TRAW,"Traws Pharma, Inc."
6151,1818644,LIDR,"AEye, Inc."
6152,861972,SRLZF,Salazar Resources Ltd
6153,1858994,RSMXF,Regency Silver Corp.
6154,1128281,SKAS,"Saker Aviation Services, Inc."
6155,1854270,SNTI,"Senti Biosciences, Inc."
6156,1605057,VMNT,"Vemanti Group, Inc."
6157,1138476,PFHO,PACIFIC HEALTH CARE ORGANIZATION INC
6158,12239,DOMH,Dominari Holdings Inc.
6159,1400271,CUBT,Curative Biotechnology Inc
6160,1881472,MEGL,Magic Empire Global Ltd
6161,1592560,TCTM,TCTM Kids IT Education Inc.
6162,1680048,MBIO,"MUSTANG BIO, INC."
6163,1419793,OCLN,"ORIGINCLEAR, INC."
6164,727510,ENZN,"ENZON PHARMACEUTICALS, INC."
6165,1480313,SMREF,SUN SUMMIT MINERALS CORP.
6166,1803096,STRG,"STARGUIDE GROUP, INC."
6167,1675634,PIXY,"ShiftPixy, Inc."
6168,1940941,MFI,mF International Ltd
6169,1854275,ZCAR,"Zoomcar Holdings, Inc."
6170,1265521,TRFE,Trustfeed Corp.
6171,1817004,EZFL,EzFill Holdings Inc
6172,29332,DXYN,DIXIE GROUP INC
6173,1465470,SHMP,NaturalShrimp Inc
6174,748592,ERNA,Eterna Therapeutics Inc.
6175,1413891,HWNI,"HIGH WIRE NETWORKS, INC."
6176,1677897,UPYY,UPAY
6177,1640384,LMFA,"LM FUNDING AMERICA, INC."
6178,1759186,COEP,"Coeptis Therapeutics Holdings, Inc."
6179,1566610,VERB,"Verb Technology Company, Inc."
6180,768216,LOGQ,"Coyni, Inc."
6181,1822145,PRST,Presto Automation Inc.
6182,1583648,PIRS,"PIERIS PHARMACEUTICALS, INC."
6183,1747661,ADD,"Color Star Technology Co., Ltd."
6184,1750149,IKT,"Inhibikase Therapeutics, Inc."
6185,1765850,PWM,Prestige Wealth Inc.
6186,1779476,KRKR,36Kr Holdings Inc.
6187,1231339,ASRE,"Astra Energy, Inc."
6188,1785680,HYW,Hywin Holdings Ltd.
6189,1761696,CRKN,Crown Electrokinetics Corp.
6190,1781397,EEIQ,EpicQuest Education Group International Ltd
6191,896493,AULT,"Ault Alliance, Inc."
6192,1829794,VLCN,"Volcon, Inc."
6193,1855485,CLDI,"Calidi Biotherapeutics, Inc."
6194,1191070,BNOX,BIONOMICS LIMITED/FI
6195,1947861,NMHI,Nature's Miracle Holding Inc.
6196,1089815,USNU,"U.S. NeuroSurgical Holdings, Inc."
6197,1085921,MMTIF,MICROMEM TECHNOLOGIES INC
6198,1022505,SDCH,"SideChannel, Inc."
6199,1755058,ATIF,ATIF Holdings Ltd
6200,808326,EMKR,EMCORE CORP
6201,1624326,PAVM,PAVmed Inc.
6202,1095981,PSTV,"PLUS THERAPEUTICS, INC."
6203,924396,OLKR,"OpenLocker Holdings, Inc."
6204,1496383,ILUS,Ilustrato Pictures International Inc.
6205,1502292,CNFR,"Conifer Holdings, Inc."
6206,1864943,FGI,FGI Industries Ltd.
6207,1261249,AGRX,AGILE THERAPEUTICS INC
6208,1622057,NBIO,Nascent Biotech Inc.
6209,1378590,BLIN,"Bridgeline Digital, Inc."
6210,1568385,BMTM,"Bright Mountain Media, Inc."
6211,66496,MMTRS,MILLS MUSIC TRUST
6212,1842138,WRPT,WARPSPEED TAXI INC.
6213,1108645,CIPI,Correlate Energy Corp.
6214,1430306,TNXP,Tonix Pharmaceuticals Holding Corp.
6215,1684688,JUPGF,Jupiter Gold Corp
6216,1331612,IMTH,"INNOVATIVE MEDTECH, INC."
6217,1173313,ABVC,"ABVC BIOPHARMA, INC."
6218,1884072,JEWL,Adamas One Corp.
6219,1713923,AIJTY,Jianpu Technology Inc.
6220,1746278,GOLQ,"GoLogiq, Inc."
6221,1275477,BMNM,"BIMINI CAPITAL MANAGEMENT, INC."
6222,1080657,SQFT,"Presidio Property Trust, Inc."
6223,1817760,SMTK,"SmartKem, Inc."
6224,1424864,RYES,Rise Gold Corp.
6225,1016178,CARV,CARVER BANCORP INC
6226,1630176,HYEX,HEALTHY EXTRACTS INC.
6227,1510964,CVSI,"CV Sciences, Inc."
6228,1568969,APYP,"APPYEA, INC"
6229,1711012,AIHS,Senmiao Technology Ltd
6230,1066923,FTFT,Future FinTech Group Inc.
6231,1848898,AAGR,African Agriculture Holdings Inc.
6232,1781162,MNTS,Momentus Inc.
6233,1815632,TGCB,"Tego Cyber, Inc."
6234,1718224,BTBD,"BT Brands, Inc."
6235,1406944,TRBMF,TORQ RESOURCES INC.
6236,1562733,SNYR,Synergy CHC Corp.
6237,1487798,ECTM,ECA Marcellus Trust I
6238,1928340,GDHG,GOLDEN HEAVEN GROUP HOLDINGS LTD.
6239,933738,ENG,ENGLOBAL CORP
6240,1946703,WBUY,WEBUY GLOBAL LTD
6241,1790320,MSTH,Mystic Holdings Inc./NV
6242,1828098,STKH,Steakholder Foods Ltd.
6243,1567900,BLBX,BLACKBOXSTOCKS INC.
6244,1481504,XERI,"XERIANT, INC."
6245,1887673,WLDS,Wearable Devices Ltd.
6246,1588837,LMRMD,Lomiko Metals Inc.
6247,1546383,JXJT,JX Luxventure Ltd
6248,1891791,TGGI,"TRANS GLOBAL GROUP, INC."
6249,1878835,VGFCQ,Very Good Food Co Inc.
6250,1493137,LCTC,"Lifeloc Technologies, Inc"
6251,1981662,NIVF,NewGenIvf Group Ltd
6252,1574232,ADXN,Addex Therapeutics Ltd.
6253,1514183,SILO,"Silo Pharma, Inc."
6254,1402945,RXMD,Progressive Care Inc.
6255,1892274,GV,Visionary Holdings Inc.
6256,944075,SCKT,"SOCKET MOBILE, INC."
6257,1621672,SLE,"Super League Enterprise, Inc."
6258,1783036,NLSP,NLS Pharmaceutics Ltd.
6259,1849820,KITT,"Nauticus Robotics, Inc."
6260,1874097,CYN,Cyngn Inc.
6261,1737523,BGLC,BioNexus Gene Lab Corp
6262,1839608,GETR,"Getaround, Inc"
6263,1183765,MTEM,"Molecular Templates, Inc."
6264,1877939,CTM,"Castellum, Inc."
6265,1304409,AHNR,ATHENA GOLD CORP
6266,1445283,KA,"KINETA, INC./DE"
6267,1659617,MBRX,"Moleculin Biotech, Inc."
6268,1978527,GVH,Globavend Holdings Ltd
6269,1099369,DSNY,DESTINY MEDIA TECHNOLOGIES INC
6270,1529113,XTIA,"XTI Aerospace, Inc."
6271,1508786,SLTN,"SILVERTON ENERGY, INC."
6272,721693,CREG,Smart Powerr Corp.
6273,1061069,AWX,AVALON HOLDINGS CORP
6274,1775085,CLEU,China Liberal Education Holdings Ltd
6275,1816815,BON,Bon Natural Life Ltd
6276,1681348,VVPR,VivoPower International PLC
6277,1716770,WAFU,Wah Fu Education Group Ltd
6278,1386044,FHLD,"Freedom Holdings, Inc."
6279,105744,GBR,"New Concept Energy, Inc."
6280,1350102,ASTI,"Ascent Solar Technologies, Inc."
6281,1393781,QIND,Quality Industrial Corp.
6282,1109486,EDXC,Endexx Corp
6283,1300781,ENMI,"DH ENCHANTMENT, INC."
6284,1411057,CBIH,"Cannabis Bioscience International Holdings, Inc."
6285,1709626,NCNA,NuCana plc
6286,1716166,VVOS,"Vivos Therapeutics, Inc."
6287,1741489,ELVG,"Elvictor Group, Inc."
6288,1840563,ELAB,Elevai Labs Inc.
6289,1691936,SNAX,"STRYVE FOODS, INC."
6290,1068897,FXBY,FOXBY CORP.
6291,1026785,HIHO,HIGHWAY HOLDINGS LTD
6292,1497253,ONVO,"ORGANOVO HOLDINGS, INC."
6293,1805526,JNVR,Janover Inc.
6294,1922335,SYRA,Syra Health Corp
6295,1755237,CYCN,"Cyclerion Therapeutics, Inc."
6296,1880343,VINE,"Fresh Vine Wine, Inc."
6297,1902794,MGOL,MGO Global Inc.
6298,1775194,UPXI,"UPEXI, INC."
6299,1899658,WLGS,"WANG & LEE GROUP, Inc."
6300,1467761,MINM,"MINIM, INC."
6301,866439,DPLS,"DarkPulse, Inc."
6302,1393772,BUDZ,"WEED, INC."
6303,1939965,BREA,Brera Holdings PLC
6304,1376231,VPRB,"VPR Brands, LP."
6305,875355,LDWY,"LENDWAY, INC."
6306,1383088,CYCA,CYTTA CORP.
6307,1622345,POLA,"Polar Power, Inc."
6308,1279620,ZDPY,"Zoned Properties, Inc."
6309,1481443,TCRI,"TechCom, Inc."
6310,1597846,GRNQ,Greenpro Capital Corp.
6311,1506983,GCTK,"GlucoTrack, Inc."
6312,1006028,PURE,"PURE BIOSCIENCE, INC."
6313,7623,ARTW,ARTS WAY MANUFACTURING CO INC
6314,924515,GTHP,GUIDED THERAPEUTICS INC
6315,1854583,CAUD,"Collective Audience, Inc."
6316,1874252,MYNZ,MAINZ BIOMED N.V.
6317,1402328,SBFM,"Sunshine Biopharma, Inc"
6318,1410428,XWEL,"XWELL, Inc."
6319,1141284,ASNS,ACTELIS NETWORKS INC
6320,1951067,CISS,C3is Inc.
6321,1397183,IVDA,"Iveda Solutions, Inc."
6322,1133519,MCUJF,MEDICURE INC
6323,62362,MARPS,MARINE PETROLEUM TRUST
6324,1679817,OZSC,"OZOP ENERGY SOLUTIONS, INC."
6325,1821175,MSGM,Motorsport Games Inc.
6326,1673481,LTRY,Lottery.com Inc.
6327,1934245,SPGC,"Sacks Parente Golf, Inc."
6328,1844149,SPEC,Spectaire Holdings Inc.
6329,1613895,BMXC,"Bemax, Inc."
6330,1906133,ICCT,iCoreConnect Inc.
6331,1300734,SISI,"SHINECO, INC."
6332,1807893,SPFX,"STANDARD PREMIUM FINANCE HOLDINGS, INC."
6333,924168,EFOI,"ENERGY FOCUS, INC/DE"
6334,925779,HIRU,HIRU Corp
6335,709005,NROM,NOBLE ROMANS INC
6336,1963088,ATCH,"AtlasClear Holdings, Inc."
6337,812152,RDGA,RIDGEFIELD ACQUISITION CORP
6338,1894693,SVRE,SaverOne 2014 Ltd.
6339,1434737,SRSG,"SPIRITS TIME INTERNATIONAL, INC."
6340,793628,CHNR,CHINA NATURAL RESOURCES INC
6341,1770236,MITQ,MOVING iMAGE TECHNOLOGIES INC.
6342,1574235,PULM,"Pulmatrix, Inc."
6343,724742,TPHS,Trinity Place Holdings Inc.
6344,96885,TIKK,TEL INSTRUMENT ELECTRONICS CORP
6345,1043961,PRPO,"Precipio, Inc."
6346,1098146,PNBK,PATRIOT NATIONAL BANCORP INC
6347,736012,INTZ,INTRUSION INC
6348,1937993,CVKD,"Cadrenal Therapeutics, Inc."
6349,844887,DHCC,DIAMONDHEAD CASINO CORP
6350,1530766,BSGM,"BioSig Technologies, Inc."
6351,1757499,SHPH,"Shuttle Pharmaceuticals Holdings, Inc."
6352,1389002,MRIN,MARIN SOFTWARE INC
6353,1761510,TLLTF,TILT Holdings Inc.
6354,1919246,CHRO,Chromocell Therapeutics Corp
6355,1770141,UPHL,"UpHealth, Inc."
6356,1524872,TNRG,Thunder Energies Corp
6357,1713539,KXIN,Kaixin Holdings
6358,1289850,NURO,"NeuroMetrix, Inc."
6359,1477009,CANN,TREES Corp (Colorado)
6360,1643918,BDRX,Biodexa Pharmaceuticals Plc
6361,1771885,HUGE,FSD Pharma Inc.
6362,1408146,SCYYF,SCANDIUM INTERNATIONAL MINING CORP.
6363,1555074,AAMC,Altisource Asset Management Corp
6364,1905688,AAUGF,AERO ENERGY Ltd
6365,1370292,VSMR,VERIFY SMART CORP.
6366,1818844,VIRI,"Virios Therapeutics, Inc."
6367,1834045,VWE,"Vintage Wine Estates, Inc."
6368,2024303,GBS,GUI BIN SHE INTERNATIONAL HOLDING GROUP
6369,1533030,CRYM,"Cryomass Technologies, Inc."
6370,1900564,WRNT,WARRANTEE INC.
6371,1462223,RCRT,"Recruiter.com Group, Inc."
6372,1808377,LUCY,Innovative Eyewear Inc
6373,1945240,ROMA,Roma Green Finance Ltd
6374,1894954,XPON,Expion360 Inc.
6375,1905660,HUBC,Hub Cyber Security Ltd.
6376,1603207,NTBL,"Notable Labs, Ltd."
6377,1857910,DRFS,"Japan Food Tech Holdings, Inc."
6378,1850079,TBIO,Telesis Bio Inc.
6379,926423,MIND,"MIND TECHNOLOGY, INC"
6380,1367083,SNOA,"Sonoma Pharmaceuticals, Inc."
6381,1935688,LEBGF,Legible Inc.
6382,1948697,SPPL,SIMPPLE LTD.
6383,764897,BRST,"Broad Street Realty, Inc."
6384,1810467,SNTG,Sentage Holdings Inc.
6385,1973368,SVMH,SRIVARU Holding Ltd
6386,1103310,ICCO,INTERCARE DX INC
6387,1916241,PRZO,ParaZero Technologies Ltd.
6388,1874907,DEFG,Grayscale Decentralized Finance (DeFi) Fund LLC
6389,1938109,PAPL,Pineapple Financial Inc.
6390,1534525,XBIO,"Xenetic Biosciences, Inc."
6391,1807389,CPOP,"Pop Culture Group Co., Ltd"
6392,1642159,SIGY,"Sigyn Therapeutics, Inc."
6393,1319150,PBMLF,Pacific Booker Minerals Inc.
6394,1751876,PAVS,Paranovus Entertainment Technology Ltd.
6395,1413754,MRZM,"MARIZYME, INC."
6396,1873722,BBLR,Bubblr Inc.
6397,1871181,QLIS,"Qualis Innovations, Inc."
6398,1658521,MTPP,"MOUNTAIN TOP PROPERTIES, INC."
6399,1563577,GRTX,"Galera Therapeutics, Inc."
6400,1652539,SNRG,SusGlobal Energy Corp.
6401,1807166,AMST,Amesite Inc.
6402,1782037,YGMZ,MingZhu Logistics Holdings Ltd
6403,34956,TENX,"TENAX THERAPEUTICS, INC."
6404,1558924,PKKFF,Tenet Fintech Group Inc.
6405,758743,VIDE,VIDEO DISPLAY CORP
6406,1888151,BCAN,Femto Technologies Inc.
6407,1944399,ELWS,"Earlyworks Co., Ltd."
6408,1546296,IPDN,"Professional Diversity Network, Inc."
6409,1061612,JPOTF,Jackpot Digital Inc.
6410,1011509,AUMN,Golden Minerals Co
6411,1777319,CISO,"CISO Global, Inc."
6412,1375195,CRTG,CORETEC GROUP INC.
6413,1780785,CNEY,CN ENERGY GROUP. INC.
6414,1861522,PIK,KIDPIK CORP.
6415,1801602,SBIG,"SpringBig Holdings, Inc."
6416,1603978,AQB,AQUABOUNTY TECHNOLOGIES INC
6417,1511820,STEK,Stemtech Corp
6418,1161814,KIQSF,KELSO TECHNOLOGIES INC
6419,1122993,BMXI,BROOKMOUNT EXPLORATIONS INC
6420,96793,SSY,SUNLINK HEALTH SYSTEMS INC
6421,1015155,CTHR,CHARLES & COLVARD LTD
6422,1342958,DGLY,"DIGITAL ALLY, INC."
6423,1513525,ADIL,"ADIAL PHARMACEUTICALS, INC."
6424,1785592,LFLY,"Leafly Holdings, Inc. /DE"
6425,1887603,HCNWF,Hypercharge Networks Corp.
6426,1358633,SNBH,SENTIENT BRANDS HOLDINGS INC.
6427,1107421,TCRT,"Alaunos Therapeutics, Inc."
6428,1624512,BOXL,Boxlight Corp
6429,1347858,XXII,"22nd Century Group, Inc."
6430,1841330,KTTA,Pasithea Therapeutics Corp.
6431,1723580,BFI,"BurgerFi International, Inc."
6432,1016504,INBP,INTEGRATED BIOPHARMA INC
6433,1543637,NUMD,"Nu-Med Plus, Inc."
6434,1786511,FRES,Fresh2 Group Ltd
6435,109657,GTBP,"GT Biopharma, Inc."
6436,1121795,GHST,GHST World Inc.
6437,1387473,TIGCF,Triumph Gold Corp.
6438,1174940,OGEN,ORAGENICS INC
6439,1844392,MRAI,"Marpai, Inc."
6440,1123596,BABB,"BAB, INC."
6441,1792030,IMCC,IM Cannabis Corp.
6442,1962481,BOF,BranchOut Food Inc.
6443,1875547,LCFY,Locafy Ltd
6444,1321517,SRNW,Stratos Renewables Corp
6445,318299,SRCO,"SPARTA COMMERCIAL SERVICES, INC."
6446,1346346,CMOT,"Curtiss Motorcycle Company, Inc."
6447,1898604,YOSH,Yoshiharu Global Co.
6448,73290,BMRA,BIOMERICA INC
6449,1995574,ICON,Icon Energy Corp
6450,1140215,REED,"REED'S, INC."
6451,1559998,VINO,"Gaucho Group Holdings, Inc."
6452,1923780,NCL,Northann Corp.
6453,1403870,GARWF,Golden Arrow Resources Corp
6454,849997,FECOF,FEC Resources Inc.
6455,1376321,CNET,ZW Data Action Technologies Inc.
6456,1787518,NUKK,Nukkleus Inc.
6457,1575793,WATT,Energous Corp
6458,1813783,VMAR,Vision Marine Technologies Inc.
6459,882291,AEMD,AETHLON MEDICAL INC
6460,1648087,AREB,AMERICAN REBEL HOLDINGS INC
6461,1657214,ILAL,International Land Alliance Inc.
6462,1718817,MSNVF,MISSION READY SOLUTIONS INC
6463,1096768,NUGL,"NUGL, INC."
6464,1898643,MOB,Mobilicom Ltd
6465,1519457,NMREF,Namibia Critical Metals Inc.
6466,724445,BZYR,BURZYNSKI RESEARCH INSTITUTE INC
6467,1409036,TARSF,Silver North Resources Ltd.
6468,797564,HSTC,"HST Global, Inc."
6469,1938865,TCJH,Top KingWin Ltd
6470,1522222,CLSH,"CLS Holdings USA, Inc."
6471,319458,ENSV,Enservco Corp
6472,1892500,CMND,Clearmind Medicine Inc.
6473,910267,TTNP,TITAN PHARMACEUTICALS INC
6474,1168981,LVRLF,CordovaCann Corp.
6475,1681682,NDRA,ENDRA Life Sciences Inc.
6476,1014763,AIMD,"Ainos, Inc."
6477,1855509,VEEE,"Twin Vee PowerCats, Co."
6478,1725911,NBND,NetBrands Corp.
6479,1632121,BLNC,"Balance Labs, Inc."
6480,1166708,BWMG,"Brownie's Marine Group, Inc"
6481,1487091,QWTR,"Quest Water Global, Inc."
6482,849401,ADMT,"ADM TRONICS UNLIMITED, INC."
6483,1733413,TFFP,"TFF Pharmaceuticals, Inc."
6484,1762239,KAVL,"Kaival Brands Innovations Group, Inc."
6485,1715611,BMMJ,BODY & MIND INC.
6486,1729214,XRTX,XORTX Therapeutics Inc.
6487,1335105,LIXT,"LIXTE BIOTECHNOLOGY HOLDINGS, INC."
6488,1825452,ONFO,"Onfolio Holdings, Inc"
6489,8504,UAVS,AgEagle Aerial Systems Inc.
6490,1858685,BFRI,Biofrontera Inc.
6491,1190370,IVDN,INNOVATIVE DESIGNS INC
6492,1815566,IFBD,"Infobird Co., Ltd"
6493,1776067,OCG,Oriental Culture Holding LTD
6494,1901305,FRZA,"Forza X1, Inc."
6495,1497230,SMCE,"SMC Entertainment, Inc."
6496,1543652,FFLO,"Free Flow, Inc."
6497,1677522,BKTPF,CRUZ BATTERY METALS CORP.
6498,1766267,SHMY,Synergy Empire Ltd
6499,1827401,DRUG,BRIGHT MINDS BIOSCIENCES INC.
6500,1571934,SNPX,"Synaptogenix, Inc."
6501,1711786,HOTH,"Hoth Therapeutics, Inc."
6502,1584693,HITC,Healthcare Integrated Technologies Inc.
6503,1031093,SVBL,"SILVER BULL RESOURCES, INC."
6504,1985062,PBM,PSYENCE BIOMEDICAL LTD.
6505,925741,BCDA,"BioCardia, Inc."
6506,1450894,IAALF,IBC Advanced Alloys Corp.
6507,1160798,OOGI,"C2E ENERGY, INC."
6508,1782941,TIRX,TIAN RUIXIANG HOLDINGS LTD
6509,1803407,OST,"Ostin Technology Group Co., Ltd."
6510,1103090,RSCF,"REFLECT SCIENTIFIC, INC."
6511,1141964,PCMC,PUBLIC CO MANAGEMENT CORP
6512,812796,SNGX,"SOLIGENIX, INC."
6513,1291855,SPCB,SuperCom Ltd
6514,1368365,MARK,"REMARK HOLDINGS, INC."
6515,1335112,LGIQ,"LOGIQ, INC."
6516,1054102,IDXG,"INTERPACE BIOSCIENCES, INC."
6517,1687277,RETO,"ReTo Eco-Solutions, Inc."
6518,1951294,VSME,VS MEDIA Holdings Ltd
6519,1424404,WOLV,Wolverine Resources Corp.
6520,1407973,SONX,"Sonendo, Inc."
6521,1458057,ORMNF,OREX MINERALS INC
6522,1559356,BTAX,Biostax Corp.
6523,1953588,PAANF,Pan American Energy Corp. (Canada)
6524,1920406,ASST,Asset Entities Inc.
6525,1443863,BICX,BioCorRx Inc.
6526,1128189,PKTX,"ProtoKinetix, Inc."
6527,1959023,SGD,Safe & Green Development Corp
6528,1745078,VYND,"Vynleads, Inc."
6529,1427570,RSLS,ReShape Lifesciences Inc.
6530,1474835,IPCIF,Intellipharmaceutics International Inc.
6531,1314196,OLB,"OLB GROUP, INC."
6532,1796514,BTCT,BTC Digital Ltd.
6533,1901215,BNRG,Brenmiller Energy Ltd.
6534,1538217,SRAX,"SRAX, Inc."
6535,1709542,XESP,"Electronic Servitor Publication Network, Inc."
6536,1905511,JCSE,JE Cleantech Holdings Ltd
6537,1187953,CELZ,"CREATIVE MEDICAL TECHNOLOGY HOLDINGS, INC."
6538,1533743,PCSA,"Processa Pharmaceuticals, Inc."
6539,1730773,BSFC,Blue Star Foods Corp.
6540,1930419,ALRTF,ALR Technologies SG Ltd.
6541,1781193,QH,QUHUO Ltd
6542,1648960,DATS,"DatChat, Inc."
6543,1826397,AGRI,AGRIFORCE GROWING SYSTEMS LTD.
6544,1722969,NXU,"Nxu, Inc."
6545,894158,TOVX,"Theriva Biologics, Inc."
6546,1815128,STTDF,Standard Uranium Ltd.
6547,1701478,AZTR,"Azitra, Inc."
6548,1374567,LUVU,"Luvu Brands, Inc."
6549,1583771,HEPA,"Hepion Pharmaceuticals, Inc."
6550,1107280,OVTZ,OCULUS VISIONTECH INC.
6551,746210,OBLG,"Oblong, Inc."
6552,890394,PRSO,Peraso Inc.
6553,1520118,INTV,"INTEGRATED VENTURES, INC."
6554,1576197,SENR,"Strategic Environmental & Energy Resources, Inc."
6555,1446159,POAI,Predictive Oncology Inc.
6556,1725430,INBS,INTELLIGENT BIO SOLUTIONS INC.
6557,1425627,SOBR,"SOBR Safe, Inc."
6558,38264,FORD,"Forward Industries, Inc."
6559,1421981,PTOP,Peer To Peer Network
6560,1862068,RBTC,"Rubicon Technologies, Inc."
6561,1482541,CEAD,CEA Industries Inc.
6562,1621221,ARTL,"ARTELO BIOSCIENCES, INC."
6563,1630212,ALBT,Avalon GloboCare Corp.
6564,788611,NTRP,"NextTrip, Inc."
6565,1415332,LTUM,Lithium Corp
6566,1708331,VRPX,"Virpax Pharmaceuticals, Inc."
6567,1718939,IDAI,T Stamp Inc
6568,803578,WAVD,"WAVEDANCER, INC."
6569,1813603,HSTA,Hestia Insight Inc.
6570,1527541,WHLR,"Wheeler Real Estate Investment Trust, Inc."
6571,1585380,INKW,"Greene Concepts, Inc"
6572,1106838,SONN,"Sonnet BioTherapeutics Holdings, Inc."
6573,1763660,SEAV,SEATech Ventures Corp.
6574,1282980,DROR,"Dror Ortho-Design, Inc."
6575,1806904,EZGO,EZGO Technologies Ltd.
6576,1588084,TANH,TANTECH HOLDINGS LTD
6577,1885336,FOMI,"FORMATION MINERALS, INC."
6578,1701261,FAMI,"Farmmi, Inc."
6579,1850767,ACUT,Accustem Sciences Inc.
6580,1499494,DXF,Dunxin Financial Holdings Ltd
6581,932021,GTLL,GLOBAL TECHNOLOGIES LTD
6582,1800637,AGFY,Agrify Corp
6583,1782107,ONCO,"Onconetix, Inc."
6584,822370,EMMA,"Emmaus Life Sciences, Inc."
6585,1860657,ALLR,"Allarity Therapeutics, Inc."
6586,836564,CPMV,Mosaic ImmunoEngineering Inc.
6587,1514946,AXIM,"AXIM BIOTECHNOLOGIES, INC."
6588,1889823,KWE,KWESST Micro Systems Inc.
6589,1500620,BGAVF,Bravada Gold Corp
6590,1836875,NVVE,Nuvve Holding Corp.
6591,1403708,EVOK,Evoke Pharma Inc
6592,1514056,TESI,Titan Environmental Solutions Inc.
6593,1595248,GNPX,"Genprex, Inc."
6594,1086745,AYRO,"AYRO, Inc."
6595,930775,ECIA,ENCISION INC
6596,1737995,STSS,Sharps Technology Inc.
6597,1602078,NMRD,Nemaura Medical Inc.
6598,1639142,AETHF,Aether Global Innovations Corp.
6599,1805594,JWEL,Jowell Global Ltd.
6600,1650101,ATXG,ADDENTAX GROUP CORP.
6601,1429560,TRVN,TREVENA INC
6602,1066130,FEMFF,FE Battery Metals Corp.
6603,1809750,EDBL,Edible Garden AG Inc
6604,1817511,SOPA,SOCIETY PASS INCORPORATED.
6605,1948884,GPAK,Gamer Pakistan Inc
6606,923601,MICS,SINGING MACHINE CO INC
6607,1591913,IPSI,"Innovative Payment Solutions, Inc."
6608,1106644,CPHI,"CHINA PHARMA HOLDINGS, INC."
6609,1826011,BNZI,"Banzai International, Inc."
6610,1469443,RKDA,"Arcadia Biosciences, Inc."
6611,1626644,ODYY,"Odyssey Health, Inc."
6612,1693687,GLVT,GREENLIT VENTURES INC.
6613,1293818,OPGN,OPGEN INC
6614,931059,RNVA,"Rennova Health, Inc."
6615,1872812,TCBP,TC BioPharm (Holdings) plc
6616,1668370,TBLT,"Toughbuilt Industries, Inc"
6617,1861657,THAR,"Tharimmune, Inc."
6618,1473334,NVFY,"Nova Lifestyle, Inc."
6619,1870404,CERO,"CERO THERAPEUTICS HOLDINGS, INC."
6620,1701963,VS,Versus Systems Inc.
6621,1698530,XCUR,"EXICURE, INC."
6622,1357459,PALI,"PALISADE BIO, INC."
6623,1892025,OHCS,"Optimus Healthcare Services, Inc."
6624,1191832,KNGRF,Kingsmen Resources Ltd.
6625,1661166,LGCP,Legion Capital Corp
6626,1720990,FSRNQ,Fisker Inc./DE
6627,1843165,LQR,LQR House Inc.
6628,1787123,LQLY,QLY Biotech Group Corp.
6629,1590695,TLCC,"TWINLAB CONSOLIDATED HOLDINGS, INC."
6630,1622244,OWPC,"One World Products, Inc."
6631,1888014,AKAN,AKANDA CORP.
6632,1547705,BLFR,Bluefire Equipment Corp
6633,1840416,SEVCF,Sono Group N.V.
6634,854800,TIOG,"Tingo Group, Inc."
6635,897078,KOAN,"Resonate Blends, Inc."
6636,1882781,CBLO,"C2 Blockchain,Inc."
6637,1004724,RHE,"REGIONAL HEALTH PROPERTIES, INC"
6638,1558569,ISPC,iSpecimen Inc.
6639,744452,APDN,APPLIED DNA SCIENCES INC
6640,1668438,IMTE,Integrated Media Technology Ltd
6641,1673475,GPOX,"GPO Plus, Inc."
6642,1269026,SINT,"Sintx Technologies, Inc."
6643,1095435,PRTG,PORTAGE BIOTECH INC.
6644,912607,MACE,MACE SECURITY INTERNATIONAL INC
6645,1880431,VHAI,Vocodia Holdings Corp
6646,930245,AASP,GLOBAL ACQUISITIONS Corp
6647,1554818,AUUD,AUDDIA INC.
6648,1749849,OGAA,Organic Agricultural Co Ltd
6649,1892492,OCTO,Eightco Holdings Inc.
6650,1861622,JTAI,Jet.AI Inc.
6651,1515317,MAGE,MAGELLAN GOLD Corp
6652,1435064,CETX,CEMTREX INC
6653,1812727,RELI,"Reliance Global Group, Inc."
6654,1752474,KLDI,KLDiscovery Inc.
6655,1133818,BPTH,"BIO-PATH HOLDINGS, INC."
6656,1996210,BLMH,"BLUM HOLDINGS, INC."
6657,1811216,BAOS,Baosheng Media Group Holdings Ltd
6658,890821,ENVB,"Enveric Biosciences, Inc."
6659,1494558,AMBO,Ambow Education Holding Ltd.
6660,1532619,PW,Power REIT
6661,1409269,VERO,Venus Concept Inc.
6662,1862150,CING,Cingulate Inc.
6663,1014052,DTGI,"Digerati Technologies, Inc."
6664,1694617,ROYL,"Royale Energy, Inc."
6665,1611747,SCNI,Scinai Immunotherapeutics Ltd.
6666,102109,UUU,UNIVERSAL SECURITY INSTRUMENTS INC
6667,1687542,FRGT,"Freight Technologies, Inc."
6668,1537561,ARTH,"Arch Therapeutics, Inc."
6669,768408,CYAN,CYANOTECH CORP
6670,1502758,NULGF,NuLegacy Gold Corp
6671,1704287,BJDX,"Bluejay Diagnostics, Inc."
6672,1080448,PGOL,PATRIOT GOLD CORP
6673,1816319,LYT,Lytus Technologies Holdings PTV. Ltd.
6674,1596856,LEJUY,Leju Holdings Ltd
6675,1593204,ADAD,"Huaizhong Health Group, Inc."
6676,1955083,GESI,"General European Strategic Investments, Inc."
6677,1839285,HCTI,"Healthcare Triangle, Inc."
6678,1898474,SGN,"Signing Day Sports, Inc."
6679,730349,TOFB,TOFUTTI BRANDS INC
6680,1347242,LIPO,LIPELLA PHARMACEUTICALS INC.
6681,1471727,BTTR,Better Choice Co Inc.
6682,1085277,SKVI,"SKINVISIBLE, INC."
6683,1644963,ATXI,"AVENUE THERAPEUTICS, INC."
6684,1398713,NVDEF,NEVADA EXPLORATION INC
6685,1652452,CXXMF,CMX GOLD & SILVER CORP.
6686,1696025,KCRD,"Kindcard, Inc."
6687,1506928,AVGR,Avinger Inc
6688,1279715,IWSH,"Wright Investors Service Holdings, Inc."
6689,1743340,TC,TuanChe Ltd
6690,711034,THMG,THUNDER MOUNTAIN GOLD INC
6691,1324759,HGYN,HONG YUAN HOLDING GROUP
6692,1443611,SING,SinglePoint Inc.
6693,1414767,NCPL,Netcapital Inc.
6694,1814067,LXEH,Lixiang Education Holding Co. Ltd.
6695,1389518,CMGR,"Clubhouse Media Group, Inc."
6696,1165320,GBLX,GB SCIENCES INC
6697,1371128,NEWH,"NewHydrogen, Inc."
6698,1536089,VRVR,VIRTUAL INTERACTIVE TECHNOLOGIES CORP.
6699,1419051,TSOI,"THERAPEUTIC SOLUTIONS INTERNATIONAL, INC."
6700,1859007,ZVSA,"ZyVersa Therapeutics, Inc."
6701,1618500,XYLO,XYLO TECHNOLOGIES LTD
6702,1792581,KRBP,"Kiromic Biopharma, Inc."
6703,1671584,APVO,Aptevo Therapeutics Inc.
6704,1127475,DBMM,"Digital Brand Media & Marketing Group, Inc."
6705,1785566,ZCMD,Zhongchao Inc.
6706,1652561,DQWS,DSwiss Inc
6707,1022899,PTIX,"Protagenic Therapeutics, Inc.\new"
6708,1722731,FDCT,"FDCTECH, INC."
6709,1444839,BRVO,Bravo Multinational Inc.
6710,1166272,GENE,GENETIC TECHNOLOGIES LTD
6711,1582249,RASP,"ACTAVIA LIFE SCIENCES, INC."
6712,1414382,CLEV,Concrete Leveling Systems Inc
6713,1650575,BRQSF,"Borqs Technologies, Inc."
6714,1677077,ALZN,"Alzamend Neuro, Inc."
6715,1497649,GSTX,Graphene & Solar Technologies Ltd
6716,856984,USAQ,"QHSLab, Inc."
6717,1940674,SMX,SMX (Security Matters) Public Ltd Co
6718,1716947,ENSC,"Ensysce Biosciences, Inc."
6719,1593001,NGTF,"NightFood Holdings, Inc."
6720,1636051,FUST,FUSE GROUP HOLDING INC.
6721,1729427,CNSP,"CNS Pharmaceuticals, Inc."
6722,1662574,GROM,"Grom Social Enterprises, Inc."
6723,1601936,CYTO,Altamira Therapeutics Ltd.
6724,1019034,BKYI,BIO KEY INTERNATIONAL INC
6725,1417926,INVO,"INVO Bioscience, Inc."
6726,1565146,GULTU,Gulf Coast Ultra Deep Royalty Trust
6727,1880419,FERN,Fernhill Corp
6728,1300317,ECRO,ECC Capital CORP
6729,1892480,HPCO,"Hempacco Co., Inc."
6730,1604191,ENTO,"Entero Therapeutics, Inc."
6731,1726711,ADTX,"Aditxt, Inc."
6732,1787803,WNW,Meiwu Technology Co Ltd
6733,1669400,VFRM,"Veritas Farms, Inc."
6734,59860,GRMC,GOLDRICH MINING CO
6735,1023994,SGBX,SAFE & GREEN HOLDINGS CORP.
6736,1552670,TAOP,Taoping Inc.
6737,1437750,TRXA,T-REX Acquisition Corp.
6738,1389545,NBY,"NovaBay Pharmaceuticals, Inc."
6739,1815903,PTPI,"Petros Pharmaceuticals, Inc."
6740,1487718,BLTH,"AMERICAN BATTERY MATERIALS, INC."
6741,1416090,IMII,INCEPTION MINING INC.
6742,1119190,HMBL,"HUMBL, INC."
6743,1613979,ZPHYF,ZEPHYR MINERALS LTD.
6744,1668010,DBGI,"Digital Brands Group, Inc."
6745,1419559,CAMG,"CAM GROUP, INC."
6746,1885827,VRAX,Virax Biolabs Group Ltd
6747,1577351,XYLB,"XY Labs, Inc."
6748,1424768,VYCO,VYCOR MEDICAL INC
6749,1811999,FMHS,"FARMHOUSE, INC. /NV"
6750,1643301,AVRW,"Avenir Wellness Solutions, Inc."
6751,1304077,FMNJ,"Franklin Mining, Inc."
6752,1376793,CVAT,"Cavitation Technologies, Inc."
6753,1750593,DUO,Fangdd Network Group Ltd.
6754,1971260,CLDVF,Web3 Ventures Inc.
6755,1460702,QLGN,"Qualigen Therapeutics, Inc."
6756,912544,NSTM,NovelStem International Corp.
6757,841533,SRMX,"SADDLE RANCH MEDIA, INC."
6758,1735948,GBNHF,Greenbrook TMS Inc.
6759,1132979,FRCB,FIRST REPUBLIC BANK
6760,1205059,REPCF,REPLICEL LIFE SCIENCES INC.
6761,1138867,EESH,"EESTech, Inc."
6762,1083922,ARAO,"AuraSource, Inc."
6763,1716621,VTAK,"Catheter Precision, Inc."
6764,1638911,USDR,UAS Drone Corp.
6765,1062506,ALDA,ATLANTICA INC
6766,1885408,JFBR,Jeffs' Brands Ltd
6767,1946335,INUMF,Infinitum Copper Corp.
6768,1692068,TPPM,"Yotta Global, Inc."
6769,894560,BOTH,BIOETHICS LTD
6770,1483646,BEGI,"BLACKSTAR ENTERPRISE GROUP, INC."
6771,792935,GRST,ETHEMA HEALTH Corp
6772,775057,ALTX,ALTEX INDUSTRIES INC
6773,1812360,FOXO,FOXO TECHNOLOGIES INC.
6774,1750777,HWKE,"Hawkeye Systems, Inc."
6775,1688126,CRCW,Crypto Co
6776,1867589,RWGI,"Rodedawg International Industries, Inc."
6777,1415758,NVSGF,Nevada Sunrise Metals Corp.
6778,1133192,VPER,VIPER NETWORKS INC
6779,1810560,REVB,"REVELATION BIOSCIENCES, INC."
6780,1610853,HSDT,"HELIUS MEDICAL TECHNOLOGIES, INC."
6781,1671502,QNRX,"Quoin Pharmaceuticals, Ltd."
6782,1689084,QRON,Qrons Inc.
6783,1895618,GXAI,GAXOS.AI INC.
6784,1211805,MYSZ,"My Size, Inc."
6785,1144392,MGON,MEGOLA INC
6786,811240,BIOL,"BIOLASE, INC"
6787,1045942,TRCK,"Track Group, Inc."
6788,1281845,UNQL,"Unique Logistics International, Inc."
6789,1468492,HSCS,"Heart Test Laboratories, Inc."
6790,1635077,ACON,"Aclarion, Inc."
6791,1560293,TNON,"Tenon Medical, Inc."
6792,1527613,NUZE,"NuZee, Inc."
6793,1651944,DMTKQ,"DermTech, Inc."
6794,1442853,IGEX,"Indo Global Exchange(s) Pte, Ltd."
6795,1530163,SAML,"Samsara Luggage, Inc."
6796,1362516,CLRI,"Cleartronic, Inc."
6797,1644903,YCBD,"cbdMD, Inc."
6798,1728328,INM,InMed Pharmaceuticals Inc.
6799,1394108,SUIC,SUIC Worldwide Holdings Ltd.
6800,1640251,WINSF,Wins Finance Holdings Inc.
6801,1284237,ABCFF,ABACUS MINING & EXPLORATION CORP
6802,811212,THMO,"ThermoGenesis Holdings, Inc."
6803,1130166,CYCC,"Cyclacel Pharmaceuticals, Inc."
6804,1028357,BITTF,BITTERROOT RESOURCES LTD
6805,1358190,ITP,"IT TECH PACKAGING, INC."
6806,1448705,BASA,"BASANITE, INC."
6807,1806524,LGHL,Lion Group Holding Ltd
6808,1760764,GMVDF,G Medical Innovations Holdings Ltd.
6809,847942,STQN,STRATEGIC ACQUISITIONS INC /NV/
6810,824416,QPRC,QUEST PATENT RESEARCH CORP
6811,1533040,PHIO,Phio Pharmaceuticals Corp.
6812,1538210,NEXI,"NexImmune, Inc."
6813,1946563,SXTP,"60 DEGREES PHARMACEUTICALS, INC."
6814,1883083,GPLL,"GPL Holdings, Inc."
6815,1922639,OILCF,Permex Petroleum Corp
6816,1961378,CIVX,"CTR Investments & Consulting, Inc."
6817,1089297,NVGT,NOVAGANT CORP
6818,1342219,NLSC,"Namliong SkyCosmos, Inc."
6819,1035354,ELOX,"Eloxx Pharmaceuticals, Inc."
6820,1829635,RNAZ,"Transcode Therapeutics, Inc."
6821,1725134,DMSL,"Digital Media Solutions, Inc."
6822,1613685,TMIN,TRENDMAKER INC. LTD.
6823,1547660,VSOLF,THREE SIXTY SOLAR LTD.
6824,1905956,TGL,TREASURE GLOBAL INC
6825,1506492,NUWE,"Nuwellis, Inc."
6826,946486,WINT,WINDTREE THERAPEUTICS INC /DE/
6827,1690080,ATNF,180 Life Sciences Corp.
6828,1680378,SNES,"SenesTech, Inc."
6829,1394319,TCON,"Tracon Pharmaceuticals, Inc."
6830,1733257,FNCH,"Finch Therapeutics Group, Inc."
6831,1877461,CBDW,1606 CORP.
6832,1326706,NAOV,"NanoVibronix, Inc."
6833,1981535,SBET,"SharpLink Gaming, Inc."
6834,1417664,VEII,"Value Exchange International, Inc."
6835,1143994,MRPT,MACREPORT NET INC
6836,1696411,CCCP,Crona Corp.
6837,1559157,SSOK,"Sunstock, Inc."
6838,1324736,HENC,Hero Technologies Inc.
6839,1368275,WESC,W&E Source Corp.
6840,1661039,TPTW,"TPT GLOBAL TECH, INC."
6841,1611746,SPRC,SciSparc Ltd.
6842,1666657,EBYH,"Strainsforpains, Inc."
6843,1261002,GNOLF,GENOIL INC
6844,1843875,TRCC,TRACCOM INC.
6845,1786182,FHSEY,"First High-School Education Group Co., Ltd."
6846,1787740,TIVC,"Tivic Health Systems, Inc."
6847,1911467,CRCE,"Circle Energy, Inc./NV"
6848,1421636,CBNT,"C-Bond Systems, Inc"
6849,1595353,GLMD,Galmed Pharmaceuticals Ltd.
6850,1945619,ECGR,Kinetic Seas Inc.
6851,860543,JKSM,Jacksam Corp
6852,1580262,RTON,"Right On Brands, Inc."
6853,1499717,STAF,"Staffing 360 Solutions, Inc."
6854,1755101,ALDS,APPlife Digital Solutions Inc
6855,720762,NIMU,NON INVASIVE MONITORING SYSTEMS INC /FL/
6856,1811623,PXMD,"PaxMedica, Inc."
6857,1346022,ENRT,Enertopia Corp.
6858,1029125,PBLA,"Panbela Therapeutics, Inc."
6859,1539680,HMMR,HAMMER FIBER OPTICS HOLDINGS CORP
6860,1768946,BPTSY,Biophytis SA
6861,29952,CHJI,"CHINA CHANGJIANG MINING & NEW ENERGY COMPANY, LTD."
6862,1807616,HIGR,Hi-Great Group Holding Co
6863,1552189,PLSH,"PANACEA LIFE SCIENCES HOLDINGS, INC."
6864,1376804,VNUE,"VNUE, Inc."
6865,1729944,BACK,"IMAC Holdings, Inc."
6866,1100788,ILST,INTERNATIONAL STAR INC
6867,1815021,BQ,Boqii Holding Ltd
6868,1088638,MMND,"MASTERMIND, INC."
6869,802257,MITI,"Mitesco, Inc."
6870,1043150,EEGI,"Eline Entertainment Group, Inc."
6871,1614556,STAL,Star Alliance International Corp.
6872,1510518,GFOO,Genufood Energy Enzymes Corp.
6873,1722926,ASLN,ASLAN Pharmaceuticals Ltd
6874,1615219,SLRX,"Salarius Pharmaceuticals, Inc."
6875,812306,PCYN,PROCYON CORP
6876,1824293,GRI,"GRI BIO, Inc."
6877,1789192,NITO,"N2OFF, Inc."
6878,1471781,GTCH,GBT Technologies Inc.
6879,1081188,GEGP,GOLD ENTERTAINMENT GROUP INC
6880,1349706,TOGI,"TurnOnGreen, Inc."
6881,1555214,WLYW,"Wally World Media, Inc"
6882,1743745,GNLN,"Greenlane Holdings, Inc."
6883,1445467,AVPMF,AVRUPA MINERALS LTD.
6884,1358654,RMESF,"RED METAL RESOURCES, LTD."
6885,1651992,ASFT,"Appsoft Technologies, Inc."
6886,278165,OMQS,OMNIQ Corp.
6887,1534708,EAST,"Eastside Distilling, Inc."
6888,1656501,BWMY,"BorrowMoney.com, Inc."
6889,1639068,HBUV,Hubilu Venture Corp
6890,1589150,RGBP,Regen BioPharma Inc
6891,1603793,NRIS,"Norris Industries, Inc."
6892,1839132,MVLA,Movella Holdings Inc.
6893,764630,SPEV,SHOREPOWER TECHNOLOGIES INC.
6894,1703625,BLIS,"NAPC Defense, Inc."
6895,1093636,ATYG,"Saxon Capital Group, Inc./DE"
6896,752294,ELST,ELECTRONIC SYSTEMS TECHNOLOGY INC
6897,1599117,MNTR,"Mentor Capital, Inc."
6898,1360442,CBDS,"Cannabis Sativa, Inc."
6899,1807765,PMVC,PMV Consumer Acquisition Corp.
6900,1539778,RAYT,RAYONT INC.
6901,1674227,WORX,SCWorx Corp.
6902,1801834,PRFX,PAINREFORM LTD.
6903,1798270,IONM,Assure Holdings Corp.
6904,1821424,UK,Ucommune International Ltd
6905,1017491,SEEL,"SEELOS THERAPEUTICS, INC."
6906,1076682,RGTPQ,"POLARITYTE, INC."
6907,773318,VRTC,VERITEC INC
6908,1525306,FSTJ,First America Resources Corp
6909,1990446,GRPS,"Trans American Aquaculture, Inc"
6910,1476963,SCPX,"Scorpius Holdings, Inc."
6911,1586554,CBDY,Target Group Inc.
6912,1454742,GMER,"GOOD GAMING, INC."
6913,1829966,EBET,"EBET, Inc."
6914,1060888,LQWC,LIFEQUEST WORLD CORP.
6915,786947,ACUR,"ACURA PHARMACEUTICALS, INC"
6916,1594968,VEST,"Vestiage, Inc."
6917,814926,CAPC,"CAPSTONE COMPANIES, INC."
6918,730669,FCIC,FCCC INC
6919,1609436,MEXGF,Mexican Gold Mining Corp.
6920,1852707,BFYW,"Better For You Wellness, Inc."
6921,1502966,DIGP,"Hypha Labs, Inc."
6922,1160420,ADIA,"Adia Nutrition, Inc."
6923,1661600,SATT,SATIVUS TECH CORP.
6924,1697935,MAPT,"MAPTELLIGENT, INC."
6925,1536394,USLG,"U.S. Lighting Group, Inc."
6926,1803977,VYBE,Limitless X Holdings Inc.
6927,1182731,CNNN,ConneXionONE Corp.
6928,825171,HHHEF,37 CAPITAL INC
6929,1566826,LGMK,"LogicMark, Inc."
6930,720875,DYNT,DYNATRONICS CORP
6931,1439264,MVNC,Marvion Inc.
6932,1199392,EGMCF,EMERGENT METALS CORP.
6933,1788841,MCOM,micromobility.com Inc.
6934,799698,LADX,LadRx Corp
6935,719739,SIVBQ,SVB FINANCIAL GROUP
6936,1407878,DLOC,"Digital Locations, Inc."
6937,1419554,BBLG,Bone Biologics Corp
6938,1117228,MMMW,MASS MEGAWATTS WIND POWER INC
6939,774415,KRFG,OneSolution Technology Inc.
6940,1625288,NXEN,"NEXIEN BIOPHARMA, INC."
6941,827099,CPWR,Ocean Thermal Energy Corp
6942,1346917,GNTOF,GENTOR RESOURCES INC.
6943,1284454,YBCN,Yong Bai Chao New Retail Corp
6944,1082733,VISM,"VISIUM TECHNOLOGIES, INC."
6945,1775625,SDCCQ,"SmileDirectClub, Inc."
6946,1350156,PAXH,PREAXIA HEALTH CARE PAYMENT SYSTEMS INC.
6947,1121702,YTEN,"YIELD10 BIOSCIENCE, INC."
6948,1853816,DRMA,"Dermata Therapeutics, Inc."
6949,1781405,ODII,"Odyssey Semiconductor Technologies, Inc."
6950,873612,ABNAF,Aben Resources Ltd.
6951,1817232,HGAS,Global Gas Corp
6952,1509957,CANB,Can B Corp
6953,1814215,BURU,"Nuburu, Inc."
6954,884380,KEGS,"1812 Brewing Company, Inc."
6955,1723980,SXTC,"China SXT Pharmaceuticals, Inc."
6956,1517389,JFIL,"Jubilant Flame International, Ltd"
6957,1485074,FRZT,"Freeze Tag, Inc."
6958,1603345,AGTX,Agentix Corp.
6959,945617,AMMJ,"American Cannabis Company, Inc."
6960,1734262,CTKYY,CooTek(Cayman)Inc.
6961,1459188,CHEV,Charging Robotics Inc.
6962,1680132,CSUI,CANNABIS SUISSE CORP.
6963,1502152,GSTC,GlobeStar Therapeutics Corp
6964,1785056,TRNR,"Interactive Strength, Inc."
6965,1508348,ACAN,"AmeriCann, Inc."
6966,1373467,VTXB,Vortex Brands Co.
6967,1401835,SRGZ,Star Gold Corp.
6968,1498067,CTGL,"CITRINE GLOBAL, CORP."
6969,934796,NWCN,NETWORK CN INC
6970,79661,PRSI,PORTSMOUTH SQUARE INC
6971,1893124,ZAAG,"ZA Group, Inc."
6972,1399306,BRBL,BrewBilt Brewing Co
6973,1375793,MLRT,"Metalert, Inc."
6974,1440799,MMEX,MMEX Resources Corp
6975,1319643,LSMG,Lode-Star Mining Inc.
6976,1522860,AFIB,"Acutus Medical, Inc."
6977,1835059,ARVLF,Arrival
6978,1064722,GMPW,GIVEMEPOWER CORP
6979,1616291,JPPYY,Jupai Holdings Ltd
6980,1063537,RIBT,RiceBran Technologies
6981,1611852,RAHGF,"Roan Holdings Group Co., Ltd."
6982,1680689,NRHI,"Natural Resource Holdings, Inc."
6983,1530746,KAYS,"Kaya Holdings, Inc."
6984,790273,CONC,CONECTISYS CORP
6985,1039466,XSNX,NovAccess Global Inc.
6986,1961,WDDD,WORLDS INC
6987,1599407,EFSH,1847 Holdings LLC
6988,1300867,ONCI,ON4 COMMUNICATIONS INC.
6989,862668,ESMC,ESCALON MEDICAL CORP
6990,1335288,REOS,ReoStar Energy CORP
6991,719274,GIGA,"GRESHAM WORLDWIDE, INC."
6992,1407704,BOTY,"LINGERIE FIGHTING CHAMPIONSHIPS, INC."
6993,1346655,CMGO,"CMG HOLDINGS GROUP, INC."
6994,2006925,LNTO,LELANTOS HOLDINGS INC.
6995,1652958,EDGM,"Edgemode, Inc."
6996,1607004,MRNJ,"METATRON APPS, INC."
6997,1409197,BSPK,"Bespoke Extracts, Inc."
6998,1416697,BLPG,"Blue Line Protection Group, Inc."
6999,1609258,PTCO,PetroGas Co
7000,1515139,MWRK,"METAWORKS PLATFORMS, INC."
7001,1530425,ARRT,"Artisan Consumer Goods, Inc."
7002,1522602,CWBR,"CohBar, Inc."
7003,1627041,VCOR,VISIBER57 CORP.
7004,1838128,LOWLF,Lowell Farms Inc.
7005,1310291,BWVI,"PSYCHECEUTICAL BIOSCIENCE, INC."
7006,1760026,MSSV,"MESO NUMISMATICS, INC."
7007,820771,GFMH,Goliath Film & Media Holdings
7008,925660,FLXT,FLEXPOINT SENSOR SYSTEMS INC
7009,1907685,CMRA,"Comera Life Sciences Holdings, Inc."
7010,1570937,ATAO,ALTAIR INTERNATIONAL CORP.
7011,1530185,ATVK,"Ameritek Ventures, Inc."
7012,1389067,TTCM,TAUTACHROME INC.
7013,1649009,SYTA,Siyata Mobile Inc.
7014,1437476,GSFI,Green Stream Holdings Inc.
7015,915661,GRLF,GREEN LEAF INNOVATIONS INC
7016,1338929,AHRO,"Authentic Holdings, Inc."
7017,1644488,SHRG,SHARING SERVICES GLOBAL Corp
7018,1084475,NIHK,"Video River Networks, Inc."
7019,1461708,GSPI,"Green Star Products, Inc."
7020,1301991,SMME,"SmartMetric, Inc."
7021,823546,RKFL,"ROCKETFUEL BLOCKCHAIN, INC."
7022,1355250,IPIX,Innovation Pharmaceuticals Inc.
7023,1618835,EVFM,"Evofem Biosciences, Inc."
7024,1835817,NSTC,Northern Star Investment Corp. III
7025,1427644,SLDC,"Telco Cuba, Inc."
7026,1835814,NSTD,Northern Star Investment Corp. IV
7027,1381871,BOMO,"bowmo, Inc."
7028,1424657,CUEN,Cuentas Inc.
7029,1872292,RAKR,Rainmaker Worldwide Inc.
7030,1619227,CLOW,"Cloudweb, Inc."
7031,1763329,TPIA,"Mycotopia Therapies, Inc."
7032,1068689,ATDS,"Data443 Risk Mitigation, Inc."
7033,1138724,GAHC,"Global Arena Holding, Inc."
7034,1512886,NTRR,NEUTRA CORP.
7035,1132509,NNAX,New Momentum Corp.
7036,1695473,GCAN,"Greater Cannabis Company, Inc."
7037,352991,AOXY,ADVANCED OXYGEN TECHNOLOGIES INC
7038,1099132,MHTX,MANHATTAN SCIENTIFICS INC
7039,1862490,DCFCQ,Tritium DCFC Ltd
7040,1561880,LEAI,"Legacy Education Alliance, Inc."
7041,890725,GSAC,GELSTAT CORP
7042,1608092,KITL,Kisses From Italy Inc.
7043,1637866,DGWR,"Deep Green Waste & Recycling, Inc."
7044,1575142,BDPT,"BIOADAPTIVES, INC."
7045,1861449,BRDSQ,"Bird Global, Inc."
7046,1014111,GLAE,"GlassBridge Enterprises, Inc."
7047,1533357,DTII,DEFENSE TECHNOLOGIES INTERNATIONAL CORP.
7048,1098462,MTLK,METALINK LTD
7049,1518336,DREM,Dream Homes & Development Corp.
7050,1733298,QTTOY,Qutoutiao Inc.
7051,1856416,ECGI,"ECGI Holdings, Inc."
7052,1318268,MDEX,Madison Technologies Inc.
7053,1686850,MOTS,"Motus GI Holdings, Inc."
7054,1285543,ZRFY,"Zerify, Inc."
7055,1605331,ABQQ,AB INTERNATIONAL GROUP CORP.
7056,1463208,TLSS,"Transportation & Logistics Systems, Inc."
7057,1290658,ITOX,"IIOT-OXYS, Inc."
7058,1855631,AWIN,AERWINS Technologies Inc.
7059,1853718,TEVNF,Tevano Systems Holdings Inc.
7060,1584480,LAAB,"Startech Labs, Inc."
7061,1008653,EMAX,"Ecomax, Inc"
7062,1827871,ELIQQ,"Electriq Power Holdings, Inc."
7063,1355790,ISCO,International Stem Cell CORP
7064,1787412,WBBA,"WB Burgers Asia, Inc."
7065,1886362,MGAM,"Mobile Global Esports, Inc."
7066,1715819,EMED,"Electromedical Technologies, Inc"
7067,1679063,CSSEQ,"Chicken Soup for the Soul Entertainment, Inc."
7068,1877788,CSTF,CuraScientific Corp.
7069,1474558,KATX,"KAT EXPLORATION, INC."
7070,830656,PBIO,PRESSURE BIOSCIENCES INC
7071,1049011,KDCE,KID CASTLE EDUCATIONAL CORP
7072,1633273,TLIF,"TOCCA LIFE HOLDINGS, INC."
7073,1973160,GMZP,GEMZ Corp. NV
7074,1780097,BXRXQ,"Baudax Bio, Inc."
7075,1794942,SKFG,"Stark Focus Group, Inc."
7076,1102942,INQR,"InnovaQor, Inc."
7077,1001601,MGTI,"MGT CAPITAL INVESTMENTS, INC."
7078,1819074,PTNYF,ParcelPal Logistics Inc.
7079,1472998,LCCN,LeapCharger Corp
7080,1409446,NHMD,NATE'S FOOD CO.
7081,1133116,ACPS,"AC Partners, Inc."
7082,1437491,ROII,"RiskOn International, Inc."
7083,1393540,IGEN,IGEN NETWORKS CORP
7084,918573,GRVE,GROOVE BOTANICALS INC.
7085,1321828,DCLT,Data Call Technologies
7086,1104280,SGBI,SANGUI BIOTECH INTERNATIONAL INC
7087,820608,QTXB,QUANTRX BIOMEDICAL CORP
7088,1172069,PTOS,"P2 Solar, Inc."
7089,1572565,INQD,Indoor Harvest Corp
7090,867028,IGOT,"FOMO WORLDWIDE, INC."
7091,887247,DMKPQ,DMK PHARMACEUTICALS Corp
7092,1671132,SONG,Music Licensing Inc.
7093,1431074,BRGO,"Bergio International, Inc."
7094,1543268,BETSF,Bit Brother Ltd
7095,1384365,RDAR,"RAADR, INC."
7096,1404356,CBIA,"Blue Heaven Coffee, Inc."
7097,1464865,ASII,"Accredited Solutions, Inc."
7098,1409624,HMLA,"HIMALAYA TECHNOLOGIES, INC"
7099,1517681,PPCB,"Propanc Biopharma, Inc."
7100,100716,UNAM,UNICO AMERICAN CORP
7101,1433309,PLTYF,"Plastec Technologies, Ltd."
7102,1828522,EFTR,"eFFECTOR Therapeutics, Inc."
7103,730255,CAMPQ,CalAmp Corp.
7104,894552,EMDF,"E Med Future, Inc."
7105,1683131,FORZ,Forza Innovations Inc
7106,1535079,MCCX,MCX Technologies Corp
7107,1851682,MFLTY,Missfresh Ltd
7108,1860514,USCTF,Roth CH Acquisition Co.
7109,1681556,GXXM,"GEX MANAGEMENT, INC."
7110,1851860,SMFL,"SMART FOR LIFE, INC."
7111,725929,BTDG,"B2Digital, Inc."
7112,1410708,NUVI,Emo Capital Corp.
7113,1813658,TMPOQ,"Tempo Automation Holdings, Inc."
7114,1062128,MNKA,"Manuka, Inc."
7115,1834645,PKBO,"Peak Bio, Inc."
7116,1404804,OMTK,Omnitek Engineering Corp
7117,1343009,CNBX,CNBX Pharmaceuticals Inc.
7118,1627480,PVNNF,"PV Nano Cell, Ltd."
7119,1916879,VHLD,"VECTOR 21 HOLDINGS, INC."
7120,1627554,PDRO,"Pedro's List, Inc."
7121,1410187,CNNC,Cannonau Corp.
7122,1416876,FCHS,"First Choice Healthcare Solutions, Inc."
7123,1942808,EGOXF,Next.e.GO N.V.
7124,1331421,HLLK,"HALLMARK VENTURE GROUP, INC."
7125,1939696,ETAOF,"ETAO International Co., Ltd."
7126,1301838,PMPG,"Premier Product Group, Inc."
7127,1409999,BBBT,"Black Bird Biotech, Inc."
7128,1509786,GKIN,Guskin Gold Corp.
7129,1101396,DLAPQ,"DELTA APPAREL, INC"
7130,834285,FRBK,REPUBLIC FIRST BANCORP INC
7131,1399352,WARM,"COOL TECHNOLOGIES, INC."
7132,1067837,AUDAQ,"AUDACY, INC."
7133,1778651,JUVAF,JUVA LIFE INC./Canada
7134,1283789,RYNL,"Reynaldo's Mexican Food Company, Inc."
7135,1495648,BDCC,Blackwell 3D Construction Corp.
7136,1497130,VNTH,"Nano Mobile Healthcare, Inc."
7137,1628945,HLTHQ,Cue Health Inc.
7138,1641751,BBRW,BrewBilt Manufacturing Inc.
7139,1379043,XFCI,"XTREME FIGHTING CHAMPIONSHIPS, INC."
7140,814549,EBIXQ,EBIX INC
7141,1805087,GLSHQ,"GELESIS HOLDINGS, INC."
7142,1902930,PDPG,"Performance Drink Group, Inc."
7143,1227282,SPOWF,Strata Power Corp
7144,1008848,ACORQ,"Acorda Therapeutics, Inc."
7145,1308569,MLFB,MAJOR LEAGUE FOOTBALL INC
7146,1515251,SIXWF,SIXTH WAVE INNOVATIONS INC.
7147,849636,RSPI,RespireRx Pharmaceuticals Inc.
7148,1736865,DVLP,"Golden Developing Solutions, Inc."
7149,1434601,TMGI,"Marquie Group, Inc."
7150,1467913,RNWR,808 RENEWABLE ENERGY CORP
7151,1341726,GSPE,"GULFSLOPE ENERGY, INC."
7152,1368148,ATHXQ,"ATHERSYS, INC / NEW"
7153,743758,AIAD,"AiAdvertising, Inc."
7154,1355677,MXSG,Mexus Gold US
7155,1145898,CWNOF,CHINESEWORLDNET COM INC
7156,1648365,TMNA,"AGRI-FINTECH HOLDINGS, INC."
7157,1762546,GTRL,"Get Real USA, Inc."
7158,1510247,LFAP,"LGBTQ Loyalty Holdings, Inc."
7159,1164256,DBRM,"DAYBREAK OIL & GAS, INC."
7160,1501134,NVTAQ,Invitae Corp
7161,1776073,CBDL,CBD Life Sciences Inc.
7162,895287,VMHG,VICTORY MARINE HOLDINGS CORP
7163,1478069,CFRXQ,CONTRAFECT Corp
7164,1934064,OSAPQ,"ProSomnus, Inc."
7165,1935435,SSOF,"Sixty Six Oilfield Services, Inc."
7166,1830503,BZWR,Business Warrior Corp
7167,1913210,BRSHF,Bruush Oral Care Inc.
7168,918545,BISA,BALTIC INTERNATIONAL USA INC
7169,1011662,GDSI,GLOBAL DIGITAL SOLUTIONS INC
7170,1634447,ISUNQ,"ISUN, INC."
7171,1543623,UCLE,US NUCLEAR CORP.
7172,895665,CLRD,"Clearday, Inc."
7173,1401395,NEPTF,Neptune Wellness Solutions Inc.
7174,1823882,MIMOQ,Airspan Networks Holdings Inc.
7175,1552358,CGSI,"CGS INTERNATIONAL, INC."
7176,1596062,QBIO,Q BioMed Inc.
7177,1158420,GGEI,Green Giant Inc.
7178,1230524,CYAP,"Leopard Energy, Inc."
7179,1784567,HCDIQ,"Harbor Custom Development, Inc."
7180,1388319,USRM,"U.S. Stem Cell, Inc."
7181,1875496,YGFGF,"YanGuFang International Group Co., Ltd"
7182,1811109,AUVIQ,"Applied UV, Inc."
7183,737207,ATRX,"Adhera Therapeutics, Inc."
7184,1643721,LBUY,"LEAFBUYER TECHNOLOGIES, INC."
7185,1659352,CDAKQ,"Codiak BioSciences, Inc."
7186,1704795,BANT,"Bantec, Inc."
7187,1438901,FLES,"Auto Parts 4Less Group, Inc."
7188,1739426,RVLPQ,RVL Pharmaceuticals plc
7189,1128353,ETCK,ENERTECK CORP
7190,1859639,CZOOF,Cazoo Group Ltd
7191,1790625,AGILQ,"AgileThought, Inc."
7192,1614067,ARDS,"Aridis Pharmaceuticals, Inc."
7193,1088005,NXMR,NextMart Inc.
7194,1318641,STAB,"Statera Biopharma, Inc."
7195,1622996,ACBM,"ACRO BIOMEDICAL CO., LTD."
7196,836937,UPDC,UPD HOLDING CORP.
7197,1865127,LSDIF,"Lucy Scientific Discovery, Inc."
7198,1494413,TWOH,Two Hands Corp
7199,822746,AMNI,"AMERICAN NOBLE GAS, INC."
7200,1725516,REII,"RENEWABLE INNOVATIONS, INC."
7201,1559172,DPWW,"DIEGO PELLICER WORLDWIDE, INC"
7202,1717556,BBIG,"Vinco Ventures, Inc."
7203,1084551,CRDV,Community Redevelopment Inc.
7204,1043894,WOEN,WOLF ENERGY SERVICES INC.
7205,1558583,FUVV,Arcimoto Inc
7206,813716,CIRX,CIRTRAN CORP
7207,66600,MMMM,"Quad M Solutions, Inc."
7208,1629205,IVBT,Innovation1 Biotech Inc.
7209,831489,SCRH,SCORES HOLDING CO INC
7210,1648903,FIFG,"First Foods Group, Inc."
7211,772263,NICH,NITCHES INC
7212,1624985,XNDA,Tribal Rides International Corp.
7213,1413909,DSGT,DSG Global Inc.
7214,1308027,VYST,Vystar Corp
7215,731245,PDNLA,PRESIDENTIAL REALTY CORP/DE/
7216,1591165,IVRN,"Innoveren Scientific, Inc."
7217,1441082,HLCO,Healing Co Inc.
7218,1350073,ICNB,"Iconic Brands, Inc."
7219,1829949,OGBLY,Onion Global Ltd
7220,1500123,INLB,Item 9 Labs Corp.
7221,1622408,FRFR,Fritzy Tech Inc.
7222,1676580,VENG,VISION ENERGY Corp
7223,884247,YVRLF,Liquid Media Group Ltd.
7224,1789330,MJHI,"MJ Harvest, Inc."
7225,1113148,INFIQ,"INFINITY PHARMACEUTICALS, INC."
7226,1741231,TTCFQ,"Tattooed Chef, Inc."
7227,1492091,ASCK,AUSCRETE Corp
7228,1373853,THBD,NEW AMERICA ENERGY CORP.
7229,1551887,DUSYF,DUESENBERG TECHNOLOGIES INC.
7230,1691077,YAYO,"EVmo, Inc."
7231,1633441,SECOY,Secoo Holding Ltd
7232,1539894,AFHIF,"Atlas Financial Holdings, Inc."
7233,1125699,DLYT,DAIS Corp
7234,1802749,ZEVY,"Lightning eMotors, Inc."
7235,1456857,MJNE,"MJ Holdings, Inc."
7236,1172631,SUNWQ,"Sunworks, Inc."
7237,1708410,WINR,SIMPLICITY ESPORTS & GAMING Co
7238,1409175,MTAM,"Motos America, Inc."
7239,1169245,PHASQ,PhaseBio Pharmaceuticals Inc
7240,1758736,MKDTY,Molecular Data Inc.
7241,896747,ABMC,AMERICAN BIO MEDICA CORP
7242,1555972,STCC,STERLING CONSOLIDATED Corp
7243,1790515,EQOSQ,EQONEX Ltd
7244,882800,PACV,"Pacific Ventures Group, Inc."
7245,1169987,HTGMQ,"HTG MOLECULAR DIAGNOSTICS, INC"
7246,1655075,AFIIQ,"Armstrong Flooring, Inc."
7247,1989464,NXGB,"NxGen Brands, Inc."
7248,1504239,PCNT,"Point of Care Nano-Technology, Inc."
7249,1141788,HDVY,HEALTH DISCOVERY CORP
7250,1653247,ASAPQ,Waitr Holdings Inc.
7251,1356914,ECPL,ECOPLUS INC
7252,1080319,ELYS,"Elys BMG Group, Inc."
7253,1612851,PLYN,"Palayan Resources, Inc."
7254,1393548,CLIS,ClickStream Corp
7255,1161582,PHOT,"GROWLIFE, INC."
7256,1421204,RBSH,"Rebus Holdings, Inc."
7257,1759424,EVVL,"Evil Empire Designs, Inc."
7258,1729750,KBNT,"Kubient, Inc."
7259,1136294,WLMSQ,"NOS4-1, Inc."
7260,1342792,WWSG,WORLDWIDE STRATEGIES INC
7261,884650,IMCI,INFINITE GROUP INC
7262,1866390,BBLNF,Babylon Holdings Ltd
7263,1617669,UFABQ,"Unique Fabricating, Inc."
7264,1716324,RGMP,Regnum Corp.
7265,1597313,VRAYQ,"ViewRay, Inc."
7266,892832,SDON,SANDSTON CORP
7267,1762322,SFTGQ,"SHIFT TECHNOLOGIES, INC."
7268,1833908,ALFIQ,"Alfi, Inc."
7269,1737372,SYSX,"Sysorex, Inc."
7270,1551986,NMTRQ,"9 METERS BIOPHARMA, INC."
7271,1367408,OILY,Sino American Oil Co
7272,1029744,SOFO,SONIC FOUNDRY INC
7273,1834518,NSTB,Northern Star Investment Corp. II
7274,1810140,POLCQ,Polished.com Inc.
7275,727634,ISGN,iSign Solutions Inc.
7276,1444307,ONCSQ,ONCOSEC MEDICAL Inc
7277,878726,TUEMQ,TUESDAY MORNING CORP/DE
7278,723733,MUSS,"MULTI SOLUTIONS II, INC"
7279,1852551,NVA,Nova Minerals Ltd
7280,1300050,GPLDF,GREAT PANTHER MINING Ltd
7281,1994624,STAI,ScanTech AI Systems Inc.
7282,1044378,BIOCQ,BIOCEPT INC
7283,1879717,KMCM,Key Mining Corp.
7284,1795091,OSTX,OS Therapies Inc
7285,1402479,MDVLQ,"MedAvail Holdings, Inc."
7286,874292,AEYGQ,ADDVANTAGE TECHNOLOGIES GROUP INC
7287,1972074,LNKS,Linkers Industries Ltd
7288,1909152,KALRQ,Kalera Public Ltd Co
7289,2016420,CHEB,Chenghe Acquisition II Co.
7290,1624140,COTI,"CORETAG, INC."
7291,1763415,BITB,Bitwise Bitcoin ETF
7292,1761325,GXLM,Grayscale Stellar Lumens Trust (XLM)
7293,1688897,FCREX,FS Credit Income Fund
7294,1702015,AIDG,"AIS Holdings Group, Inc."
7295,1813744,WDSP,"World Scan Project, Inc."
7296,1659207,FLLZ,Fellazo Corp
7297,1254699,QVCD,QVC INC
7298,1460235,PPLT,abrdn Platinum ETF Trust
7299,1992870,EZBC,Franklin Templeton Digital Holdings Trust
7300,1850391,BTCW,WisdomTree Bitcoin Fund
7301,1383151,UUP,Invesco DB US Dollar Index Bullish Fund
7302,1930147,SPMC,"Sound Point Meridian Capital, Inc."
7303,1353614,FXA,Invesco CurrencyShares Australian Dollar Trust
7304,1663712,NRSAX,NEXPOINT REAL ESTATE STRATEGIES FUND
7305,68622,CTBB,QWEST CORP
7306,1546652,OUNZ,VanEck Merk Gold Trust
7307,1943705,GEAR,"Revelyst, Inc."
7308,1610718,ODRS,"Outdoor Specialty Products, Inc."
7309,1838028,HODL,VanEck Bitcoin Trust
7310,1970544,PTHL,Pheton Holdings Ltd
7311,1611282,BABY,"PishPosh, Inc."
7312,1841175,BRRR,CoinShares Valkyrie Bitcoin Fund
7313,1798458,CRGH,"Carriage House Event Center, Inc."
7314,1756404,PDSRX,Principal Real Asset Fund
7315,2020987,YHNA,YHN Acquisition I Ltd
7316,2002045,GCL,GCL Global Holdings Ltd
7317,1897532,MJID,Majestic Ideal Holdings Ltd
7318,1737936,CNROX,City National Rochdale Strategic Credit Fund
7319,2015691,ELPW,Elong Power Holding Ltd.
7320,1688554,PFFLX,PIMCO Flexible Credit Income Fund
7321,2011535,EZET,Franklin Ethereum Trust
7322,1897463,GRAF,Graf Global Corp.
7323,1515001,VCMIX,Versus Capital Multi-Manager Real Estate Income Fund LLC
7324,1343491,GJP,"STRATS(SM) TRUST FOR DOMINION RESOURCES, INC. SECURITIES, SERIES 2005-6"
7325,1472033,JTGEY,"Citibank,N.A./ADR"
7326,1959726,AZI,Autozi Internet Technology (Global) Ltd.
7327,1852025,GLNK,Grayscale Chainlink Trust (LINK)
7328,1993296,KTA,KINGTITAN TECHNOLOGY Ltd
7329,2009640,CAKR,"Cambodia Airways Co., Ltd."
7330,2018145,RDAC,Rising Dragon Acquisition Corp.
7331,1896677,GSOL,Grayscale Solana Trust (SOL)
7332,2010788,IZTC,Invizyne Technologies Inc
7333,1908705,GLE,Global Engine Group Holding Ltd
7334,2016072,MBAV,M3-Brigade Acquisition V Corp.
7335,1983324,RMSG,Real Messenger Corp
7336,2011286,AMTM,Amazon Holdco Inc.
7337,1861371,ESPA,Expectation Acquisition Corp
7338,1962011,KAPA,"Kairos Pharma, LTD."
7339,1966233,NIPG,NIP Group Inc.
7340,1982448,BLIV,BeLive Holdings
7341,1995194,PITA,Heramba Electric plc
7342,2010653,FVN,Future Vision II Acquisition Corp.
7343,2020455,ETH,Grayscale Ethereum Mini Trust (ETH)
7344,1997403,ZENA,"ZenaTech, Inc."
7345,1872090,YXT,YXT.COM GROUP HOLDING Ltd
7346,1867506,DDCIU,"Diffuse Digital 30, LP"
7347,1997698,PRGY,IGTA Merger Sub Ltd
7348,2026819,ARDH,Yuanyi Pharmaceutical Technology Holding Group Co Ltd
7349,2025341,POLE,Andretti Acquisition Corp. II
7350,1941506,ZJK,"ZJK Industrial Co., Ltd."
7351,1999860,WYHG,Wing Yip Food Holdings Group Ltd
7352,1980034,BELR,"Bell Rose Capital, Inc."
7353,1353226,GJR,"STRATS(SM) Trust for Procter & Gamble Securities, Series 2006-1"
7354,1893645,PLRZ,Polyrizon Ltd.
7355,1990251,WCT,Wellchange Holdings Co Ltd
7356,1965671,UNFL,"Unifoil Holdings, Inc."
7357,2028707,BACQ,Bleichroeder Acquisition Corp. I
7358,1754927,AAIDX,Axonic Alternative Income Fund
7359,1993400,FATN,Fatpipe Inc/UT
7360,2004906,GALE,Galleinphi Inc.
7361,1357660,GJT,"STRATS(SM) Trust for Allstate Corp Securities, Series 2006-3"
7362,2022416,SLXN,Biomotion Sciences
7363,1967822,CGTL,Creative Global Technology Holdings Ltd
7364,1880189,SLRA,SOLERA CORP.
7365,2009684,SEG,Seaport Entertainment Group Inc.
7366,1852023,MANA,Grayscale Decentraland Trust (MANA)
7367,1729678,XALCX,"BNY Mellon Alcentra Global Multi-Strategy Credit Fund, Inc."
7368,1997296,MDCX,Medicus Pharma Ltd.
7369,1889956,OS,"OneStream, Inc."
7370,1966678,PGHL,Primega Group Holdings Ltd
7371,1691570,USQIX,USQ Core Real Estate Fund
7372,1969928,MCTR,CTRL GROUP Ltd
7373,1999119,LBRJ,"Libera Gaming Operations, Inc"
7374,2019504,DRJT,DERUN GROUP INC
7375,1581005,SRRIX,Stone Ridge Trust II
7376,1459862,PALL,abrdn Palladium ETF Trust
7377,1984014,BLMZ,BloomZ Inc.
7378,2000046,FETH,Fidelity Ethereum Fund
7379,1687898,VCRRX,Versus Capital Real Assets Fund LLC
7380,1286405,GJH,STRATS SM TRUST FOR U S CELL CORP SEC SERIES 2004 6
7381,1561861,AERO,"Grupo Aeromexico, S.A.B. de C.V."
7382,1913847,CNCK,Coincheck Group B.V.
7383,2020027,CLIK,Click Holdings Ltd.
7384,1982012,TLIH,Ten-League International Holdings Ltd
7385,1933951,SAG,SAG Holdings Ltd
7386,2000638,ETHA,iShares Ethereum Trust ETF
7387,2013186,TNMG,TNL Mediagene
7388,2015034,BTC,Grayscale Bitcoin Mini Trust (BTC)
7389,1284143,JBK,LEHMAN ABS CORP GOLDMAN SACHS CAP 1 SEC BACKED SER 2004-6
7390,1736510,NICHX,Variant Alternative Income Fund
7391,2014596,CON,"Concentra Group Holdings Parent, Inc."
7392,2008861,NDO,"Endo, Inc."
7393,2015947,SBXD,SilverBox Corp IV
7394,1860788,ETHV,VanEck Ethereum ETF
7395,1748945,HZEN,Grayscale Horizen Trust (ZEN)
7396,1267332,IPB,MERRILL LYNCH DEPOSITOR INC INDEXPLUS TRUST SERIES 2003-1
7397,2013744,ETHW,Bitwise Ethereum ETF
7398,2003770,KMYGY,"Kumyang Co., Ltd./ADR"
7399,2000530,GMHS,Gamehaus Holdings Inc.
7400,2021771,SELD,"Hong Kong Selead Consulting Co., Ltd"
7401,1791942,JBS,JBS B.V.
7402,1984192,RSHL,Rise Smart Group Holdings Ltd
7403,1992508,CETH,21Shares Core Ethereum ETF
7404,1872421,GACW,GACW Inc
7405,1927578,NTCL,NetClass Technology Inc
7406,1991332,MKDW,MKDWELL Tech Inc.
7407,1946412,ECLP,"Eclipse Bancorp, Inc."
7408,2012096,PMAX,Powell Max Ltd
7409,2013807,FOXX,Acri Capital Merger Sub I Inc.
7410,2023719,GFTTY,GFT Technologies SE/ADR
7411,1998180,OCP,Huge Amount Group Ltd
7412,2017758,LHAI,Linkhome Holdings Inc.
7413,1965411,LRTX,"Lirum Therapeutics, Inc."
7414,1920294,RZLV,REZOLVE GROUP Ltd
7415,1997950,INHI,Unitrend Entertainment Group Ltd
7416,1995569,QETH,Invesco Galaxy Ethereum ETF
7417,1967631,NAMI,Jinxin Technology Holding Co
7418,1993463,YSXT,"YSX Tech Co., Ltd"
7419,1967397,LZMH,LZ Technology Holdings Ltd
7420,1991592,INLF,INLIF Ltd
7421,1340909,GJO,"STRATS SM TRUST FOR WAL-MART STORES, INC. SECURITIES, SERIES 2005-4"
7422,1592651,LNZNY,Lenzing AG/ADR
7423,1124959,XSIAX,VOYA CREDIT INCOME FUND
7424,1940366,USIC,Uncle's Ice Cream
7425,2024218,SMC,Summit Midstream Corp
7426,1551047,TIPLX,Bluerock Total Income (plus) Real Estate Fund
7427,1710523,BGFDX,Blackstone Floating Rate Enhanced Income Fund
7428,1929783,WOK,WORK Medical Technology Group LTD
7429,1954705,FFFZ,Fuxing China Group Ltd
7430,2006815,VACH,Voyager Acquisition Corp./Cayman Islands
7431,1995704,CUPR,Cuprina Holdings (Cayman) LTD
7432,1997637,IOTR,iOThree Ltd
7433,2003061,STFS,Star Fashion Culture Holdings Ltd
7434,1652935,ACTU,"ACTUATE THERAPEUTICS, INC."
7435,2001699,HPAI,Helport AI Ltd
7436,1294808,PYT,PPLUS Trust Series GSC-2
7437,1723701,PMFAX,PIMCO Flexible Municipal Income Fund
7438,1633369,CAST,"FreeCast, Inc."
7439,2003758,UEOP,UEOPLE Technology Holding Ltd
7440,1852040,GBAT,Grayscale Basic Attention Token Trust (BAT)
7441,1979407,ORKT,ORANGEKLOUD TECHNOLOGY INC.
7442,2011674,TRUV,"True Velocity, Inc./DE"
7443,1956166,MSW,Ming Shing Group Holdings Ltd
7444,1864776,FLAI,Flewber Global Inc.
7445,2004024,LHSW,Lianhe Sowell International Group Ltd
7446,1628040,RCIAX,Alternative Credit Income Fund
7447,1467631,XCAPX,ACAP Strategic Fund
7448,2025792,ZSMA,Zhong Shi International Ltd
7449,1852024,GLIV,Grayscale Livepeer Trust (LPT)
7450,2006986,ADGM,"Aja Holdco, Inc."
7451,2013639,FBLA,"FB Bancorp, Inc. /MD/"
7452,1969108,VEG,Veg House Holdings Inc.
7453,1852753,TSLVF,TIER ONE SILVER INC.
7454,1868159,LINE,"Lineage, Inc."
7455,1356284,GJS,"STRATS(SM) Trust for Goldman Sachs Group Securities, Series 2006-2"
7456,2000410,EURK,Eureka Acquisition Corp
7457,1920092,GELS,Gelteq Ltd
7458,2021042,EQV,EQV Ventures Acquisition Corp.
7459,1951229,RITR,Reitar Logtech Holdings Ltd
7460,2014982,SIMA,SIM Acquisition Corp. I
7461,1850059,FSHP,Flag Ship Acquisition Corp
7462,1321834,TNFA,"MyMD Pharmaceuticals, Inc."
7463,1489300,ZLME,Zhanling International Ltd
7464,1869699,ARKB,Ark 21Shares Bitcoin ETF
7465,70502,NRUC,NATIONAL RURAL UTILITIES COOPERATIVE FINANCE CORP /DC/
7466,1953575,CNL,Collective Mining Ltd.
7467,2026804,RBIO,RBIO ENERGY HOLDINGS CORP.
7468,1998311,APRI,APRINOIA Therapeutics Inc.
7469,1514587,TURO,Turo Inc.
7470,1762562,CPRDX,Clarion Partners Real Estate Income Fund Inc.
7471,1974791,OPSC,OpSec Holdings
7472,1861448,ITRE,"IntriEnergy, Inc."
7473,2012964,AAM,AA Mission Acquisition Corp.
7474,2010682,PSII,"Powermers Smart Industries, Inc."
7475,2026767,ALIS,Calisa Acquisition Corp
7476,310732,BNPZY,BNP PARIBAS
7477,1947210,HRLR,"High Roller Technologies, Inc."
7478,2025065,BSII,Black Spade Acquisition II Co
7479,2019804,HOND,HCM II Acquisition Corp.
7480,1964314,JBDI,JBDI Holdings Ltd
7481,1971828,ENGS,Energys Group Ltd
7482,2002236,SPHL,SPRINGVIEW HOLDINGS LTD
7483,2012726,FDSB,"Fifth District Bancorp, Inc."
7484,1912498,SCRP,"Scripps Safe, Inc."
7485,1708646,AAAU,Goldman Sachs Physical Gold ETF
7486,1383149,UDN,INVESCO DB US DOLLAR INDEX BEARISH FUND
7487,1375348,GLNS,Golden Star Resource Corp.
7488,1716885,ASCIX,Angel Oak Strategic Credit Fund
7489,1130889,CNCL,CANCER CAPITAL CORP
7490,1765048,GCGJ,GUOCHUN INTERNATIONAL INC.
7491,1955514,RAN,RanMarine Technology B.V.
7492,1658645,LENDX,Stone Ridge Trust V
7493,1980262,HWEC,"HW Electro Co., Ltd."
7494,1970371,OMG,Broad Capital Acquisition Ltd
7495,1678124,CADCX,CION Ares Diversified Credit Fund
7496,2017302,MISN,Mission Space Acquisition Corp.
7497,1969766,SEPS,Asep Medical Holdings Inc.
7498,2009312,AGH,Aureus Greenway Holdings Inc
7499,2004340,SYNSY,Syensqo SA/ADR
7500,2024203,CAPN,Cayson Acquisition Corp
7501,2029023,GSRT,GSR III Acquisition Corp.
7502,1980994,IBIT,iShares Bitcoin Trust
7503,1985840,DEFI,Tidal Commodities Trust I
7504,1283464,KTH,STRUCTURED PRODUCTS CORP CORTS TR FOR PECO ENERGY CAP TR III
7505,2002660,PSUS,"Pershing Square USA, Ltd."
7506,2025125,ZSSY,"Diamond Water Origin Supply Chain Technology Group Co., Ltd."
7507,2011208,SPAI,Safe Pro Group Inc.
7508,1903595,TBH,"Brag House Holdings, Inc."
7509,2017950,DTSQ,DT Cloud Star Acquisition Corp
7510,1568905,PRDEX,PREDEX
7511,1495798,LCCTY,L'Occitane International S.A./ADR/
7512,2004349,BRTH,Breathe BioMedical Inc.
7513,1788230,CASK,"Heritage Distilling Holding Company, Inc."
7514,1618181,GLDM,World Gold Trust
7515,1987867,CPGRA,CorpAcq Group Plc
7516,1964664,ORIS,ORIENTAL RISE HOLDINGS Ltd
7517,1983550,TDTH,Trident Digital Tech Holdings Ltd
7518,2009342,CUNO,Specialty Copper Listco Plc
7519,1753712,LARAX,Lord Abbett Credit Opportunities Fund
7520,1631256,KBSG,"KBS Growth & Income REIT, Inc."
7521,1720265,ZCSH,Grayscale Zcash Trust (ZEC)
7522,1858258,FGDL,Franklin Templeton Holdings Trust
7523,1353612,FXC,Invesco CurrencyShares Canadian Dollar Trust
7524,1674356,TPTA,"Terra Property Trust, Inc."
7525,1784851,SHPSQ,"Shapeways Holdings, Inc."
7526,1762506,VISTA,"Vista Energy, S.A.B. de C.V."
7527,1725210,ETHE,Grayscale Ethereum Trust (ETH)
7528,1637147,ZSPC,"zSpace, Inc."
7529,1283337,KTN,STRUCTURED PRODUCTS CORP CRED ENHANCE CORTS TR FOR AON CAP A
7530,1733861,RTEZ,REST EZ Inc.
7531,1771951,WEIX,Dynamic Shares Trust
7532,1796949,HCBR,"GenFlat Holdings, Inc."
7533,1751156,EIOAX,ELLINGTON INCOME OPPORTUNITIES FUND
7534,1855781,BTCO,Invesco Galaxy Bitcoin ETF
7535,1690842,PLTM,GraniteShares Platinum Trust
7536,1852317,FBTC,Fidelity Wise Origin Bitcoin Fund
7537,1806905,ALEH,ALE Group Holding Ltd
7538,1984076,MTRS,"Metros Development Co., Ltd."
7539,823277,CHSCP,CHS INC
7540,1009919,IVHI,"Invech Holdings, Inc."
7541,1472494,BNO,"United States Brent Oil Fund, LP"
7542,1759124,IAUM,iShares Gold Trust Micro
7543,1732078,FROPX,Flat Rock Opportunity Fund
7544,1726822,ADOB,Adorbs Inc
7545,1621459,DIMR,DIAMIR BIOSCIENCES CORP.
7546,1353611,FXB,Invesco CurrencyShares British Pound Sterling Trust
7547,1469038,XMTI,X Metaverse Inc.
7548,1847112,TRTLF,TortoiseEcofin Acquisition Corp. III
7549,1427437,ETI-P,"ENTERGY TEXAS, INC."
7550,2010930,ALF,Centurion Acquisition Corp.
7551,1577134,TFSA,"Terra Income Fund 6, LLC"
7552,1903464,AIMA,Aimfinity Investment Corp. I
7553,1561032,HTIA,"Healthcare Trust, Inc."
7554,1450922,SIVR,abrdn Silver ETF Trust
7555,1722837,CEDAX,BlueBay Destra International Event-Driven Credit Fund
7556,1677615,XPTFX,Federated Hermes Project & Trade Finance Tender Fund
7557,1690012,ICR-PA,"InPoint Commercial Real Estate Income, Inc."
7558,1392449,GPLB,Green Planet Bio Engineering Co. Ltd.
7559,1403528,OAK-PA,"Brookfield Oaktree Holdings, LLC"
7560,1879293,MMCP,"Mag Mile Capital, Inc."
7561,1681717,VFLEX,FIRST TRUST ALTERNATIVE OPPORTUNITIES FUND
7562,1047716,LTM,LATAM AIRLINES GROUP S.A.
7563,1735964,CCLFX,Cliffwater Corporate Lending Fund
7564,1880249,WCHD,"WeCapital Holdings, Inc."
7565,1616037,XILSX,Pioneer ILS Interval Fund
7566,1873723,HAHA,Harden Technologies Inc.
7567,1405513,UNL,"United States 12 Month Natural Gas Fund, LP"
7568,1705181,ETCG,Grayscale Ethereum Classic Trust (ETC)
7569,1723788,BITW,Bitwise 10 Crypto Index Fund
7570,1725295,TSIFX,"Ecofin Tax-Exempt Private Credit Fund, Inc."
7571,1396878,UGA,"United States Gasoline Fund, LP"
7572,1938534,FBGL,FBS Global Ltd
7573,1348952,ELC,"ENTERGY LOUISIANA, LLC"
7574,1690437,BAR,GraniteShares Gold Trust
7575,1483386,GLTR,abrdn Precious Metals Basket ETF Trust
7576,1450923,SGOL,abrdn Gold ETF Trust
7577,2015502,LPAA,Launch One Acquisition Corp.
7578,1503658,LVDW,LiquidValue Development Inc.
7579,1015647,AAUAF,ALMADEN MINERALS LTD
7580,1608016,PSOIX,Palmer Square Opportunistic Income Fund
7581,1405528,USL,"United States 12 Month Oil Fund, LP"
7582,1353615,FXF,Invesco CurrencyShares Swiss Franc Trust
7583,1652044,GOOG,Alphabet Inc.
7584,14272,BMYMP,BRISTOL MYERS SQUIBB CO
7585,36104,USB-PA,US BANCORP \DE\
7586,1067983,BRK-A,BERKSHIRE HATHAWAY INC
7587,353278,NONOF,NOVO NORDISK A S
7588,1046179,TSMWF,TAIWAN SEMICONDUCTOR MANUFACTURING CO LTD
7589,937966,ASMLF,ASML HOLDING NV
7590,19617,JPM-PC,JPMORGAN CHASE & CO
7591,19617,JPM-PD,JPMORGAN CHASE & CO
7592,70858,BML-PH,BANK OF AMERICA CORP /DE/
7593,70858,BML-PG,BANK OF AMERICA CORP /DE/
7594,70858,BAC-PE,BANK OF AMERICA CORP /DE/
7595,1094517,TOYOF,TOYOTA MOTOR CORP/
7596,70858,BML-PJ,BANK OF AMERICA CORP /DE/
7597,70858,BML-PL,BANK OF AMERICA CORP /DE/
7598,1000184,SAPGF,SAP SE
7599,70858,BAC-PB,BANK OF AMERICA CORP /DE/
7600,70858,BAC-PK,BANK OF AMERICA CORP /DE/
7601,1108329,PCCYF,PETROCHINA CO LTD
7602,901832,AZNCF,ASTRAZENECA PLC
7603,1306965,RYDAF,Shell plc
7604,1114448,NVSEF,NOVARTIS AG
7605,72971,WFC-PY,WELLS FARGO & COMPANY/MN
7606,72971,WFC-PL,WELLS FARGO & COMPANY/MN
7607,1577552,BABAF,Alibaba Group Holding Ltd
7608,879764,TTFNF,TotalEnergies SE
7609,1089113,HBCYF,HSBC HOLDINGS PLC
7610,732717,TBB,AT&T INC.
7611,811809,BHPLF,BHP Group Ltd
7612,217410,UNLYF,UNILEVER PLC
7613,1668717,BUDFF,Anheuser-Busch InBev SA/NV
7614,67088,MBFJF,MITSUBISHI UFJ FINANCIAL GROUP INC
7615,1121404,SNYNF,Sanofi
7616,72971,WFC-PC,WELLS FARGO & COMPANY/MN
7617,313807,BPAQF,BP PLC
7618,313838,SNEJF,Sony Group Corp
7619,1378580,EADSF,Airbus SE/ADR
7620,863064,RTPPF,RIO TINTO PLC
7621,70866,NCRRP,NCR Voyix Corp
7622,1091587,ABBNY,ABB LTD
7623,1091587,ABLZF,ABB LTD
7624,769594,NTTYY,NIPPON TELEGRAPH & TELEPHONE CORP
7625,1268896,CILJF,CHINA LIFE INSURANCE CO LTD
7626,1022837,SMFNF,"SUMITOMO MITSUI FINANCIAL GROUP, INC."
7627,1161167,AIQUF,L AIR LIQUIDE SA /FI
7628,1443276,TOELF,Tokyo Electron LTD
7629,948401,CFRHF,COMPAGNIE FINANCIERE RICHEMONT AG /FI
7630,1140625,STOHF,EQUINOR ASA
7631,886982,GS-PA,GOLDMAN SACHS GROUP INC
7632,1123658,SNPMF,CHINA PETROLEUM & CHEMICAL CORP
7633,1067318,MBGAF,DAIMLER AG
7634,886982,GS-PD,GOLDMAN SACHS GROUP INC
7635,1047716,LTMAY,LATAM AIRLINES GROUP S.A.
7636,748954,ATLCY,ATLAS COPCO AB
7637,895421,MS-PA,MORGAN STANLEY
7638,1131399,GLAXF,GSK plc
7639,36104,USB-PH,US BANCORP \DE\
7640,310732,BNPQY,BNP PARIBAS
7641,895728,EBBNF,ENBRIDGE INC
7642,310732,BNPQF,BNP PARIBAS
7643,30554,CTA-PB,"EIDP, Inc."
7644,36104,USB-PP,US BANCORP \DE\
7645,891478,BCDRF,"Banco Santander, S.A."
7646,1303523,BTAFF,British American Tobacco p.l.c.
7647,1445465,PPRUF,Kering
7648,835403,DGEAF,DIAGEO PLC
7649,1129137,AMXOF,AMERICA MOVIL SAB DE CV/
7650,1524684,GLCNF,Glencore plc/ADR
7651,895421,MS-PK,MORGAN STANLEY
7652,895421,MS-PI,MORGAN STANLEY
7653,1119639,PBR-A,PETROBRAS - PETROLEO BRASILEIRO SA
7654,895421,MS-PF,MORGAN STANLEY
7655,895421,MS-PE,MORGAN STANLEY
7656,1110646,NETTF,"NetEase, Inc."
7657,1446250,BAMXF,Bayerische Motoren Werke AG/ADR
7658,929869,RLXXF,RELX PLC
7659,1326160,DUK-PA,Duke Energy CORP
7660,1021020,OEZVF,OSTERREICHISCHE ELEKTRIZITATSWIRTSCHAFTS /FI
7661,1002242,EIPAF,ENI SPA
7662,1166691,CCZ,COMCAST CORP
7663,748954,ATLPF,ATLAS COPCO AB
7664,1395064,TKPHF,TAKEDA PHARMACEUTICAL CO LTD
7665,1329099,BAIDF,"Baidu, Inc."
7666,715153,HNDAF,HONDA MOTOR CO LTD
7667,719245,WEBNF,WESTPAC BANKING CORP
7668,316709,SCHW-PD,SCHWAB CHARLES CORP
7669,1335730,MZHOF,MIZUHO FINANCIAL GROUP INC
7670,895564,BAESF,BAE SYSTEMS PLC /FI/
7671,75594,PPWLM,PACIFICORP /OR/
7672,1004315,NGGTF,NATIONAL GRID PLC
7673,1446519,DKILF,Daikin Industries Ltd
7674,718940,BECEF,BCE INC
7675,1063761,SPG-PJ,SIMON PROPERTY GROUP INC /DE/
7676,1232384,TNCAF,TC ENERGY CORP
7677,1039765,INGVF,ING GROEP NV
7678,1099219,MET-PA,METLIFE INC
7679,932787,STMEF,STMicroelectronics N.V.
7680,1099219,MET-PE,METLIFE INC
7681,1160106,LLDTF,Lloyds Banking Group plc
7682,1045609,PLDGP,"Prologis, Inc."
7683,844551,WOPEF,WOODSIDE ENERGY GROUP LTD
7684,842180,BBVXF,"BANCO BILBAO VIZCAYA ARGENTARIA, S.A."
7685,1900304,HLNCF,Haleon plc
7686,1446598,DNZOF,Denso Corp
7687,1232384,TCANF,TC ENERGY CORP
7688,1393311,PSA-PH,Public Storage
7689,1549802,JDCMF,"JD.com, Inc."
7690,75594,PPWLO,PACIFICORP /OR/
7691,1359519,SVNDF,SEVEN & I HOLDINGS CO LTD
7692,1116578,PUKPF,PRUDENTIAL PLC
7693,1001085,BAMGF,BROOKFIELD Corp /ON/
7694,1450468,MRAAF,"Murata Manufacturing Co., Ltd./ADR"
7695,1393311,PSA-PK,Public Storage
7696,886986,TCKRF,TECK RESOURCES LTD
7697,899051,ALL-PH,ALLSTATE CORP
7698,1279967,CRARF,CREDIT AGRICOLE S A
7699,899051,ALL-PB,ALLSTATE CORP
7700,844150,RBSPF,NatWest Group plc
7701,1038143,FNCTF,ORANGE
7702,800365,FUJIF,FUJI PHOTO FILM CO LTD /FI
7703,14693,BF-A,BROWN FORMAN CORP
7704,920760,LEN-B,LENNAR CORP /NEW/
7705,1535628,CIXPF,CaixaBank/ADR
7706,312069,BCLYF,BARCLAYS PLC
7707,943819,RSMDF,RESMED INC
7708,46619,HEI-A,HEICO CORP
7709,1012037,CODGF,COMPAGNIE DE SAINT GOBAIN
7710,16988,CAJPY,CANON INC
7711,798941,FCNCB,FIRST CITIZENS BANCSHARES INC /DE/
7712,1070304,ORXCF,ORIX CORP
7713,814052,TEFOF,TELEFONICA S A
7714,1160330,BBDO,BANK BRADESCO
7715,1434265,GNMSF,GENMAB A/S
7716,1700171,ANNSF,Aena S.A./ADR
7717,1297996,DLR-PK,"DIGITAL REALTY TRUST, INC."
7718,733099,RCIAF,ROGERS COMMUNICATIONS INC
7719,839923,VODPF,VODAFONE GROUP PUBLIC LTD CO
7720,1334687,CJPRF,CENTRAL JAPAN RAILWAY CO
7721,92122,SOJC,SOUTHERN CO
7722,1297996,DLR-PJ,"DIGITAL REALTY TRUST, INC."
7723,1026214,FMCCT,FEDERAL HOME LOAN MORTGAGE CORP
7724,1243429,AMSYF,ArcelorMittal
7725,1038683,RYAOF,RYANAIR HOLDINGS PLC
7726,63754,MKC-V,MCCORMICK & CO INC
7727,1190723,TNRSF,TENARIS SA
7728,1618755,RSTRF,Restaurant Brands International Limited Partnership
7729,16988,CAJFF,CANON INC
7730,1446437,YAHOF,Yahoo! Japan Corp
7731,1269238,TRPCF,Trip.com Group Ltd
7732,910631,COCSF,COCA COLA FEMSA SAB DE CV
7733,924613,NOKBF,NOKIA CORP
7734,93751,STT-PG,STATE STREET CORP
7735,717826,ERIXF,ERICSSON LM TELEPHONE CO
7736,1050952,PGPEF,PUBLICIS GROUPE SA
7737,1449566,WLMIF,Wilmar International Ltd
7738,1093028,EJPRF,EAST JAPAN RAILWAY CO /FI
7739,1736541,NIOIF,NIO Inc.
7740,1560385,FWONA,Liberty Media Corp
7741,1560385,FWONK,Liberty Media Corp
7742,874766,HIG-PG,"HARTFORD FINANCIAL SERVICES GROUP, INC."
7743,1560385,FWONB,Liberty Media Corp
7744,35527,FITBI,FIFTH THIRD BANCORP
7745,1163653,NRSCF,NOMURA HOLDINGS INC
7746,1326160,DUKH,Duke Energy CORP
7747,930157,RKLIF,RENTOKIL INITIAL PLC /FI
7748,1712356,HRNNF,Hydro One Ltd
7749,882602,OMVJF,OMV AKTIENGESELLSCHAFT /FI
7750,1069347,SGSOF,SGS SOCIETE GENERALE DE SURVEILLANCE HOLDING SA /FI
7751,1754301,FOX,Fox Corp
7752,1159152,JHIUF,James Hardie Industries plc
7753,1439124,EBR-B,BRAZILIAN ELECTRIC POWER CO
7754,1461748,PPERF,PT Bank Mandiri (Persero) Tbk / ADR
7755,1518542,SPXSF,Spirax-Sarco Engineering PLC/ADR
7756,1564708,NWS,NEWS CORP
7757,313216,RYLPF,KONINKLIJKE PHILIPS NV
7758,1748790,AMCCF,Amcor plc
7759,915191,FAXXF,FAIRFAX FINANCIAL HOLDINGS LTD/ CAN
7760,12208,BIO-B,"BIO-RAD LABORATORIES, INC."
7761,929058,HUNGF,HUANENG POWER INTERNATIONAL INC
7762,1030475,CHEAF,CHINA EASTERN AIRLINES CORP LTD
7763,1041668,CHKIF,CHINA SOUTHERN AIRLINES CO LTD
7764,1158838,ADTTF,ADVANTEST CORP
7765,1400691,HLBZF,HeidelbergCement AG
7766,91576,KEY-PK,KEYCORP /NEW/
7767,915191,FXFLF,FAIRFAX FINANCIAL HOLDINGS LTD/ CAN
7768,1172724,GFIOF,GOLD FIELDS LTD
7769,1001474,KKPNF,KONINKLIJKE KPN N V
7770,818686,TEVJF,TEVA PHARMACEUTICAL INDUSTRIES LTD
7771,1517231,SSMXF,Sysmex Corporation/ADR
7772,1078642,CRERF,CARREFOUR SA
7773,91576,KEY-PJ,KEYCORP /NEW/
7774,915191,FRFGF,FAIRFAX FINANCIAL HOLDINGS LTD/ CAN
7775,1043219,NLY-PG,ANNALY CAPITAL MANAGEMENT INC
7776,1475011,JBARF,Julius Baer Group Ltd.
7777,1281721,SGIOF,SHIONOGI & CO LTD
7778,1669414,NHOLF,"Sompo Japan Nipponkoa Holdings, Inc./ADR"
7779,915191,FRFFF,FAIRFAX FINANCIAL HOLDINGS LTD/ CAN
7780,1445475,BOUYF,Bouygues SA
7781,1043219,NLY-PF,ANNALY CAPITAL MANAGEMENT INC
7782,1547873,PTPIF,PT Chandra Asri Petrochemical Tbk/ADR
7783,871464,HKHGF,HONGKONG LAND HOLDINGS LTD /FI
7784,947484,ACGLO,ARCH CAPITAL GROUP LTD.
7785,1131345,NVZMF,NOVOZYMES AS/FI
7786,1858681,APO-PA,"Apollo Global Management, Inc."
7787,91576,KEY-PI,KEYCORP /NEW/
7788,927971,FNGD,BANK OF MONTREAL /CAN/
7789,915191,FRFXF,FAIRFAX FINANCIAL HOLDINGS LTD/ CAN
7790,1003935,NCSYF,NICE Ltd.
7791,930826,SVYSF,SOLVAY S A /ADR/
7792,105016,WSO-B,WATSCO INC
7793,1333141,FMCQF,Fresenius Medical Care AG
7794,912595,MAA-PI,MID AMERICA APARTMENT COMMUNITIES INC.
7795,1611983,LBRDB,Liberty Broadband Corp
7796,1281761,RF-PC,REGIONS FINANCIAL CORP
7797,1617640,Z,"ZILLOW GROUP, INC."
7798,1281761,RF-PB,REGIONS FINANCIAL CORP
7799,845982,SNNUF,SMITH & NEPHEW PLC
7800,1442651,SHECF,"Shin-Etsu Chemical Co., Ltd."
7801,1127055,VIVEF,VIVENDI
7802,1611983,LBRDK,Liberty Broadband Corp
7803,1161611,ALMMF,ALUMINUM CORP OF CHINA LTD
7804,1127248,ERRAF,EMERA INC
7805,800954,OMRNF,OMRON CORP /FI
7806,1545460,OLCLF,"Oriental Land Co., Ltd./ADR"
7807,4457,UHAL-B,U-Haul Holding Co /NV/
7808,24545,TAP-A,MOLSON COORS BEVERAGE CO
7809,1504122,PBNNF,PT Bank Negara Indonesia (Persero) Tbk/ADR
7810,806968,WPPGF,WPP plc
7811,1690981,NNGPF,NN Group NV/ADR
7812,1062066,AOMFF,ALSTOM
7813,1446656,KIKOF,Kikkoman Corp
7814,769218,AEGOF,AEGON LTD.
7815,1125259,CUKPF,CARNIVAL PLC
7816,1026214,FREJO,FEDERAL HOME LOAN MORTGAGE CORP
7817,1447100,YAMHF,"Yamaha Motor Co., Ltd."
7818,1723690,BLBLF,Bilibili Inc.
7819,1438654,RDEIF,Red Electrica Corporacion SA/ADR
7820,1076378,CXMSF,CEMEX SAB DE CV
7821,886982,GS-PC,GOLDMAN SACHS GROUP INC
7822,1567172,JGSHF,"JG Summit Holdings, Inc./ADR"
7823,1570585,LBTYB,Liberty Global Ltd.
7824,100826,UEPCN,UNION ELECTRIC CO
7825,1123452,ASRMF,SOUTHEAST AIRPORT GROUP
7826,1810997,XPNGF,XPENG INC.
7827,1436786,OUKPF,Outotec OYJ
7828,1423689,AGNCM,AGNC Investment Corp.
7829,938323,PSORF,PEARSON PLC
7830,1423689,AGNCN,AGNC Investment Corp.
7831,898174,RZB,REINSURANCE GROUP OF AMERICA INC
7832,1560385,LSXMB,Liberty Media Corp
7833,34903,FRT-PC,FEDERAL REALTY INVESTMENT TRUST
7834,100826,UEPEO,UNION ELECTRIC CO
7835,100826,UEPEP,UNION ELECTRIC CO
7836,1884082,PSNYW,Polestar Automotive Holding UK PLC
7837,314590,SASOF,SASOL LTD
7838,1442653,ROHCF,"ROHM Co., Ltd."
7839,1449003,ASXFF,ASX Ltd.
7840,1786909,SBYSF,Sibanye Stillwater Ltd
7841,1347557,GPAEF,Pacific Airport Group
7842,1562401,AMH-PH,American Homes 4 Rent
7843,813828,PARAA,Paramount Global
7844,899689,VNO-PL,VORNADO REALTY TRUST
7845,100826,UEPCP,UNION ELECTRIC CO
7846,1562401,AMH-PG,American Homes 4 Rent
7847,899689,VNO-PM,VORNADO REALTY TRUST
7848,1527469,ATH-PA,Athene Holding Ltd.
7849,1535929,VOYA-PB,"Voya Financial, Inc."
7850,1560385,LSXMK,Liberty Media Corp
7851,1294591,RKUNF,"Rakuten Group, Inc."
7852,913144,RNR-PF,RENAISSANCERE HOLDINGS LTD
7853,100826,UEPEM,UNION ELECTRIC CO
7854,100826,UEPEN,UNION ELECTRIC CO
7855,879101,KIM-PM,KIMCO REALTY CORP
7856,1570585,LBTYK,Liberty Global Ltd.
7857,1438569,GIFLF,Grifols SA
7858,879101,KIM-PL,KIMCO REALTY CORP
7859,1438569,GIFOF,Grifols SA
7860,1289688,JCYCF,Jardine Cycle & Carriage Ltd.
7861,1481045,DSECF,Daiwa Securities Group Inc.
7862,811156,CMSA,CMS ENERGY CORP
7863,310522,FNMAS,FEDERAL NATIONAL MORTGAGE ASSOCIATION FANNIE MAE
7864,1558812,MEJHF,MEIJI Holdings Co Ltd/ADR
7865,1446596,FANUF,Fanuc Ltd
7866,1619954,INOV,"Inovalon Holdings, Inc."
7867,1004980,PCG-PA,PG&E Corp
7868,1581285,BCUCF,Brunello Cucinelli S.p.A./ADR
7869,1495798,LCCTF,L'Occitane International S.A./ADR/
7870,1447126,KAKKF,Kawasaki Kisen Kaisha Ltd
7871,1040971,SLG-PI,SL GREEN REALTY CORP
7872,1157557,CIG-C,ENERGY CO OF MINAS GERAIS
7873,1455955,PUTKF,PT United Tractors Tbk / ADR
7874,310522,FNMAJ,FEDERAL NATIONAL MORTGAGE ASSOCIATION FANNIE MAE
7875,1534043,FUPEF,Fuchs Petrolub SE/ADR
7876,1438569,GIKLY,Grifols SA
7877,1403528,OAK-PB,"Brookfield Oaktree Holdings, LLC"
7878,310522,FNMAH,FEDERAL NATIONAL MORTGAGE ASSOCIATION FANNIE MAE
7879,5513,UNMA,Unum Group
7880,78150,PHTCF,PLDT Inc.
7881,1156831,QBCRF,QUEBECOR MEDIA INC
7882,1004980,PCG-PB,PG&E Corp
7883,1156831,QBCAF,QUEBECOR MEDIA INC
7884,1747009,ETRN,Midstream Co LLC
7885,1593538,JSM,NAVIENT CORP
7886,18349,SNV-PD,SYNOVUS FINANCIAL CORP
7887,1447137,BKGFF,Berkeley Group Holdings plc
7888,1567683,CWEN-A,"Clearway Energy, Inc."
7889,1023514,HGMCF,HARMONY GOLD MINING CO LTD
7890,1004980,PCG-PE,PG&E Corp
7891,1045450,EPR-PG,EPR PROPERTIES
7892,1695519,ATGFF,AltaGas Ltd.
7893,899689,VNORP,VORNADO REALTY TRUST
7894,1469395,PPENF,Pampa Energy Inc.
7895,1685040,BHFAL,"Brighthouse Financial, Inc."
7896,1004980,PCG-PD,PG&E Corp
7897,1762506,VIST,"Vista Energy, S.A.B. de C.V."
7898,794685,GAB-PG,GABELLI EQUITY TRUST INC
7899,1004980,PCG-PC,PG&E Corp
7900,310522,FNMFN,FEDERAL NATIONAL MORTGAGE ASSOCIATION FANNIE MAE
7901,1792045,THNPY,Technip Energies N.V.
7902,763901,BPOPO,"POPULAR, INC."
7903,1110452,AFRAF,AIR FRANCE-KLM /FI
7904,1004980,PCG-PH,PG&E Corp
7905,1437774,BZZUF,BUZZI UNICEM S.p.A.
7906,1792627,TKAYF,Just Eat Takeaway.com N.V.
7907,1559444,FURCF,FORVIA SE/ADR
7908,1090633,IIJIF,INTERNET INITIATIVE JAPAN INC
7909,1004980,PCG-PG,PG&E Corp
7910,1378239,GAERF,Central North Airport Group
7911,1412558,EVOTF,Evotec SE
7912,1214816,AXS-PE,AXIS CAPITAL HOLDINGS LTD
7913,936340,DTW,DTE ENERGY CO
7914,1126956,SR-PA,SPIRE INC
7915,1546354,DFRYF,Dufry AG/ADR
7916,1004980,PCG-PI,PG&E Corp
7917,910073,NYCB-PA,"NEW YORK COMMUNITY BANCORP, INC."
7918,1671750,DISPF,Disco Corporation/ADR
7919,1032033,SLMBP,SLM Corp
7920,1685040,BHFAP,"Brighthouse Financial, Inc."
7921,1792045,THNPF,Technip Energies N.V.
7922,720672,SF-PB,STIFEL FINANCIAL CORP
7923,803649,EQC-PD,Equity Commonwealth
7924,1012019,RUSHB,RUSH ENTERPRISES INC \TX\
7925,1465740,TWO-PC,TWO HARBORS INVESTMENT CORP.
7926,1571283,REXR-PB,"Rexford Industrial Realty, Inc."
7927,1487712,AL-PA,AIR LEASE CORP
7928,1363829,ESGRO,Enstar Group LTD
7929,1792627,JTKWY,Just Eat Takeaway.com N.V.
7930,78814,PBI-PB,PITNEY BOWES INC /DE/
7931,1409493,CIM-PB,CHIMERA INVESTMENT CORP
7932,1409493,CIM-PD,CHIMERA INVESTMENT CORP
7933,1015328,WTFCM,WINTRUST FINANCIAL CORP
7934,1604481,EURN,Euronav NV
7935,1026214,FMCCI,FEDERAL HOME LOAN MORTGAGE CORP
7936,1409493,CIM-PC,CHIMERA INVESTMENT CORP
7937,67887,MOG-B,MOOG INC.
7938,1363829,ESGRP,Enstar Group LTD
7939,1437470,MYTHF,Mytilineos Holdings S.A.
7940,1465740,TWO-PB,TWO HARBORS INVESTMENT CORP.
7941,1465740,TWO-PA,TWO HARBORS INVESTMENT CORP.
7942,1446694,SHWDF,Showa Denko K.K./ADR
7943,43920,GEF-B,"GREIF, INC"
7944,908732,SPTJF,SINOPEC SHANGHAI PETROCHEMICAL CO LTD
7945,925261,AKO-B,ANDINA BOTTLING CO INC
7946,11544,WRB-PE,BERKLEY W R CORP
7947,1026214,FMCKI,FEDERAL HOME LOAN MORTGAGE CORP
7948,801337,WBS-PF,WEBSTER FINANCIAL CORP
7949,1336917,UA,"Under Armour, Inc."
7950,714310,VLYPO,VALLEY NATIONAL BANCORP
7951,1511337,RLJ-PA,RLJ Lodging Trust
7952,1474098,PEB-PF,Pebblebrook Hotel Trust
7953,932470,TCMFF,TELECOM ARGENTINA SA
7954,1474098,PEB-PE,Pebblebrook Hotel Trust
7955,1055160,MFA-PB,"MFA FINANCIAL, INC."
7956,1409493,CIM-PA,CHIMERA INVESTMENT CORP
7957,1592438,ROYMF,Royal Mail plc/ADR
7958,714310,VLYPP,VALLEY NATIONAL BANCORP
7959,1958140,BATRK,"Atlanta Braves Holdings, Inc."
7960,1455633,PEGRF,Pennon Group Plc / ADR
7961,1380366,GGNDF,GN STORE NORD A/S
7962,357294,HOVNP,HOVNANIAN ENTERPRISES INC
7963,99614,TY-P,TRI-CONTINENTAL CORP
7964,7789,ASB-PE,ASSOCIATED BANC-CORP
7965,1012139,GNGYF,GUANGSHEN RAILWAY CO LTD
7966,1648257,HMDCF,HUTCHMED (China) Ltd
7967,1026214,FMCCG,FEDERAL HOME LOAN MORTGAGE CORP
7968,1712184,LILAB,Liberty Latin America Ltd.
7969,1421876,GLPGF,GALAPAGOS NV
7970,310522,FNMAM,FEDERAL NATIONAL MORTGAGE ASSOCIATION FANNIE MAE
7971,92108,SOCGP,SOUTHERN CALIFORNIA GAS CO
7972,18654,AILLI,Ameren Illinois Co
7973,1581760,LIFX,"Life360, Inc."
7974,1660734,TRTN-PA,Triton International Ltd
7975,1618563,NSA-PA,National Storage Affiliates Trust
7976,1958140,BATRB,"Atlanta Braves Holdings, Inc."
7977,107815,WELPP,WISCONSIN ELECTRIC POWER CO
7978,887733,CENTA,CENTRAL GARDEN & PET CO
7979,1592651,LNZNF,Lenzing AG/ADR
7980,18654,AILLM,Ameren Illinois Co
7981,18654,AILLN,Ameren Illinois Co
7982,894315,SITC-PA,SITE Centers Corp.
7983,310522,FNMAN,FEDERAL NATIONAL MORTGAGE ASSOCIATION FANNIE MAE
7984,98677,TROLB,TOOTSIE ROLL INDUSTRIES INC
7985,845877,AGM-A,FEDERAL AGRICULTURAL MORTGAGE CORP
7986,18654,AILIM,Ameren Illinois Co
7987,1026214,FMCCJ,FEDERAL HOME LOAN MORTGAGE CORP
7988,310522,FNMAI,FEDERAL NATIONAL MORTGAGE ASSOCIATION FANNIE MAE
7989,1543726,NHNKF,Nihon Kohden Corporation/ADR
7990,1770561,CODQL,Coronado Global Resources Inc.
7991,18654,AILLO,Ameren Illinois Co
7992,910108,LXP-PC,LXP Industrial Trust
7993,1683252,TKCM,TOKEN COMMUNITIES LTD.
7994,310522,FNMAT,FEDERAL NATIONAL MORTGAGE ASSOCIATION FANNIE MAE
7995,18654,AILIN,Ameren Illinois Co
7996,310522,FNMAK,FEDERAL NATIONAL MORTGAGE ASSOCIATION FANNIE MAE
7997,1712184,LILAK,Liberty Latin America Ltd.
7998,1628063,SRG-PA,Seritage Growth Properties
7999,310522,FNMAL,FEDERAL NATIONAL MORTGAGE ASSOCIATION FANNIE MAE
8000,310522,FNMFM,FEDERAL NATIONAL MORTGAGE ASSOCIATION FANNIE MAE
8001,18654,AILLP,Ameren Illinois Co
8002,107140,WLYB,"JOHN WILEY & SONS, INC."
8003,310522,FNMAO,FEDERAL NATIONAL MORTGAGE ASSOCIATION FANNIE MAE
8004,1437071,IVR-PC,Invesco Mortgage Capital Inc.
8005,929351,LGF-B,LIONS GATE ENTERTAINMENT CORP /CN/
8006,310522,FNMAG,FEDERAL NATIONAL MORTGAGE ASSOCIATION FANNIE MAE
8007,310522,FNMFO,FEDERAL NATIONAL MORTGAGE ASSOCIATION FANNIE MAE
8008,2008861,NDOI,"Endo, Inc."
8009,1642365,ALTB,Alpine Auto Brokers Inc.
8010,1504461,NGL-PB,NGL Energy Partners LP
8011,1829948,CIXXF,CI Financial Corp.
8012,1260729,GDV-PH,GABELLI DIVIDEND & INCOME TRUST
8013,1553079,FISK,"Empire State Realty OP, L.P."
8014,912892,GRPFF,"GRUPO TELEVISA, S.A.B."
8015,1437071,IVR-PB,Invesco Mortgage Capital Inc.
8016,1504461,NGL-PC,NGL Energy Partners LP
8017,907254,BFS-PD,"SAUL CENTERS, INC."
8018,1026214,FMCCL,FEDERAL HOME LOAN MORTGAGE CORP
8019,1553079,OGCP,"Empire State Realty OP, L.P."
8020,1026214,FMCKL,FEDERAL HOME LOAN MORTGAGE CORP
8021,1464423,PMT-PA,PennyMac Mortgage Investment Trust
8022,1464423,PMT-PB,PennyMac Mortgage Investment Trust
8023,1526113,GNL-PA,"Global Net Lease, Inc."
8024,1585389,STSFF,"SmartStop Self Storage REIT, Inc."
8025,1412100,MHLA,"Maiden Holdings, Ltd."
8026,794685,GAB-PH,GABELLI EQUITY TRUST INC
8027,1280784,HCXY,"Hercules Capital, Inc."
8028,1026214,FMCCS,FEDERAL HOME LOAN MORTGAGE CORP
8029,1026214,FMCCO,FEDERAL HOME LOAN MORTGAGE CORP
8030,1267395,AHL-PD,ASPEN INSURANCE HOLDINGS LTD
8031,1345126,CODI-PA,Compass Diversified Holdings
8032,1816901,SWGHF,"SAWAI GROUP HOLDINGS Co., Ltd."
8033,1345126,CODI-PB,Compass Diversified Holdings
8034,1026214,FMCKN,FEDERAL HOME LOAN MORTGAGE CORP
8035,1273685,NYMTN,NEW YORK MORTGAGE TRUST INC
8036,1026214,FREJN,FEDERAL HOME LOAN MORTGAGE CORP
8037,1026214,FMCCN,FEDERAL HOME LOAN MORTGAGE CORP
8038,1026214,FMCKO,FEDERAL HOME LOAN MORTGAGE CORP
8039,1598655,GLOP-PB,GasLog Partners LP
8040,1026214,FMCKJ,FEDERAL HOME LOAN MORTGAGE CORP
8041,1026214,FMCKM,FEDERAL HOME LOAN MORTGAGE CORP
8042,1026214,FREGP,FEDERAL HOME LOAN MORTGAGE CORP
8043,1598655,GLOP-PC,GasLog Partners LP
8044,1598655,GLOP-PA,GasLog Partners LP
8045,1026214,FMCCH,FEDERAL HOME LOAN MORTGAGE CORP
8046,1026214,FMCCK,FEDERAL HOME LOAN MORTGAGE CORP
8047,719413,HL-PB,HECLA MINING CO/DE/
8048,1677576,IIPR-PA,INNOVATIVE INDUSTRIAL PROPERTIES INC
8049,1026214,FMCCP,FEDERAL HOME LOAN MORTGAGE CORP
8050,1026214,FMCCM,FEDERAL HOME LOAN MORTGAGE CORP
8051,1497645,INN-PE,"Summit Hotel Properties, Inc."
8052,1026214,FMCKP,FEDERAL HOME LOAN MORTGAGE CORP
8053,1569187,AHH-PA,"Armada Hoffler Properties, Inc."
8054,1728205,PLLTL,Piedmont Lithium Inc.
8055,1897463,GRAF-UN,Graf Global Corp.
8056,1482430,KBSR,"KBS Real Estate Investment Trust III, Inc."
8057,729580,BELFB,BEL FUSE INC /NJ
8058,798359,IRET,CENTERSPACE
8059,8063,ATROB,ASTRONICS CORP
8060,40417,GAM-PB,GENERAL AMERICAN INVESTORS CO INC
8061,43196,GTN-A,GRAY TELEVISION INC
8062,1782999,PTCHF,PureTech Health plc
8063,1448978,SMBMF,SembCorp Marine Ltd.
8064,845877,AGM-PC,FEDERAL AGRICULTURAL MORTGAGE CORP
8065,1345099,MEOBF,MESOBLAST LTD
8066,1023512,DRDGF,DRDGOLD LTD
8067,845877,AGM-PD,FEDERAL AGRICULTURAL MORTGAGE CORP
8068,55135,KELYB,KELLY SERVICES INC
8069,1503584,CMRE-PB,Costamare Inc.
8070,1340243,MPSYF,MorphoSys AG
8071,1060349,GAMI,"GAMCO INVESTORS, INC. ET AL"
8072,1503584,CMRE-PC,Costamare Inc.
8073,1503584,CMRE-PD,Costamare Inc.
8074,1726173,BH,Biglari Holdings Inc.
8075,1385145,CELJF,Cellcom Israel Ltd.
8076,1561032,HLTC,"Healthcare Trust, Inc."
8077,711772,CATC,CAMBRIDGE BANCORP
8078,1503584,CMRE-PE,Costamare Inc.
8079,216085,HVT-A,HAVERTY FURNITURE COMPANIES INC
8080,921671,GGT-PE,GABELLI MULTIMEDIA TRUST INC.
8081,1313510,GGN-PB,"GAMCO Global Gold, Natural Resources & Income Trust"
8082,863110,ARTNB,ARTESIAN RESOURCES CORP
8083,752642,UMH-PD,"UMH PROPERTIES, INC."
8084,353184,AIRTP,AIR T INC
8085,1888274,DEFTF,"Defi Technologies, Inc."
8086,1488813,CUBI-PE,"Customers Bancorp, Inc."
8087,800457,DGICB,DONEGAL GROUP INC
8088,1604174,ECCX,Eagle Point Credit Co Inc.
8089,1488813,CUBI-PF,"Customers Bancorp, Inc."
8090,1499849,BRCPF,BrasilAgro - Brazilian Agricultural Real Estate Co
8091,1214935,NCV-PA,Virtus Convertible & Income Fund
8092,1514281,MITT-PA,"AG Mortgage Investment Trust, Inc."
8093,1587987,NEWTI,"NewtekOne, Inc."
8094,25475,CRD-B,CRAWFORD & CO
8095,1495222,OXLCO,Oxford Lane Capital Corp.
8096,1514281,MITT-PB,"AG Mortgage Investment Trust, Inc."
8097,357294,HOVVB,HOVNANIAN ENTERPRISES INC
8098,885275,WBHC,WILSON BANK HOLDING CO
8099,1495240,LANDM,GLADSTONE LAND Corp
8100,1533615,GMRE-PA,Global Medical REIT Inc.
8101,88948,SENEB,Seneca Foods Corp
8102,1452857,SPLP-PA,STEEL PARTNERS HOLDINGS L.P.
8103,716006,YELLQ,Yellow Corp
8104,1556898,THPTF,"Techpoint, Inc."
8105,1321741,GAINL,GLADSTONE INVESTMENT CORPORATIONDE
8106,1762303,AVHHL,"AVITA Medical, Inc."
8107,1762506,VSOGF,"Vista Energy, S.A.B. de C.V."
8108,1080720,GUT-PC,GABELLI UTILITY TRUST
8109,1593222,CIO-PA,"City Office REIT, Inc."
8110,1815620,CKDXF,Opthea Ltd
8111,23426,CNTHP,CONNECTICUT LIGHT & POWER CO
8112,1400891,IHRTB,"iHeartMedia, Inc."
8113,23426,CNLPL,CONNECTICUT LIGHT & POWER CO
8114,1355096,QRTEB,"Qurate Retail, Inc."
8115,1227857,NCZ-PA,Virtus Convertible & Income Fund II
8116,1318885,DSX-PB,DIANA SHIPPING INC.
8117,23426,CNTHO,CONNECTICUT LIGHT & POWER CO
8118,1571776,CHMI-PB,Cherry Hill Mortgage Investment Corp
8119,46207,HAWLN,HAWAIIAN ELECTRIC CO INC
8120,1232582,AHT-PF,ASHFORD HOSPITALITY TRUST INC
8121,1232582,AHT-PI,ASHFORD HOSPITALITY TRUST INC
8122,23426,CNTHN,CONNECTICUT LIGHT & POWER CO
8123,1232582,AHT-PG,ASHFORD HOSPITALITY TRUST INC
8124,1232582,AHT-PH,ASHFORD HOSPITALITY TRUST INC
8125,1459762,EXROF,EXRO TECHNOLOGIES INC.
8126,1479615,SLNCF,Silence Therapeutics plc
8127,46207,HAWEN,HAWAIIAN ELECTRIC CO INC
8128,1847112,TRTL,TortoiseEcofin Acquisition Corp. III
8129,1574085,BHR-PD,Braemar Hotels & Resorts Inc.
8130,23426,CNLHO,CONNECTICUT LIGHT & POWER CO
8131,1574085,BHR-PB,Braemar Hotels & Resorts Inc.
8132,1944885,APLMW,Apollomics Inc.
8133,1232582,AHT-PD,ASHFORD HOSPITALITY TRUST INC
8134,23426,CNLHP,CONNECTICUT LIGHT & POWER CO
8135,1243429,ARCXF,ArcelorMittal
8136,23426,CNLTP,CONNECTICUT LIGHT & POWER CO
8137,922358,FGPRB,FERRELLGAS PARTNERS L P
8138,1567924,MIESF,"Mitsui E&S Holdings Co., Ltd./ADR"
8139,23426,CNLTL,CONNECTICUT LIGHT & POWER CO
8140,23426,CNPWM,CONNECTICUT LIGHT & POWER CO
8141,1653558,PRTHU,"Priority Technology Holdings, Inc."
8142,1571776,CHMI-PA,Cherry Hill Mortgage Investment Corp
8143,23426,CNPWP,CONNECTICUT LIGHT & POWER CO
8144,1495240,LANDP,GLADSTONE LAND Corp
8145,23426,CNLPM,CONNECTICUT LIGHT & POWER CO
8146,1271554,ERLFF,Entree Resources Ltd.
8147,1641601,RVRF,River Financial Corp
8148,1859795,NVNXF,NOVONIX Ltd
8149,23426,CNLTN,CONNECTICUT LIGHT & POWER CO
8150,1756594,IVEVF,Inventiva S.A.
8151,1598599,IPHYF,Innate Pharma SA
8152,1685766,MVXM,MOVEIX INC.
8153,1896084,GSCCF,ioneer Ltd
8154,71508,ENO,"ENTERGY NEW ORLEANS, LLC"
8155,23426,CNLHN,CONNECTICUT LIGHT & POWER CO
8156,1434754,SB-PD,"SAFE BULKERS, INC."
8157,1434754,SB-PC,"SAFE BULKERS, INC."
8158,1885461,SUAC,ShoulderUP Technology Acquisition Corp.
8159,850261,SRNE,"Sorrento Therapeutics, Inc."
8160,1578453,DLNG-PA,Dynagas LNG Partners LP
8161,1850453,MOYFF,Mynaric AG
8162,1606745,LTRPB,"Liberty TripAdvisor Holdings, Inc."
8163,1848948,VCXB,10X Capital Venture Acquisition Corp. III
8164,1814974,BBXIB,"BBX Capital, Inc."
8165,1352081,CRDE,Cardinal Ethanol LLC
8166,761648,CDR-PC,"CEDAR REALTY TRUST, INC."
8167,1811115,RTNXF,Renalytix plc
8168,761648,CDR-PB,"CEDAR REALTY TRUST, INC."
8169,793040,ECF-PA,ELLSWORTH GROWTH & INCOME FUND LTD
8170,716634,RDIB,READING INTERNATIONAL INC
8171,1705012,FATBB,"Fat Brands, Inc"
8172,1301236,SOHOO,Sotherly Hotels Inc.
8173,1831006,BLUA,BlueRiver Acquisition Corp.
8174,1807983,MDNAF,Medicenna Therapeutics Corp.
8175,9521,BCV-PA,BANCROFT FUND LTD
8176,1589150,RGBPP,Regen BioPharma Inc
8177,1282957,GLU-PB,GABELLI GLOBAL UTILITY & INCOME TRUST
8178,1882839,WONDF,WonderFi Technologies Inc.
8179,1302084,NSRCF,NextSource Materials Inc.
8180,1166272,GNTLF,GENETIC TECHNOLOGIES LTD
8181,1854078,RLFTF,Relief Therapeutics Holding SA
8182,1841675,ARBKF,Argo Blockchain Plc
8183,1875931,OFSTF,Carbon Streaming Corp
8184,1430725,GSL-PB,"Global Ship Lease, Inc."
8185,1041657,UONEK,"URBAN ONE, INC."
8186,1301236,SOHOB,Sotherly Hotels Inc.
8187,1301236,SOHON,Sotherly Hotels Inc.
8188,1578453,DLNG-PB,Dynagas LNG Partners LP
8189,1004530,MPVDF,Mountain Province Diamonds Inc.
8190,1632970,AHTR,"American Healthcare REIT, Inc."
8191,1845799,CULL,"Cullman Bancorp, Inc. /MD/"
8192,1717452,ODTC,"Odonate Therapeutics, Inc."
8193,1007273,BKSC,BANK OF SOUTH CAROLINA CORP
8194,1771706,GDNSF,Vireo Growth Inc.
8195,1861233,ILLMF,illumin Holdings Inc.
8196,1515114,GWIN,"GLORYWIN ENTERTAINMENT GROUP, INC."
8197,1849902,SEPA,SEP Acquisition Corp.
8198,1501078,OFED,Oconee Federal Financial Corp.
8199,1087456,UBOH,UNITED BANCSHARES INC/OH
8200,1850398,TCBC,"TC Bancshares, Inc."
8201,1448815,RFLFF,Raffles Education Corp Ltd
8202,1393044,MTMV,Motomova Inc
8203,1787384,FFBW,"FFBW, Inc. /MD/"
8204,1389207,GFASY,Gafisa S.A.
8205,1895251,SGTM,"Sustainable Green Team, Ltd."
8206,1816723,GRFXF,Graphex Group Ltd
8207,1342936,AVOI,"Advanced Voice Recognition Systems, Inc"
8208,1715433,LCHD,Leader Capital Holdings Corp.
8209,1705259,SMTSF,Sierra Metals Inc.
8210,942149,OCGSF,Outcrop Silver & Gold Corp
8211,1429260,FBIOP,"Fortress Biotech, Inc."
8212,1075706,CIZN,CITIZENS HOLDING CO /MS/
8213,1496454,CHTH,"CNL Healthcare Properties, Inc."
8214,1734875,MSVB,"Mid-Southern Bancorp, Inc."
8215,1362898,AVLNF,Avalon Advanced Materials Inc.
8216,1463833,IDWM,"IDW MEDIA HOLDINGS, INC."
8217,1633438,AZREF,Azure Power Global Ltd
8218,1738699,WSKEF,Wisekey International Holding S.A.
8219,943034,AATC,AUTOSCOPE TECHNOLOGIES CORP
8220,1976923,YQAI,"YOUNEEQAI TECHNICAL SERVICES, INC."
8221,350403,PHIG,"PHI Group, Inc./DE"
8222,1898601,TAOFF,IPERIONX Ltd
8223,1792597,CMHF,"Community Heritage Financial, Inc."
8224,1895249,MCAC,"ConnectM Technology Solutions, Inc."
8225,1723059,BIOE,Bio Essence Corp
8226,1175483,DSHK,Drive Shack Inc.
8227,1505065,BRSYF,Brainsway Ltd.
8228,838875,WVVIP,WILLAMETTE VALLEY VINEYARDS INC
8229,1598323,ACMB,AGRO CAPITAL MANAGEMENT CORP.
8230,1800373,GWLL,"GOLDENWELL BIOTECH, INC."
8231,1908984,ENDI,ENDI Corp.
8232,1444874,TETAA,"Teton Advisors, Inc."
8233,1101026,ZIVO,"Zivo Bioscience, Inc."
8234,1415397,RAPH,Raphael Pharmaceutical Inc.
8235,862861,JAN,ALT5 Sigma Corp
8236,1076691,OSBK,OCONEE FINANCIAL CORP
8237,1365388,HSTI,"High Sierra Technologies, Inc."
8238,1634394,RSCI,"Redwood Scientific Technologies, Inc."
8239,1762359,ACRDF,"Acreage Holdings, Inc."
8240,1962911,INFT,Infinity Bancorp
8241,926423,MINDP,"MIND TECHNOLOGY, INC"
8242,1835385,MBBC,"Marathon Bancorp, Inc. /MD/"
8243,1791325,FIGI,Freedom Internet Group Inc.
8244,1158399,BRCNF,Burcon NutraScience Corp
8245,1568628,BQST,Bioquest Corp
8246,1445815,BIXT,"BIOXYTRAN, INC"
8247,1555017,SKYI,"Sky Century Investment, Inc."
8248,1042046,AFGC,AMERICAN FINANCIAL GROUP INC
8249,1751700,TBBA,"TEB Bancorp, Inc."
8250,910679,WVFC,WVS FINANCIAL CORP
8251,822411,IMUC,"EOM Pharmaceutical Holdings, Inc."
8252,733337,PWCO,"PwrCor, Inc."
8253,1444874,TETAB,"Teton Advisors, Inc."
8254,1897971,GLACU,Global Lights Acquisition Corp
8255,50292,IEHC,IEH Corp
8256,1840102,SPTY,"SPECIFICITY, INC."
8257,1566469,NHIQ,"NantHealth, Inc."
8258,1781726,NPLS,NP Life Sciences Health Industry Group Inc.
8259,723269,IRNS,"IRONSTONE PROPERTIES, INC."
8260,1178660,CSSI,Standard Dental Labs Inc.
8261,1854233,EGLXF,Enthusiast Gaming Holdings Inc. / Canada
8262,1470129,CATG,Capstone Technologies Group Inc.
8263,1464165,BETRF,BetterLife Pharma Inc.
8264,1731727,LMPX,"LMP Automotive Holdings, Inc."
8265,1130166,CYCCP,"Cyclacel Pharmaceuticals, Inc."
8266,86115,SFES,SAFEGUARD SCIENTIFICS INC
8267,1527541,WHLRD,"Wheeler Real Estate Investment Trust, Inc."
8268,727346,GBCS,"SELECTIS HEALTH, INC."
8269,1919847,SFWJ,"Software Effective Solutions, Corp."
8270,1949766,ODDAF,Odd Burger Corp
8271,1131343,PRNAF,ALTERITY THERAPEUTICS LTD
8272,1439237,QOEG,Quality Online Education Group Inc.
8273,1645155,WBSR,Webstar Technology Group Inc.
8274,319016,FZMD,"Fuse Medical, Inc."
8275,1737270,NEXCF,Nextech3D.AI Corp.
8276,1814329,ASTR,"Astra Space, Inc."
8277,1019671,SEAC,SEACHANGE INTERNATIONAL INC
8278,1769725,ERKH,"Eureka Homestead Bancorp, Inc."
8279,1827855,MCLE,Medicale Corp.
8280,1376986,TVE,Tennessee Valley Authority
8281,846546,BNSOF,BONSO ELECTRONICS INTERNATIONAL INC
8282,1376986,TVC,Tennessee Valley Authority
8283,1617765,LNDZF,EVOME MEDICAL TECHNOLOGIES INC.
8284,1426506,SMGI,SMG Industries Inc.
8285,1550453,TRLI,TriLinc Global Impact Fund LLC
8286,1096950,ACTX,"ADVANCED CONTAINER TECHNOLOGIES, INC."
8287,1263011,EXNRF,EXCELLON RESOURCES INC
8288,1588014,ADMQ,"ADM ENDEAVORS, INC."
8289,1415813,ARMC,Un Monde International Ltd.
8290,1851657,VAXX,"Vaxxinity, Inc."
8291,1312109,SICP,Silvergate Capital Corp
8292,1816554,EVTK,EVENTIKO INC.
8293,1777765,VQSSF,VIQ Solutions Inc.
8294,1377167,FGCO,"Financial Gravity Companies, Inc."
8295,1052054,EVOL,"Symbolic Logic, Inc."
8296,1763925,CJAX,CoJax Oil & Gas Corp
8297,1561180,PQEFF,PETROTEQ ENERGY INC.
8298,1435812,ARPC,Arem Pacific Corp
8299,1092570,FULO,FULLNET COMMUNICATIONS INC
8300,1301713,SHVLF,STARCORE INTERNATIONAL MINES LTD.
8301,1446371,SGIC,"Strategic Realty Trust, Inc."
8302,1551206,HGLD,Patagonia Gold Corp.
8303,1307624,HLTT,"Healthtech Solutions, Inc./UT"
8304,926844,FBDS,Fuss Brands Corp.
8305,922521,FALC,FALCONSTOR SOFTWARE INC
8306,1545224,SILEF,Silver Elephant Mining Corp.
8307,1609139,INND,"INNERSCOPE HEARING TECHNOLOGIES, INC."
8308,1318482,SGLDF,KIDOZ INC.
8309,1050606,SALM,"SALEM MEDIA GROUP, INC. /DE/"
8310,1468978,SITS,"SOUTHERN ITS INTERNATIONAL, INC."
8311,1100397,ADXS,"Ayala Pharmaceuticals, Inc."
8312,1487198,ASPU,"ASPEN GROUP, INC."
8313,1294404,SFUNY,Fang Holdings Ltd
8314,1068618,GVSI,"Good Vibrations Shoes, Inc."
8315,1420108,GLUC,"Glucose Health, Inc."
8316,819050,FRTX,"Fresh Tracks Therapeutics, Inc."
8317,1591565,BLYQ,"BALLY, CORP."
8318,1128252,SIPN,"SIPP International Industries, Inc."
8319,1908054,JETR,Star Jets International Inc.
8320,1788717,FXLV,F45 Training Holdings Inc.
8321,1016708,RCAR,"RenovaCare, Inc."
8322,1654672,PNPL,"PINEAPPLE, INC."
8323,884363,FNAM,"EVOLUTIONARY GENOMICS, INC."
8324,1358099,UCIX,"Umbra Companies, Inc."
8325,1321834,MYMD,"MyMD Pharmaceuticals, Inc."
8326,1395445,PRPI,PERPETUAL INDUSTRIES INC.
8327,1819615,CLVR,Clever Leaves Holdings Inc.
8328,840551,TMDIF,TITAN MEDICAL INC
8329,1127007,CAPV,CABO VERDE CAPITAL INC.
8330,1281984,WDLF,"Decentral Life, Inc."
8331,1607679,CANQF,CanaQuest Medical Corp.
8332,1410172,RBCN,"Rubicon Technology, Inc."
8333,1087329,RSHN,"RushNet, Inc."
8334,945828,AMTY,AMERITYRE CORP
8335,1771755,SWISF,Sekur Private Data Ltd.
8336,924095,MVCO,"Metavesco, Inc."
8337,1828098,MTTCF,Steakholder Foods Ltd.
8338,1108248,KNOS,KRONOS ADVANCED TECHNOLOGIES INC
8339,1776048,AMMX,Ameramex International Inc
8340,1458631,HALB,Halberd Corp
8341,1532981,EMWPF,Eros Media World PLC
8342,1475430,JSHG,JOSHUA GOLD RESOURCES INC
8343,1177167,LMDCF,LINGO MEDIA CORP
8344,1104023,GEMZ,Gemxx Corp.
8345,1642178,AGNPF,Algernon Pharmaceuticals Inc.
8346,842722,DROP,"Fuse Science, Inc."
8347,1078799,MCOA,"Marijuana Co of America, Inc."
8348,919175,SGMD,"Sugarmade, Inc."
8349,1041633,FTRS,Futuris Co
8350,1586495,LTES,Leet Technology Inc.
8351,1435064,CETXP,CEMTREX INC
8352,1156784,COWI,"CarbonMeta Technologies, Inc."
8353,1804469,GRDAF,"Guardforce AI Co., Ltd."
8354,1509228,SDTTU,SandRidge Mississippian Trust I
8355,1868079,PMEDF,Predictmedix Inc.
8356,1623360,MRGE,Mirage Energy Corp
8357,803097,SPQS,"SportsQuest, Inc."
8358,1784851,SHPW,"Shapeways Holdings, Inc."
8359,1510524,GYST,"GRAYSTONE COMPANY, INC."
8360,1402371,ELRA,"ELRAY RESOURCES, INC."
8361,1624517,YCRM,Yuenglings Ice Cream Corp
8362,1205181,GPFT,"Grapefruit USA, Inc"
8363,1094084,TKOI,TELKONET INC
8364,1483510,EXPRQ,"EXPRESS, INC."
8365,1495584,SVVC,"Firsthand Technology Value Fund, Inc."
8366,1096759,SNWR,Sanwire Corp
8367,1435617,PWDY,"POWERDYNE INTERNATIONAL, INC."
8368,1711291,CUROQ,CURO Group Holdings Corp.
8369,1386049,BYOC,"Beyond Commerce, Inc."
8370,1779303,DCSX,"Direct Communication Solutions, Inc."
8371,1550222,MIKP,"Mike the Pike Productions, Inc."
8372,1610682,USDP,USD Partners LP
8373,1406588,MNGG,"Mining Global, Inc."
8374,1492448,GRNF,GRN Holding Corp
8375,1313938,SNNC,"Sibannac, Inc."
8376,1002771,IGPK,"Integrated Cannabis Solutions, Inc."
8377,1527541,WHLRP,"Wheeler Real Estate Investment Trust, Inc."
8378,1682265,RELT,"Reliant Holdings, Inc."
8379,1000683,BDRL,BLONDER TONGUE LABORATORIES INC
8380,1452011,TNBI,Tanke Biosciences Corp
8381,1685237,TMRR,TEMIR CORP.
8382,1631463,BRLL,Barrel Energy Inc.
8383,1443089,WHSI,"WEARABLE HEALTH SOLUTIONS, INC."
8384,1292519,NVIVQ,INVIVO THERAPEUTICS HOLDINGS CORP.
8385,1076262,GSPT,Golden Star Enterprises Ltd.
8386,1604477,SQZB,SQZ Biotechnologies Co
8387,1357671,CRTD,"Creatd, Inc."
8388,1898643,MOBBW,Mobilicom Ltd
8389,1645260,TOMDF,TODOS MEDICAL LTD.
8390,946112,CDSG,"China Dongsheng International, Inc."
8391,1000298,IMPM,IMPAC MORTGAGE HOLDINGS INC
8392,1444403,CGAC,CODE GREEN APPAREL CORP
8393,1802546,KGKG,"KONA GOLD BEVERAGE, INC."
8394,1528188,WNFT,Worldwide NFT Inc.
8395,1004724,RHE-PA,"REGIONAL HEALTH PROPERTIES, INC"
8396,1119897,PCTL,PCT LTD
8397,1756704,SIRC,SOLAR INTEGRATED ROOFING CORP.
8398,1516887,WCUI,"Wellness Center USA, Inc."
8399,829325,SPYR,"SPYR, Inc."
8400,1600132,BLPH,"Bellerophon Therapeutics, Inc."
8401,96699,TCCO,TECHNICAL COMMUNICATIONS CORP
8402,1162283,MGHL,MORGAN GROUP HOLDING CO
8403,84129,RADCQ,RITE AID CORP
8404,1653606,EHVVF,"Ehave, Inc."
8405,879682,VIVE,"VIVEVE MEDICAL, INC."
8406,1498372,IWAL,iWallet Corp
8407,1540615,PUGE,"PUGET TECHNOLOGIES, INC."
8408,1343465,SNPW,Sun Pacific Holding Corp.
8409,1165639,CLTS,EARTH LIFE SCIENCES INC
8410,1458023,FKST,"Flowerkist Skin Care & Cosmetics, Inc."
8411,1450307,COUV,CORPORATE UNIVERSE INC
8412,1451448,GMBL,"ESPORTS ENTERTAINMENT GROUP, INC."
8413,1946585,TKMO,"Tekumo, Inc."
8414,1435181,PHBI,Pharmagreen Biotech Inc.
8415,225211,TGHI,Touchpoint Group Holdings Inc.
8416,1413488,CBGL,"CANNABIS GLOBAL, INC."
8417,1983389,GYGC,Guyana Gold Corp
8418,1839730,SLHGF,Skylight Health Group Inc.
8419,1874138,SHGI,"Sparx Holdings Group, Inc."
8420,1078207,BFXXQ,BOWFLEX INC.
8421,1664127,ALTD,"ALTITUDE INTERNATIONAL HOLDINGS, INC."
8422,1528172,ENDV,"ENDONOVO THERAPEUTICS, INC."
8423,1496671,CALA,"Calithera Biosciences, Inc."
8424,1317880,PLPL,"Plandai Biotechnology, Inc."
8425,1584831,OXBRW,OXBRIDGE RE HOLDINGS Ltd
8426,1017110,GTHR,GENETHERA INC
8427,1553264,APSI,AQUA POWER SYSTEMS INC.
8428,1525852,BTZI,"BOTS, Inc./PR"
8429,1486452,MASN,"Maison Luxe, Inc."
8430,1411906,AMPE,"Ampio Pharmaceuticals, Inc."
8431,1791929,DPUI,"DISCOUNT PRINT USA, INC."
8432,1776932,MMNFQ,"MedMen Enterprises, Inc."
8433,1863116,AERS,Aerius International Inc.
8434,1305323,ZVOI,Zovio Inc
8435,1144169,ECOX,"ECO INNOVATION GROUP, INC."
8436,1370496,MLLOF,Medallion Resources Ltd
8437,1404935,THCT,"THC Therapeutics, Inc."
8438,1715032,WTII,"Water Technologies International,Inc."
8439,787496,UBYH,UBUYHOLDINGS INC
8440,1178727,COMS,COMSovereign Holding Corp.
8441,1351573,PHCG,"Pure Harvest Corporate Group, Inc."
8442,1795851,FAVO,"Favo Capital, Inc."
8443,1138608,BLMS,"BLOOMIOS, INC."
8444,1472847,HVCW,HARRISON VICKERS & WATERMAN INC
8445,1563463,NLBS,"NUTRALIFE BIOSCIENCES, INC"
8446,1114898,WNBD,Winning Brands Corp
8447,1652842,URYL,TrueNorth Quantum Inc.
8448,819926,SEII,SHARING ECONOMY INTERNATIONAL INC.
8449,1394638,DWAY,"Driveitaway Holdings, Inc."
8450,825322,XDSL,"MPHASE TECHNOLOGIES, INC."
8451,889353,JMTM,James Maritime Holdings Inc.
8452,8328,AMNL,"Applied Minerals, Inc."
8453,1558465,PGAS,"PETROGRESS, INC"
8454,1300524,AMIH,AMERICAN INTERNATIONAL HOLDINGS CORP.
8455,1590383,RENO,"RENOVARE ENVIRONMENTAL, INC."
8456,1819876,TRIRF,"Triterras, Inc."
8457,1821075,SFRT,"Appreciate Holdings, Inc."
8458,1463459,EMGE,Emergent Health Corp.
8459,1126115,LZGI,"LZG INTERNATIONAL, INC."
8460,1575659,RTSL,"Rapid Therapeutic Science Laboratories, Inc."
8461,1274032,SIMPQ,"Simply, Inc."
8462,1106861,FZRO,FLASHZERO CORP.
8463,1550020,EWLL,eWELLNESS HEALTHCARE Corp
8464,1499275,SANP,SANTO MINING CORP.
8465,1832415,BTTX,"Better Therapeutics, Inc."
8466,1372183,NXTP,NextPlay Technologies Inc.
8467,1694665,EVLO,"Evelo Biosciences, Inc."
8468,1705682,VNTRF,Venator Materials PLC
8469,1751299,KLDO,"Kaleido Biosciences, Inc."
8470,1532595,SINC,Sincerity Applied Materials Holdings Corp.
8471,1353499,MAXD,Max Sound Corp
8472,1119643,NPHC,NUTRA PHARMA CORP
8473,1122742,FERL,"FEARLESS FILMS, INC."
8474,1805024,AMHG,Amergent Hospitality Group Inc.
8475,920990,WOWI,METRO ONE TELECOMMUNICATIONS INC
8476,1084577,CYRNQ,CYREN Ltd.
8477,1358656,MILC,Millennium Sustainable Ventures Corp.
8478,1345865,BABL,Buildablock Corp.
8479,1430523,VRUS,"VERUS INTERNATIONAL, INC."
8480,1532390,WTER,ALKALINE WATER Co INC
8481,1368620,CNNA,Cann American Corp.
8482,1081938,CPMD,"CANNAPHARMARX, INC."
8483,810509,NAVB,"NAVIDEA BIOPHARMACEUTICALS, INC."
8484,772320,CRXM,"Gene Biotherapeutics, Inc."
8485,1493712,CMXC,Cell MedX Corp.
8486,1346526,GTBT,"ESP Resources, Inc."
8487,70858,BAC-PL,BANK OF AMERICA CORP /DE/
8488,70858,BAC-PM,BANK OF AMERICA CORP /DE/
8489,70858,BAC-PN,BANK OF AMERICA CORP /DE/
8490,70858,BAC-PO,BANK OF AMERICA CORP /DE/
8491,70858,BAC-PP,BANK OF AMERICA CORP /DE/
8492,70858,BAC-PQ,BANK OF AMERICA CORP /DE/
8493,70858,BAC-PS,BANK OF AMERICA CORP /DE/
8494,70858,BACRP,BANK OF AMERICA CORP /DE/
8495,947263,TDOPF,TORONTO DOMINION BANK
8496,947263,TDBCP,TORONTO DOMINION BANK
8497,947263,TDOMF,TORONTO DOMINION BANK
8498,70858,MER-PK,BANK OF AMERICA CORP /DE/
8499,936528,WAFDP,WAFD INC
8500,1838987,CSLRW,"Complete Solaria, Inc."
8501,883948,AUB-PA,Atlantic Union Bankshares Corp
8502,1255474,WLLBW,Whiting Holdings LLC
8503,1255474,WLLAW,Whiting Holdings LLC
8504,1716951,OCCIN,"OFS Credit Company, Inc."
8505,1716951,OCCIO,"OFS Credit Company, Inc."
8506,1644771,RMPL-P,"RiverNorth Capital & Income Fund, Inc."
8507,1816708,OWLTW,"Owlet, Inc."
8508,1673481,LTRYW,Lottery.com Inc.
8509,1871983,ANGHW,Anghami Inc
8510,1870143,RCFA-UN,Perception Capital Corp. IV
8511,1870143,RCFA-WT,Perception Capital Corp. IV
8512,1527590,RCB,Ready Capital Corp
8513,1527590,RCC,Ready Capital Corp
8514,1527590,RC-PC,Ready Capital Corp
8515,1527590,RC-PE,Ready Capital Corp
8516,1898795,LVWR-WT,"LiveWire Group, Inc."
8517,1872812,TCBPW,TC BioPharm (Holdings) plc
8518,1487428,HTFB,Horizon Technology Finance Corp
8519,1487428,HTFC,Horizon Technology Finance Corp
8520,1868573,APXIU,APx Acquisition Corp. I
8521,1868573,APXIW,APx Acquisition Corp. I
8522,1823794,ARKOW,ARKO Corp.
8523,1840292,HLGNW,"Heliogen, Inc."
8524,1840199,WALDW,Waldencast plc
8525,1691421,LMND-WT,"Lemonade, Inc."
8526,727273,CDZIP,CADIZ INC
8527,1856995,MCAAU,Mountain & Co. I Acquisition Corp.
8528,1856995,MCAAW,Mountain & Co. I Acquisition Corp.
8529,1561032,HTIBP,"Healthcare Trust, Inc."
8530,1582581,VJTTY,voxeljet AG
8531,203596,WSBCP,WESBANCO INC
8532,1679688,DBRG-PH,"DigitalBridge Group, Inc."
8533,1679688,DBRG-PI,"DigitalBridge Group, Inc."
8534,1679688,DBRG-PJ,"DigitalBridge Group, Inc."
8535,1851612,BHACU,Focus Impact BH3 Acquisition Co
8536,1851612,BHACW,Focus Impact BH3 Acquisition Co
8537,907254,BFS-PE,"SAUL CENTERS, INC."
8538,1937737,MLECW,Moolec Science SA
8539,1509589,CIVII,"CIVITAS RESOURCES, INC."
8540,1509589,CIVIW,"CIVITAS RESOURCES, INC."
8541,1831868,ICUCW,SeaStar Medical Holding Corp
8542,1512673,BSQKZ,"Block, Inc."
8543,1144800,TSLTF,TRANSALTA CORP
8544,1144800,TACPF,TRANSALTA CORP
8545,1690012,ICRP,"InPoint Commercial Real Estate Income, Inc."
8546,1830188,UHGWW,"United Homes Group, Inc."
8547,876378,TRXDW,"ASENSUS SURGICAL, INC."
8548,1562528,FBRT-PE,"Franklin BSP Realty Trust, Inc."
8549,1712762,BIAFW,"bioAffinity Technologies, Inc."
8550,1830029,GRDIW,GRIID Infrastructure Inc.
8551,1794846,ATCOL,Atlas Corp.
8552,1794846,ATCO-PD,Atlas Corp.
8553,1794846,ATCO-PH,Atlas Corp.
8554,1000275,RBMCF,ROYAL BANK OF CANADA
8555,1000275,RYLBF,ROYAL BANK OF CANADA
8556,947263,TDBKF,TORONTO DOMINION BANK
8557,947263,TNTTF,TORONTO DOMINION BANK
8558,1836875,NVVEW,Nuvve Holding Corp.
8559,886163,LGNZZ,LIGAND PHARMACEUTICALS INC
8560,886163,LGNDZ,LIGAND PHARMACEUTICALS INC
8561,886163,LGNXZ,LIGAND PHARMACEUTICALS INC
8562,886163,LGNYZ,LIGAND PHARMACEUTICALS INC
8563,860748,KMPB,KEMPER Corp
8564,1819438,GWH-WT,"ESS Tech, Inc."
8565,1831978,NBSTU,Newbury Street Acquisition Corp
8566,1831978,NBSTW,Newbury Street Acquisition Corp
8567,1802450,LIFWW,"MSP Recovery, Inc."
8568,1802450,LIFWZ,"MSP Recovery, Inc."
8569,1796514,BTCTW,BTC Digital Ltd.
8570,1862150,CINGW,Cingulate Inc.
8571,886744,GERNW,GERON CORP
8572,1651944,DMTWQ,"DermTech, Inc."
8573,712534,FRMEP,FIRST MERCHANTS CORP
8574,1779128,BLDEW,"Blade Air Mobility, Inc."
8575,1505611,DPSIP,"DecisionPoint Systems, Inc."
8576,1781162,MNTSW,Momentus Inc.
8577,61398,TELZ,TELLURIAN INC. /DE/
8578,1862068,RBTCW,"Rubicon Technologies, Inc."
8579,1858681,APOS,"Apollo Global Management, Inc."
8580,14272,CELG-RI,BRISTOL MYERS SQUIBB CO
8581,1830033,PCTTU,"PureCycle Technologies, Inc."
8582,1830033,PCTTW,"PureCycle Technologies, Inc."
8583,1896212,CDTTW,CONDUIT PHARMACEUTICALS INC.
8584,895728,EBGEF,ENBRIDGE INC
8585,895728,EBRGF,ENBRIDGE INC
8586,895728,ENBFF,ENBRIDGE INC
8587,895728,ENBGF,ENBRIDGE INC
8588,895728,ENBRF,ENBRIDGE INC
8589,895728,ENNPF,ENBRIDGE INC
8590,895728,EBBGF,ENBRIDGE INC
8591,895728,ENBNF,ENBRIDGE INC
8592,895728,ENBHF,ENBRIDGE INC
8593,895728,ENBMF,ENBRIDGE INC
8594,895728,ENBOF,ENBRIDGE INC
8595,895728,EBRZF,ENBRIDGE INC
8596,1357671,CRTDW,"Creatd, Inc."
8597,1883984,ACLEW,"Alternus Clean Energy, Inc."
8598,18654,AILIO,Ameren Illinois Co
8599,18654,AILIP,Ameren Illinois Co
8600,1718224,BTBDW,"BT Brands, Inc."
8601,1853047,HUDAR,Hudson Acquisition I Corp.
8602,1680935,HHEGF,Huahui Education Group Ltd
8603,1853047,HUDAU,Hudson Acquisition I Corp.
8604,1866838,IGTAR,Inception Growth Acquisition Ltd
8605,1866838,IGTAU,Inception Growth Acquisition Ltd
8606,1866838,IGTAW,Inception Growth Acquisition Ltd
8607,1893219,ACABU,Atlantic Coastal Acquisition Corp. II
8608,1893219,ACABW,Atlantic Coastal Acquisition Corp. II
8609,1946399,LSBPW,"LakeShore Biopharma Co., Ltd."
8610,1873441,BCSAU,Blockchain Coinvestors Acquisition Corp. I
8611,1873441,BCSAW,Blockchain Coinvestors Acquisition Corp. I
8612,1295810,SHO-PH,"Sunstone Hotel Investors, Inc."
8613,1824403,RSVRW,"Reservoir Media, Inc."
8614,1850502,NFYS-UN,Enphys Acquisition Corp.
8615,1850502,NFYS-WT,Enphys Acquisition Corp.
8616,1321741,GAINN,GLADSTONE INVESTMENT CORPORATIONDE
8617,1321741,GAINZ,GLADSTONE INVESTMENT CORPORATIONDE
8618,1845097,AMBP-WT,Ardagh Metal Packaging S.A.
8619,1104038,VRMEW,"VerifyMe, Inc."
8620,1840856,SOUNW,"SOUNDHOUND AI, INC."
8621,1678130,OPP-PA,"RiverNorth/DoubleLine Strategic Opportunity Fund, Inc."
8622,1678130,OPP-PB,"RiverNorth/DoubleLine Strategic Opportunity Fund, Inc."
8623,1836981,BBAI-WT,"BigBear.ai Holdings, Inc."
8624,910073,NYCB-PU,"NEW YORK COMMUNITY BANCORP, INC."
8625,1086888,MNLCF,MANULIFE FINANCIAL CORP
8626,1854149,ANSCW,Agriculture & Natural Solutions Acquisition Corp
8627,1854149,ANSCU,Agriculture & Natural Solutions Acquisition Corp
8628,821130,UZD,UNITED STATES CELLULAR CORP
8629,821130,UZE,UNITED STATES CELLULAR CORP
8630,821130,UZF,UNITED STATES CELLULAR CORP
8631,1086888,MNQFF,MANULIFE FINANCIAL CORP
8632,1086888,MNUFF,MANULIFE FINANCIAL CORP
8633,1862463,INAQU,Insight Acquisition Corp. /DE
8634,1862463,INAQW,Insight Acquisition Corp. /DE
8635,936340,DTB,DTE ENERGY CO
8636,1295810,SHO-PI,"Sunstone Hotel Investors, Inc."
8637,936340,DTG,DTE ENERGY CO
8638,1849635,DJTWW,Trump Media & Technology Group Corp.
8639,1855756,LILMW,Lilium N.V.
8640,1787518,NUKKW,Nukkleus Inc.
8641,947484,ACGLN,ARCH CAPITAL GROUP LTD.
8642,1805521,FFIEW,FARADAY FUTURE INTELLIGENT ELECTRIC INC.
8643,920112,HTLFP,HEARTLAND FINANCIAL USA INC
8644,1487918,OFSSH,OFS Capital Corp
8645,1096691,PTNRF,PARTNER COMMUNICATIONS CO LTD
8646,1136174,OTRKP,"Ontrak, Inc."
8647,1936702,CETUR,Cetus Capital Acquisition Corp.
8648,1936702,CETUU,Cetus Capital Acquisition Corp.
8649,1936702,CETUW,Cetus Capital Acquisition Corp.
8650,1462223,RCRTW,"Recruiter.com Group, Inc."
8651,1496099,NMFCZ,New Mountain Finance Corp
8652,946486,WINTW,WINDTREE THERAPEUTICS INC /DE/
8653,1089907,SWKHL,SWK Holdings Corp
8654,81023,PNMXO,PUBLIC SERVICE CO OF NEW MEXICO
8655,1645873,MDV-PA,"Modiv Industrial, Inc."
8656,46195,BOH-PA,BANK OF HAWAII CORP
8657,46195,BOH-PB,BANK OF HAWAII CORP
8658,1852016,AEAEU,AltEnergy Acquisition Corp
8659,1852016,AEAEW,AltEnergy Acquisition Corp
8660,1721386,LSEAW,Landsea Homes Corp
8661,1863719,MNTN-UN,Everest Consolidator Acquisition Corp
8662,1863719,MNTN-WT,Everest Consolidator Acquisition Corp
8663,1889123,EMLDU,FTAC Emerald Acquisition Corp.
8664,1889123,EMLDW,FTAC Emerald Acquisition Corp.
8665,1055160,MFAO,"MFA FINANCIAL, INC."
8666,1055160,MFAN,"MFA FINANCIAL, INC."
8667,1055160,MFA-PC,"MFA FINANCIAL, INC."
8668,791908,XOMAO,XOMA Corp
8669,791908,XOMAP,XOMA Corp
8670,1970509,HYAC-UN,Haymaker Acquisition Corp. 4
8671,1970509,HYAC-WT,Haymaker Acquisition Corp. 4
8672,1937987,FBYDW,"Falcon's Beyond Global, Inc."
8673,1212545,WAL-PA,WESTERN ALLIANCE BANCORPORATION
8674,1234006,GOODN,GLADSTONE COMMERCIAL CORP
8675,1234006,GOODO,GLADSTONE COMMERCIAL CORP
8676,1854963,SHFSW,"SHF Holdings, Inc."
8677,1834526,GPATW,GP-Act III Acquisition Corp.
8678,1834526,GPATU,GP-Act III Acquisition Corp.
8679,17313,CSWCZ,CAPITAL SOUTHWEST CORP
8680,1818550,ICDX,Incordex Corp.
8681,1621221,ATLEW,"ARTELO BIOSCIENCES, INC."
8682,1850262,INTEU,Integral Acquisition Corp 1
8683,1850262,INTEW,Integral Acquisition Corp 1
8684,1847577,LCW-UN,Learn CW Investment Corp
8685,1847577,LCW-WT,Learn CW Investment Corp
8686,1603016,HMLPF,Hoegh LNG Partners LP
8687,1657853,HTZWW,"HERTZ GLOBAL HOLDINGS, INC"
8688,1894693,SVREW,SaverOne 2014 Ltd.
8689,1864032,ADRT-UN,Ault Disruptive Technologies Corp
8690,1864032,ADRTW,Ault Disruptive Technologies Corp
8691,1101026,ZIVOW,"Zivo Bioscience, Inc."
8692,1740915,FTCHQ,Farfetch Ltd
8693,1852633,PNST-WT,"Pinstripes Holdings, Inc."
8694,1348362,LEXXW,Lexaria Bioscience Corp.
8695,1818674,SYBE,SYBLEU Inc
8696,1793229,MPLNW,MultiPlan Corp
8697,37996,F-PB,FORD MOTOR CO
8698,37996,F-PC,FORD MOTOR CO
8699,37996,F-PD,FORD MOTOR CO
8700,1828937,FOACW,Finance of America Companies Inc.
8701,1947244,USGOW,U.S. GoldMining Inc.
8702,1851909,CDAQU,Compass Digital Acquisition Corp.
8703,1851909,CDAQW,Compass Digital Acquisition Corp.
8704,88948,SENEM,Seneca Foods Corp
8705,707388,STRRP,"STAR EQUITY HOLDINGS, INC."
8706,88948,SENEL,Seneca Foods Corp
8707,1907425,JOCM,JOCOM HOLDINGS CORP.
8708,13372,NSARO,NSTAR ELECTRIC CO
8709,13372,NSARP,NSTAR ELECTRIC CO
8710,823277,CHSCL,CHS INC
8711,823277,CHSCM,CHS INC
8712,823277,CHSCN,CHS INC
8713,823277,CHSCO,CHS INC
8714,1820144,GRND-WT,Grindr Inc.
8715,1682220,SACH-PA,Sachem Capital Corp.
8716,1682220,SCCC,Sachem Capital Corp.
8717,1682220,SCCD,Sachem Capital Corp.
8718,1682220,SCCE,Sachem Capital Corp.
8719,1682220,SCCF,Sachem Capital Corp.
8720,1682220,SCCG,Sachem Capital Corp.
8721,1682220,SACC,Sachem Capital Corp.
8722,1832511,PIIIW,P3 Health Partners Inc.
8723,1824920,IONQ-WT,"IonQ, Inc."
8724,1851961,GCTS-WT,"GCT Semiconductor Holding, Inc."
8725,1498233,CPTNW,"Cepton, Inc."
8726,1840317,PLMIW,Plum Acquisition Corp. I
8727,1840317,PLMIU,Plum Acquisition Corp. I
8728,1861622,JTAIW,Jet.AI Inc.
8729,1861622,JTAIZ,Jet.AI Inc.
8730,1819794,HTOOW,Fusion Fuel Green PLC
8731,1866501,WBX-WT,Wallbox N.V.
8732,1476963,SCPXD,"Scorpius Holdings, Inc."
8733,1703644,GPMT-PA,Granite Point Mortgage Trust Inc.
8734,1393311,PSA-PL,Public Storage
8735,1393311,PSA-PM,Public Storage
8736,1393311,PSA-PN,Public Storage
8737,1393311,PSA-PO,Public Storage
8738,1393311,PSA-PP,Public Storage
8739,1393311,PSA-PQ,Public Storage
8740,1393311,PSA-PR,Public Storage
8741,1393311,PSA-PS,Public Storage
8742,1735041,GTECW,Greenland Technologies Holding Corp.
8743,1393311,PSA-PI,Public Storage
8744,1393311,PSA-PJ,Public Storage
8745,1393311,PSA-PF,Public Storage
8746,1393311,PSA-PG,Public Storage
8747,1889983,KVACU,Keen Vision Acquisition Corp.
8748,1889983,KVACW,Keen Vision Acquisition Corp.
8749,1633336,FCRX,"Crescent Capital BDC, Inc."
8750,1895262,NE-WTA,Noble Corp plc
8751,1895262,NE-WT,Noble Corp plc
8752,1895262,NBLWF,Noble Corp plc
8753,1840780,LOCLW,Local Bounti Corporation/DE
8754,1875091,NRSNW,NeuroSense Therapeutics Ltd.
8755,1932737,NWTNW,"NWTN, Inc."
8756,1004702,OCFCP,OCEANFIRST FINANCIAL CORP
8757,1509470,SSSSL,SURO CAPITAL CORP.
8758,1944212,DYCQU,DT Cloud Acquisition Corp
8759,1944212,DYCQR,DT Cloud Acquisition Corp
8760,1340476,DESLF,DIRTT ENVIRONMENTAL SOLUTIONS LTD
8761,1992243,FREY-WT,"FREYR Battery, Inc. /DE/"
8762,1796949,GFLT,"GenFlat Holdings, Inc."
8763,1859690,ARQQW,Arqit Quantum Inc.
8764,1819516,WSUPW,Wheels Up Experience Inc.
8765,1864943,FGIWW,FGI Industries Ltd.
8766,1845815,PAYOW,Payoneer Global Inc.
8767,1787412,WBBAD,"WB Burgers Asia, Inc."
8768,1726079,TMEF,"Tipmefast, Inc."
8769,1333986,EQH-PA,"Equitable Holdings, Inc."
8770,1333986,EQH-PC,"Equitable Holdings, Inc."
8771,1841209,HOLOW,MicroCloud Hologram Inc.
8772,1660734,TRTN-PB,Triton International Ltd
8773,1660734,TRTN-PC,Triton International Ltd
8774,1660734,TRTN-PD,Triton International Ltd
8775,1660734,TRTN-PE,Triton International Ltd
8776,1865468,KACLR,Kairous Acquisition Corp. Ltd
8777,1865468,KACLU,Kairous Acquisition Corp. Ltd
8778,1865468,KACLW,Kairous Acquisition Corp. Ltd
8779,100826,UEPCO,UNION ELECTRIC CO
8780,1848898,AAGRW,African Agriculture Holdings Inc.
8781,1888654,FEAV,"5E Advanced Materials, Inc."
8782,1847345,PWUPU,PowerUp Acquisition Corp.
8783,1847345,PWUPW,PowerUp Acquisition Corp.
8784,1805077,EOSEW,"Eos Energy Enterprises, Inc."
8785,1869858,SSUNF,SIGNA Sports United N.V.
8786,1828105,HIPO-WT,Hippo Holdings Inc.
8787,1841761,GROVW,"Grove Collaborative Holdings, Inc."
8788,1934850,FGN,"F&G Annuities & Life, Inc."
8789,75208,OGSRW,OVERSEAS SHIPHOLDING GROUP INC
8790,1838359,RGTIW,"Rigetti Computing, Inc."
8791,1466026,MSBIP,"Midland States Bancorp, Inc."
8792,1937891,ATMVR,AlphaVest Acquisition Corp.
8793,1937891,ATMVU,AlphaVest Acquisition Corp.
8794,1737995,STSSW,Sharps Technology Inc.
8795,1922097,LANV-WT,Lanvin Group Holdings Ltd
8796,1886190,GGROW,Gogoro Inc.
8797,1839519,CFFSU,CF Acquisition Corp. VII
8798,1839519,CFFSW,CF Acquisition Corp. VII
8799,1854816,MINR,Minerva Gold Inc.
8800,1708176,HOFVW,Hall of Fame Resort & Entertainment Co
8801,1844452,LUNRW,"Intuitive Machines, Inc."
8802,845877,AGM-PE,FEDERAL AGRICULTURAL MORTGAGE CORP
8803,845877,AGM-PF,FEDERAL AGRICULTURAL MORTGAGE CORP
8804,845877,AGM-PG,FEDERAL AGRICULTURAL MORTGAGE CORP
8805,1409493,CIMN,CHIMERA INVESTMENT CORP
8806,1546066,PPLOF,PEMBINA PIPELINE CORP
8807,1546066,PBNAF,PEMBINA PIPELINE CORP
8808,1546066,PMBPF,PEMBINA PIPELINE CORP
8809,1546066,PMMBF,PEMBINA PIPELINE CORP
8810,1546066,PPLAF,PEMBINA PIPELINE CORP
8811,1801602,SBIGW,"SpringBig Holdings, Inc."
8812,1845437,NPWR-WT,NET Power Inc.
8813,1985062,PBMWW,PSYENCE BIOMEDICAL LTD.
8814,1818502,OPFI-WT,OppFi Inc.
8815,1497645,INN-PF,"Summit Hotel Properties, Inc."
8816,915191,FRFZF,FAIRFAX FINANCIAL HOLDINGS LTD/ CAN
8817,2003750,MGSD,"Maitong Sunshine Cultural Development Co., Ltd"
8818,1846975,SEDA-UN,SDCL EDGE Acquisition Corp
8819,1846975,SEDA-WT,SDCL EDGE Acquisition Corp
8820,915191,FFHPF,FAIRFAX FINANCIAL HOLDINGS LTD/ CAN
8821,915191,FXFHF,FAIRFAX FINANCIAL HOLDINGS LTD/ CAN
8822,915191,FAXRF,FAIRFAX FINANCIAL HOLDINGS LTD/ CAN
8823,1791706,LAAOF,Li Auto Inc.
8824,1877557,WEL-UN,Integrated Wellness Acquisition Corp
8825,1877557,WEL-WT,Integrated Wellness Acquisition Corp
8826,1042046,AFGD,AMERICAN FINANCIAL GROUP INC
8827,1042046,AFGE,AMERICAN FINANCIAL GROUP INC
8828,1042046,AFGB,AMERICAN FINANCIAL GROUP INC
8829,1324948,RBCP,RBC Bearings INC
8830,1905660,HUBCW,Hub Cyber Security Ltd.
8831,1905660,HUBCZ,Hub Cyber Security Ltd.
8832,1846750,TCOA-UN,Zalatoris Acquisition Corp.
8833,1846750,TCOA-WT,Zalatoris Acquisition Corp.
8834,1833835,PSFE-WT,Paysafe Ltd
8835,1885408,JFBRW,Jeffs' Brands Ltd
8836,1576018,SPNT-PB,SiriusPoint Ltd
8837,1576018,SSPFF,SiriusPoint Ltd
8838,1000209,MBNKP,MEDALLION FINANCIAL CORP
8839,1883085,PGYWW,Pagaya Technologies Ltd.
8840,1738758,GSMGW,"Cheer Holding, Inc."
8841,1335105,LIXTW,"LIXTE BIOTECHNOLOGY HOLDINGS, INC."
8842,1554625,PRIF-PI,"Priority Income Fund, Inc."
8843,1554625,PRIF-PJ,"Priority Income Fund, Inc."
8844,1554625,PRIF-PK,"Priority Income Fund, Inc."
8845,1554625,PRIF-PL,"Priority Income Fund, Inc."
8846,1554625,PRIF-PD,"Priority Income Fund, Inc."
8847,1554625,PRIF-PF,"Priority Income Fund, Inc."
8848,1554625,PRIF-PG,"Priority Income Fund, Inc."
8849,1554625,PRIF-PH,"Priority Income Fund, Inc."
8850,898174,RZC,REINSURANCE GROUP OF AMERICA INC
8851,1276187,ET-PI,Energy Transfer LP
8852,1847075,SAITW,SAI.TECH Global Corp
8853,18349,SNV-PE,SYNOVUS FINANCIAL CORP
8854,1624326,PAVMZ,PAVmed Inc.
8855,1840425,BLACR,Bellevue Life Sciences Acquisition Corp.
8856,1840425,BLACU,Bellevue Life Sciences Acquisition Corp.
8857,1840425,BLACW,Bellevue Life Sciences Acquisition Corp.
8858,2010930,ALFUU,Centurion Acquisition Corp.
8859,1631596,KREF-PA,KKR Real Estate Finance Trust Inc.
8860,1846084,JETBF,Global Crossing Airlines Group Inc.
8861,1868419,WAVSU,Western Acquisition Ventures Corp.
8862,1868419,WAVSW,Western Acquisition Ventures Corp.
8863,1881741,AOGOU,Arogo Capital Acquisition Corp.
8864,1881741,AOGOW,Arogo Capital Acquisition Corp.
8865,1687187,METCB,"Ramaco Resources, Inc."
8866,1687187,METCL,"Ramaco Resources, Inc."
8867,1075415,DHCNI,DIVERSIFIED HEALTHCARE TRUST
8868,1075415,DHCNL,DIVERSIFIED HEALTHCARE TRUST
8869,1903464,AIMAU,Aimfinity Investment Corp. I
8870,1903464,AIMAW,Aimfinity Investment Corp. I
8871,1903464,AIMBU,Aimfinity Investment Corp. I
8872,1635077,ACONW,"Aclarion, Inc."
8873,1825248,FRBP,Franklin BSP Capital Corp
8874,1770141,UPHLW,"UpHealth, Inc."
8875,896429,CTLPP,"CANTALOUPE, INC."
8876,1869974,OCEAW,"Ocean Biomedical, Inc."
8877,28917,DDT,"DILLARD'S, INC."
8878,66570,MNESP,MSA Safety Inc
8879,1953984,BCGWW,"Binah Capital Group, Inc."
8880,1143513,GLADZ,GLADSTONE CAPITAL CORP
8881,1819493,XOSWW,"Xos, Inc."
8882,1709682,CTOSW,"Custom Truck One Source, Inc."
8883,1831979,SDSTW,Stardust Power Inc.
8884,1685040,BHFAM,"Brighthouse Financial, Inc."
8885,1685040,BHFAN,"Brighthouse Financial, Inc."
8886,1685040,BHFAO,"Brighthouse Financial, Inc."
8887,1814287,ABLLL,"Abacus Life, Inc."
8888,1814287,ABLLW,"Abacus Life, Inc."
8889,1861121,EVE-UN,EVe Mobility Acquisition Corp
8890,1861121,EVE-WT,EVe Mobility Acquisition Corp
8891,1753539,BKSY-WT,BlackSky Technology Inc.
8892,1648087,AREBW,AMERICAN REBEL HOLDINGS INC
8893,1281895,RCKTW,"ROCKET PHARMACEUTICALS, INC."
8894,1855467,MOBXW,"MOBIX LABS, INC"
8895,1267238,AIZN,"ASSURANT, INC."
8896,1839530,XBPEW,"XBP Europe Holdings, Inc."
8897,1844419,MAQCU,Maquia Capital Acquisition Corp
8898,1844419,MAQCW,Maquia Capital Acquisition Corp
8899,1843370,BLEUR,bleuacacia ltd
8900,1843370,BLEUU,bleuacacia ltd
8901,1843370,BLEUW,bleuacacia ltd
8902,49196,HBANM,HUNTINGTON BANCSHARES INC /MD/
8903,49196,HBANP,HUNTINGTON BANCSHARES INC /MD/
8904,49196,HBANL,HUNTINGTON BANCSHARES INC /MD/
8905,1895144,GODNU,Golden Star Acquisition Corp
8906,1895144,GODNR,Golden Star Acquisition Corp
8907,1032208,SREA,SEMPRA
8908,831609,CWLXF,C21 Investments Inc.
8909,1964021,NCNCW,noco-noco Inc.
8910,1705012,FATBP,"Fat Brands, Inc"
8911,1705012,FATBW,"Fat Brands, Inc"
8912,1882464,MSSAR,Metal Sky Star Acquisition Corp
8913,1882464,MSSAU,Metal Sky Star Acquisition Corp
8914,1882464,MSSAW,Metal Sky Star Acquisition Corp
8915,1446457,BLIDF,Boliden AB
8916,1538118,YKLTF,"Yakult Honsha Co., LTD/ADR"
8917,1904616,BAKR,Baker Global Asset Management Inc.
8918,808219,MHGUP,MERITAGE HOSPITALITY GROUP INC
8919,1446250,BYMOF,Bayerische Motoren Werke AG/ADR
8920,1956237,ALMP,Almco Plumbing Inc
8921,1969766,SEPSF,Asep Medical Holdings Inc.
8922,1004724,RHEPB,"REGIONAL HEALTH PROPERTIES, INC"
8923,1332349,BKDT,Brookdale Senior Living Inc.
8924,1860871,TVGNW,Tevogen Bio Holdings Inc.
8925,1895249,MCACR,"ConnectM Technology Solutions, Inc."
8926,1895249,MCACU,"ConnectM Technology Solutions, Inc."
8927,1895249,MCACW,"ConnectM Technology Solutions, Inc."
8928,1412100,MHNC,"Maiden Holdings, Ltd."
8929,1823466,NOTE-WT,"FiscalNote Holdings, Inc."
8930,1907223,WENAW,"ANEW Medical, Inc."
8931,1479247,CPER,United States Commodity Index Funds Trust
8932,1479247,USCI,United States Commodity Index Funds Trust
8933,1841425,VGASW,"Verde Clean Fuels, Inc."
8934,883569,FOSLL,"Fossil Group, Inc."
8935,1488813,CUBB,"Customers Bancorp, Inc."
8936,1690080,ATNFW,180 Life Sciences Corp.
8937,1423689,AGNCL,AGNC Investment Corp.
8938,2016420,CHEB-UN,Chenghe Acquisition II Co.
8939,1423689,AGNCO,AGNC Investment Corp.
8940,1423689,AGNCP,AGNC Investment Corp.
8941,1889450,FTIIU,FutureTech II Acquisition Corp.
8942,1889450,FTIIW,FutureTech II Acquisition Corp.
8943,1962746,LOTWW,Lotus Technology Inc.
8944,1855485,CLDI-WT,"Calidi Biotherapeutics, Inc."
8945,1848821,GTACU,Global Technology Acquisition Corp. I
8946,1848821,GTACW,Global Technology Acquisition Corp. I
8947,1769624,AGBAW,AGBA Group Holding Ltd.
8948,92230,TFC-PO,TRUIST FINANCIAL CORP
8949,92230,TFC-PR,TRUIST FINANCIAL CORP
8950,92230,TFC-PI,TRUIST FINANCIAL CORP
8951,1535778,MSCF,"MSC INCOME FUND, INC."
8952,1830214,DNA-WT,"Ginkgo Bioworks Holdings, Inc."
8953,915913,ALB-PA,ALBEMARLE CORP
8954,1693577,MNSBP,"MainStreet Bancshares, Inc."
8955,1915380,DMYY-UN,"dMY Squared Technology Group, Inc."
8956,1915380,DMYY-WT,"dMY Squared Technology Group, Inc."
8957,1520504,CTTRF,"Controladora Vuela Compania de Aviacion, S.A.B. de C.V."
8958,1909417,SLNAW,SELINA HOSPITALITY PLC
8959,1852039,FILG,Grayscale Filecoin Trust (FIL)
8960,1865631,NXNVW,NEXTNAV INC.
8961,1865631,NNAVW,NEXTNAV INC.
8962,1620179,XELAP,"Exela Technologies, Inc."
8963,922247,CYTHW,"Cyclo Therapeutics, Inc."
8964,1628171,RVMDW,"Revolution Medicines, Inc."
8965,1137774,PRH,PRUDENTIAL FINANCIAL INC
8966,1137774,PRS,PRUDENTIAL FINANCIAL INC
8967,1137774,PFH,PRUDENTIAL FINANCIAL INC
8968,11544,WRB-PF,BERKLEY W R CORP
8969,11544,WRB-PG,BERKLEY W R CORP
8970,11544,WRB-PH,BERKLEY W R CORP
8971,1805385,EVLVW,"Evolv Technologies Holdings, Inc."
8972,1834045,VWEWW,"Vintage Wine Estates, Inc."
8973,6176,AP-WT,AMPCO PITTSBURGH CORP
8974,1296884,LHTV,"Lightstone Value Plus REIT I, Inc."
8975,1698514,NESRW,National Energy Services Reunited Corp.
8976,1701963,VSSYW,Versus Systems Inc.
8977,107815,WELPM,WISCONSIN ELECTRIC POWER CO
8978,2002038,LEGT-WT,Legato Merger Corp. III
8979,2002038,LEGT-UN,Legato Merger Corp. III
8980,1341317,BWBBP,Bridgewater Bancshares Inc
8981,1987240,SHMDW,SCHMID Group N.V.
8982,1946563,SXTPW,"60 DEGREES PHARMACEUTICALS, INC."
8983,1848739,GDEVW,GDEV Inc.
8984,1922331,GLSTR,Global Star Acquisition Inc.
8985,1922331,GLSTU,Global Star Acquisition Inc.
8986,1922331,GLSTW,Global Star Acquisition Inc.
8987,948320,LFMDP,"LifeMD, Inc."
8988,1855457,KORGW,"KORE Group Holdings, Inc."
8989,1677250,ZTOEF,ZTO Express (Cayman) Inc.
8990,1980845,ENGNW,enGene Holdings Inc.
8991,1651308,BEIGF,"BeiGene, Ltd."
8992,1547546,LFT-PA,"Lument Finance Trust, Inc."
8993,1819810,RDW-WT,Redwire Corp
8994,1867956,LKRY,Linktory Inc.
8995,1883983,VSACU,VISION SENSING ACQUISITION CORP.
8996,1903870,AFRIW,Forafric Global PLC
8997,1804469,GFAIW,"Guardforce AI Co., Ltd."
8998,1883983,VSACW,VISION SENSING ACQUISITION CORP.
8999,1915328,ISRLU,Israel Acquisitions Corp
9000,1915328,ISRLW,Israel Acquisitions Corp
9001,1917993,GSTK,Growth Stalk Holdings Corp
9002,1950429,NNAGR,99 Acquisition Group Inc.
9003,1950429,NNAGW,99 Acquisition Group Inc.
9004,1950429,NNAGU,99 Acquisition Group Inc.
9005,886982,GSCE,GOLDMAN SACHS GROUP INC
9006,1898416,ALVOW,Alvotech
9007,1816233,SHCRW,"Sharecare, Inc."
9008,1163739,NBRWF,NABORS INDUSTRIES LTD
9009,1817232,HGASW,Global Gas Corp
9010,1131554,SNCRL,SYNCHRONOSS TECHNOLOGIES INC
9011,1518461,AMPGW,"AmpliTech Group, Inc."
9012,1527352,NXLIW,"Nexalin Technology, Inc."
9013,1963088,ATCHW,"AtlasClear Holdings, Inc."
9014,1826889,BODYW,"Beachbody Company, Inc."
9015,1940674,SMXWW,SMX (Security Matters) Public Ltd Co
9016,1857855,FNVTU,Finnovate Acquisition Corp.
9017,1857855,FNVTW,Finnovate Acquisition Corp.
9018,1356115,NXDT-PA,NEXPOINT DIVERSIFIED REAL ESTATE TRUST
9019,1785424,KPLTW,"Katapult Holdings, Inc."
9020,1087711,STNDF,Santander UK plc
9021,1087711,SNTUF,Santander UK plc
9022,1887673,WLDSW,Wearable Devices Ltd.
9023,1261249,AGXRW,AGILE THERAPEUTICS INC
9024,1428205,ARR-PC,"Armour Residential REIT, Inc."
9025,1490349,PFXNZ,PhenixFIN Corp
9026,2012807,RFAIU,RF Acquisition Corp II
9027,2012807,RFAIR,RF Acquisition Corp II
9028,1841003,STCWS,StartEngine Collectibles Fund I LLC
9029,1434389,UNSS,"UNIVERSAL SOLAR TECHNOLOGY, INC."
9030,1856961,BOCNU,Blue Ocean Acquisition Corp
9031,1856961,BOCNW,Blue Ocean Acquisition Corp
9032,1860879,RRAC-UN,Rigel Resource Acquisition Corp.
9033,1860879,RRAC-WT,Rigel Resource Acquisition Corp.
9034,1550913,AENPP,"MacKenzie Realty Capital, Inc."
9035,1550913,MKZR,"MacKenzie Realty Capital, Inc."
9036,1260729,GDV-PK,GABELLI DIVIDEND & INCOME TRUST
9037,1838876,GSLR,"GeoSolar Technologies, Inc."
9038,1004315,NMPWP,NATIONAL GRID PLC
9039,1004315,NEWEN,NATIONAL GRID PLC
9040,1004315,NMKCP,NATIONAL GRID PLC
9041,1004315,NMKBP,NATIONAL GRID PLC
9042,1630472,TRTX-PC,"TPG RE Finance Trust, Inc."
9043,91576,KEY-PL,KEYCORP /NEW/
9044,1901886,AFARU,Aura Fat Projects Acquisition Corp
9045,1901886,AFARW,Aura Fat Projects Acquisition Corp
9046,1801417,BYNOU,byNordic Acquisition Corp
9047,1801417,BYNOW,byNordic Acquisition Corp
9048,1640043,PXSAP,Pyxis Tankers Inc.
9049,1640043,PXSAW,Pyxis Tankers Inc.
9050,1965143,NVNIW,Nvni Group Ltd
9051,1326160,DUKB,Duke Energy CORP
9052,1297996,DLR-PL,"DIGITAL REALTY TRUST, INC."
9053,1842556,HNRA-WT,HNR Acquisition Corp.
9054,1901336,ALCYW,Alchemy Investments Acquisition Corp 1
9055,1901336,ALCYU,Alchemy Investments Acquisition Corp 1
9056,1476045,CLDT-PA,Chatham Lodging Trust
9057,1915403,STXYF,SatixFy Communications Ltd.
9058,826675,DX-PC,DYNEX CAPITAL INC
9059,1752828,CELUW,Celularity Inc
9060,1860805,ASTLW,Algoma Steel Group Inc.
9061,1278752,MFICL,MidCap Financial Investment Corp
9062,1909770,KHOB,KHEOBA CORP.
9063,1805833,SST-WT,"System1, Inc."
9064,1848334,OKMN,"OKMIN RESOURCES, INC."
9065,1253986,ABR-PD,ARBOR REALTY TRUST INC
9066,1253986,ABR-PE,ARBOR REALTY TRUST INC
9067,1253986,ABR-PF,ARBOR REALTY TRUST INC
9068,1619312,LTSV,"Lightstone Value Plus REIT IV, Inc."
9069,1484515,CJRCF,China Resources Cement Holdings Limited/ADR/
9070,1545772,BPYPM,Brookfield Property Partners L.P.
9071,1545772,BPYPN,Brookfield Property Partners L.P.
9072,1545772,BPYPO,Brookfield Property Partners L.P.
9073,1947861,NMHIW,Nature's Miracle Holding Inc.
9074,1357878,RGPX,"REGENEREX PHARMA, INC."
9075,1758699,TRSO,TRANSUITE.ORG INC.
9076,949039,DODRW,"DIAMOND OFFSHORE DRILLING, INC."
9077,1468608,VODAF,Vodacom Group Ltd / ADR
9078,1015328,WTFCP,WINTRUST FINANCIAL CORP
9079,1840502,TBLAW,Taboola.com Ltd.
9080,1849380,ONMDW,OneMedNet Corp
9081,1974044,MNYWW,MoneyHero Ltd
9082,879911,AERGP,"APPLIED ENERGETICS, INC."
9083,1080657,SQFTP,"Presidio Property Trust, Inc."
9084,1080657,SQFTW,"Presidio Property Trust, Inc."
9085,1875547,LCFYW,Locafy Ltd
9086,1864531,VSEEW,"VSEE HEALTH, INC."
9087,1779372,BEATW,"HeartBeam, Inc."
9088,1779020,DNMRW,"Danimer Scientific, Inc."
9089,1431852,ODVWZ,Osisko Development Corp.
9090,1349706,TOGIW,"TurnOnGreen, Inc."
9091,1824502,ACHR-WT,Archer Aviation Inc.
9092,1844981,FAASW,DIGIASIA CORP.
9093,1826667,TLSIW,"TriSalus Life Sciences, Inc."
9094,1946573,KDLYW,"Kindly MD, Inc."
9095,1355096,QRTEP,"Qurate Retail, Inc."
9096,1852353,DC-WT,Dakota Gold Corp.
9097,1776909,CURIW,CuriosityStream Inc.
9098,1866226,WTMAR,Welsbach Technology Metals Acquisition Corp.
9099,1866226,WTMAU,Welsbach Technology Metals Acquisition Corp.
9100,1876716,ASCBR,ASPAC II Acquisition Corp.
9101,1876716,ASCBU,ASPAC II Acquisition Corp.
9102,1876716,ASCBW,ASPAC II Acquisition Corp.
9103,1849737,PLAOU,Patria Latin American Opportunity Acquisition Corp.
9104,1849737,PLAOW,Patria Latin American Opportunity Acquisition Corp.
9105,1847440,MITAU,Coliseum Acquisition Corp.
9106,1847440,MITAW,Coliseum Acquisition Corp.
9107,1784851,SHPWW,"Shapeways Holdings, Inc."
9108,1784851,SHPWQ,"Shapeways Holdings, Inc."
9109,1848861,HAIAU,Healthcare AI Acquisition Corp.
9110,1848861,HAIAW,Healthcare AI Acquisition Corp.
9111,1625414,BAZNF,Baozun Inc.
9112,1964630,VSTEW,Vast Renewables Ltd
9113,1831481,SOC-WT,Sable Offshore Corp.
9114,1798562,TMCWW,TMC the metals Co Inc.
9115,1843714,ZPTAW,Zapata Computing Holdings Inc.
9116,1851959,CNDA-UN,Concord Acquisition Corp II
9117,1851959,CNDA-WT,Concord Acquisition Corp II
9118,1852536,ITOR,"Intorio, Corp."
9119,1824893,SRZNW,"Surrozen, Inc./DE"
9120,1815849,ATIPW,"ATI Physical Therapy, Inc."
9121,1845123,IVCPU,Swiftmerge Acquisition Corp.
9122,1845123,IVCPW,Swiftmerge Acquisition Corp.
9123,1648960,DATSW,"DatChat, Inc."
9124,1934064,OSPWQ,"ProSomnus, Inc."
9125,1534525,XBIOW,"Xenetic Biosciences, Inc."
9126,1876945,GRAMW,Gold Flora Corp.
9127,1287032,PSEC-PA,PROSPECT CAPITAL CORP
9128,1502292,CNFRZ,"Conifer Holdings, Inc."
9129,1826681,PDYNW,Palladyne AI Corp.
9130,1411342,EFC-PE,Ellington Financial Inc.
9131,1411342,EFC-PD,Ellington Financial Inc.
9132,1411342,EFC-PA,Ellington Financial Inc.
9133,1411342,EFC-PB,Ellington Financial Inc.
9134,1411342,EFC-PC,Ellington Financial Inc.
9135,1799983,GB-WT,Global Blue Group Holding AG
9136,1935033,KMFG,KEEMO Fashion Group Ltd
9137,1780312,ASTSW,"AST SpaceMobile, Inc."
9138,929008,WCC-PA,WESCO INTERNATIONAL INC
9139,1868269,LATGU,Chenghe Acquisition I Co.
9140,1868269,LATGF,Chenghe Acquisition I Co.
9141,1501072,RIV-PA,"RIVERNORTH OPPORTUNITIES FUND, INC."
9142,1941536,BAERW,"Bridger Aerospace Group Holdings, Inc."
9143,1769116,VIAOY,VIA optronics AG
9144,1587987,NEWTL,"NewtekOne, Inc."
9145,1587987,NEWTZ,"NewtekOne, Inc."
9146,1587987,NEWTG,"NewtekOne, Inc."
9147,1823000,CNXXW,CONX Corp.
9148,1332551,ACR-PC,ACRES Commercial Realty Corp.
9149,1332551,ACR-PD,ACRES Commercial Realty Corp.
9150,1890671,DUETU,DUET Acquisition Corp.
9151,1890671,DUETW,DUET Acquisition Corp.
9152,1774675,SKILW,Skillsoft Corp.
9153,1539638,TFINP,"Triumph Financial, Inc."
9154,1747009,EQTNP,Midstream Co LLC
9155,874710,AHPIQ,ALLIED HEALTHCARE PRODUCTS INC
9156,1981462,LDTCW,LeddarTech Holdings Inc.
9157,832489,GOVXW,"GeoVax Labs, Inc."
9158,1372920,NWOEF,New Oriental Education & Technology Group Inc.
9159,1845550,PLMJU,Plum Acquisition Corp. III
9160,1845550,PLMJW,Plum Acquisition Corp. III
9161,1590715,ARECW,American Resources Corp
9162,1843477,SVIIR,Spring Valley Acquisition Corp. II
9163,1843477,SVIIU,Spring Valley Acquisition Corp. II
9164,1979005,AFJKR,"Aimei Health Technology Co., Ltd."
9165,1979005,AFJKU,"Aimei Health Technology Co., Ltd."
9166,1843477,SVIIW,Spring Valley Acquisition Corp. II
9167,1880661,TPGXL,TPG Inc.
9168,1406234,BIPH,Brookfield Infrastructure Partners L.P.
9169,1406234,BRIPF,Brookfield Infrastructure Partners L.P.
9170,1406234,BIPJ,Brookfield Infrastructure Partners L.P.
9171,1406234,BIPI,Brookfield Infrastructure Partners L.P.
9172,1406234,BIP-PA,Brookfield Infrastructure Partners L.P.
9173,1406234,BIP-PB,Brookfield Infrastructure Partners L.P.
9174,1856031,SEATW,Vivid Seats Inc.
9175,1865200,PORTW,Southport Acquisition Corp
9176,1865200,PORTU,Southport Acquisition Corp
9177,1939937,LMMY,L A M Y
9178,1452804,RMHI,"Retrieve Medical Holdings, Inc."
9179,1298946,DRH-PA,DiamondRock Hospitality Co
9180,1865506,ZEOWW,Zeo Energy Corp.
9181,1821424,UKOMW,Ucommune International Ltd
9182,1703079,XFLT-PA,XAI Octagon Floating Rate & Alternative Income Trust
9183,1956055,BUJAW,Bukit Jalil Global Acquisition 1 Ltd.
9184,1956055,BUJAU,Bukit Jalil Global Acquisition 1 Ltd.
9185,1956055,BUJAR,Bukit Jalil Global Acquisition 1 Ltd.
9186,1775734,BENFW,Beneficient
9187,92108,SOCGM,SOUTHERN CALIFORNIA GAS CO
9188,1847462,AYWWF,Ayr Wellness Inc.
9189,1821159,EVGOW,EVgo Inc.
9190,1377936,SAT,SARATOGA INVESTMENT CORP.
9191,1377936,SAY,SARATOGA INVESTMENT CORP.
9192,1377936,SAZ,SARATOGA INVESTMENT CORP.
9193,1377936,SAJ,SARATOGA INVESTMENT CORP.
9194,1034670,ALIV,AUTOLIV INC
9195,1084267,MOBQW,"Mobiquity Technologies, Inc."
9196,720005,RJF-PB,RAYMOND JAMES FINANCIAL INC
9197,718940,BCEFF,BCE INC
9198,718940,BCEPF,BCE INC
9199,718940,BCEIF,BCE INC
9200,718940,BCEXF,BCE INC
9201,718940,BCPPF,BCE INC
9202,1267395,AHL-PE,ASPEN INSURANCE HOLDINGS LTD
9203,1527541,WHLRL,"Wheeler Real Estate Investment Trust, Inc."
9204,1969475,BAYAR,Bayview Acquisition Corp
9205,1969475,BAYAU,Bayview Acquisition Corp
9206,1843993,THCPU,"Thunder Bridge Capital Partners IV, Inc."
9207,1843993,THCPW,"Thunder Bridge Capital Partners IV, Inc."
9208,1879814,TLGYU,TLGY ACQUISITION CORP
9209,1879814,TLGYW,TLGY ACQUISITION CORP
9210,1232384,TCENF,TC ENERGY CORP
9211,1232384,TCNCF,TC ENERGY CORP
9212,1232384,TRPRF,TC ENERGY CORP
9213,1232384,TCEYF,TC ENERGY CORP
9214,1232384,TRPPF,TC ENERGY CORP
9215,1232384,TRPEF,TC ENERGY CORP
9216,1831359,JWSM-UN,Jaws Mustang Acquisition Corp
9217,1831359,JWSM-WT,Jaws Mustang Acquisition Corp
9218,1630805,BWNB,"Babcock & Wilcox Enterprises, Inc."
9219,1630805,BW-PA,"Babcock & Wilcox Enterprises, Inc."
9220,1630805,BWSN,"Babcock & Wilcox Enterprises, Inc."
9221,1849820,KITTW,"Nauticus Robotics, Inc."
9222,1990145,NUVOW,Holdco Nuvo Group D.G Ltd.
9223,1865248,CMCAW,Capitalworks Emerging Markets Acquisition Corp
9224,1501729,FSEN,FS Specialty Lending Fund
9225,1526125,GDHLF,GDS Holdings Ltd
9226,1883788,DHAIW,"DIH HOLDING US, INC."
9227,1866816,OPTXW,"SYNTEC OPTICS HOLDINGS, INC."
9228,1767057,OBTC,Osprey Bitcoin Trust
9229,1820566,ISPOW,Inspirato Inc
9230,1930021,HOVRW,New Horizon Aircraft Ltd.
9231,1870144,CDIOW,"Cardio Diagnostics Holdings, Inc."
9232,1822372,SSRT,Streetex Corp.
9233,68622,CTDD,QWEST CORP
9234,1760689,MVSTW,"Microvast Holdings, Inc."
9235,1995413,CLBR-UN,COLOMBIER ACQUISITION CORP. II
9236,1995413,CLBR-WT,COLOMBIER ACQUISITION CORP. II
9237,1836833,PL-WT,Planet Labs PBC
9238,1711570,URCWF,Uranium Royalty Corp.
9239,1649009,SYTAW,Siyata Mobile Inc.
9240,1889106,ATMCR,ALPHATIME ACQUISITION CORP
9241,1889106,ATMCU,ALPHATIME ACQUISITION CORP
9242,1889106,ATMCW,ALPHATIME ACQUISITION CORP
9243,1708341,AGAEW,Allied Gaming & Entertainment Inc.
9244,1809750,EDBLW,Edible Garden AG Inc
9245,1527166,CGABL,Carlyle Group Inc.
9246,1837929,NPABU,New Providence Acquisition Corp. II
9247,1837929,NPABW,New Providence Acquisition Corp. II
9248,1871321,DRTSW,Alpha Tau Medical Ltd.
9249,798949,UNTCW,UNIT CORP
9250,1807765,PMVCW,PMV Consumer Acquisition Corp.
9251,1506492,NUWEW,"Nuwellis, Inc."
9252,1812173,RBOT-WT,Vicarious Surgical Inc.
9253,1611983,LBRDP,Liberty Broadband Corp
9254,1871638,BRKHU,BurTech Acquisition Corp.
9255,1871638,BRKHW,BurTech Acquisition Corp.
9256,1807765,PMVCD,PMV Consumer Acquisition Corp.
9257,1759824,ALTG-PA,ALTA EQUIPMENT GROUP INC.
9258,1876581,IMPPP,Imperial Petroleum Inc./Marshall Islands
9259,1822791,CLNNW,Clene Inc.
9260,1408534,FGBIP,"First Guaranty Bancshares, Inc."
9261,1115055,PNFPP,PINNACLE FINANCIAL PARTNERS INC
9262,763901,BPOPM,"POPULAR, INC."
9263,1729637,KARX,Karbon-X Corp.
9264,1605888,SQLLW,ATLANTIC INTERNATIONAL CORP.
9265,1414767,NCPLW,Netcapital Inc.
9266,1750153,GOEVW,Canoo Inc.
9267,1034957,CRESW,CRESUD INC
9268,1819142,SES-WT,SES AI Corp
9269,1845459,NKGNW,"NKGen Biotech, Inc."
9270,2000775,BKHAU,Black Hawk Acquisition Corp
9271,2000775,BKHAR,Black Hawk Acquisition Corp
9272,1593773,AMJT,AMJ Global Technology
9273,1830696,GLCP,GLOBAL LEADERS CORP
9274,36104,USB-PS,US BANCORP \DE\
9275,1810560,REVBW,"REVELATION BIOSCIENCES, INC."
9276,1097362,SNLFF,SUN LIFE FINANCIAL INC
9277,1097362,SLFIF,SUN LIFE FINANCIAL INC
9278,1097362,SUNFF,SUN LIFE FINANCIAL INC
9279,1097362,SNLIF,SUN LIFE FINANCIAL INC
9280,1823652,EVEX-WT,"Eve Holding, Inc."
9281,1498382,DMPWW,"Kintara Therapeutics, Inc."
9282,1964504,CLGDF,Aris Mining Corp
9283,913144,RNR-PG,RENAISSANCERE HOLDINGS LTD
9284,72971,WFC-PA,WELLS FARGO & COMPANY/MN
9285,36104,USB-PQ,US BANCORP \DE\
9286,36104,USB-PR,US BANCORP \DE\
9287,72971,WFC-PD,WELLS FARGO & COMPANY/MN
9288,72971,WFC-PZ,WELLS FARGO & COMPANY/MN
9289,1951378,QLUNF,Qilun Group Inc.
9290,72971,WFCNP,WELLS FARGO & COMPANY/MN
9291,862651,INVUP,"Investview, Inc."
9292,1819574,BARK-WT,"Bark, Inc."
9293,1471824,CANE,Teucrium Commodity Trust
9294,1471824,SOYB,Teucrium Commodity Trust
9295,1471824,TAGS,Teucrium Commodity Trust
9296,1471824,WEAT,Teucrium Commodity Trust
9297,1471824,CORN,Teucrium Commodity Trust
9298,1880319,PRMFF,"Perimeter Solutions, SA"
9299,1900402,EVGRU,Evergreen Corp
9300,1900402,EVGRW,Evergreen Corp
9301,1934945,TBMCR,Trailblazer Merger Corp I
9302,1835512,LLAP-WT,Terran Orbital Corp
9303,879101,KIM-PN,KIMCO REALTY CORP
9304,1937441,AMBI-WT,Ambipar Emergency Response
9305,1360214,HROWL,"HARROW, INC."
9306,1360214,HROWM,"HARROW, INC."
9307,1823584,AENTW,ALLIANCE ENTERTAINMENT HOLDING CORP
9308,1852407,FEXDR,Fintech Ecosystem Development Corp.
9309,1852407,FEXDU,Fintech Ecosystem Development Corp.
9310,1852407,FEXDW,Fintech Ecosystem Development Corp.
9311,1894057,PPYAU,Papaya Growth Opportunity Corp. I
9312,1894057,PPYAW,Papaya Growth Opportunity Corp. I
9313,1818382,HUMAW,"Humacyte, Inc."
9314,1627606,DTEAF,DAVIDsTEA Inc.
9315,1719406,NRXPW,"NRX Pharmaceuticals, Inc."
9316,1174169,AQNB,ALGONQUIN POWER & UTILITIES CORP.
9317,1960208,CREVW,Carbon Revolution Public Ltd Co
9318,1174169,AGQPF,ALGONQUIN POWER & UTILITIES CORP.
9319,1552198,WHFCL,"WhiteHorse Finance, Inc."
9320,1918661,ESHAR,ESH Acquisition Corp.
9321,1464423,PMT-PC,PennyMac Mortgage Investment Trust
9322,1609253,CRCQW,California Resources Corp
9323,1779474,MAPSW,"WM TECHNOLOGY, INC."
9324,1965473,CCGWW,Cheche Group Inc.
9325,1464423,PMTU,PennyMac Mortgage Investment Trust
9326,1855474,AIRJW,Montana Technologies Corp.
9327,1879851,TMTCR,TMT Acquisition Corp.
9328,1879851,TMTCU,TMT Acquisition Corp.
9329,1254699,QVCC,QVC INC
9330,921671,GGT-PG,GABELLI MULTIMEDIA TRUST INC.
9331,1096275,WKSPW,Worksport Ltd
9332,1846253,OABIW,"OmniAb, Inc."
9333,772263,NICHD,NITCHES INC
9334,1842566,AISPW,"Airship AI Holdings, Inc."
9335,1486159,OASPW,Chord Energy Corp
9336,1835972,AILEW,"iLearningEngines, Inc."
9337,1725872,BMTX-WT,"BM Technologies, Inc."
9338,1826011,BNZIW,"Banzai International, Inc."
9339,1838162,SLAMW,Slam Corp.
9340,899051,ALL-PI,ALLSTATE CORP
9341,899051,ALL-PJ,ALLSTATE CORP
9342,1859686,SBXC-UN,SilverBox Corp III
9343,1838162,SLAMU,Slam Corp.
9344,1859686,SBXC-WT,SilverBox Corp III
9345,1282957,GLU-PA,GABELLI GLOBAL UTILITY & INCOME TRUST
9346,1675033,GECCM,Great Elm Capital Corp.
9347,1675033,GECCO,Great Elm Capital Corp.
9348,1675033,GECCZ,Great Elm Capital Corp.
9349,1675033,GECCI,Great Elm Capital Corp.
9350,1913577,DECAU,Denali Capital Acquisition Corp.
9351,1913577,DECAW,Denali Capital Acquisition Corp.
9352,1839341,CORZW,"Core Scientific, Inc./tx"
9353,1839341,CORZZ,"Core Scientific, Inc./tx"
9354,1839341,CORZR,"Core Scientific, Inc./tx"
9355,1806347,WESTW,Westrock Coffee Co
9356,1859035,MCAGR,Mountain Crest Acquisition Corp. V
9357,1859035,MCAGU,Mountain Crest Acquisition Corp. V
9358,1853630,HMELF,Hold Me Ltd
9359,1814215,BURUW,"Nuburu, Inc."
9360,1618563,NSA-PB,National Storage Affiliates Trust
9361,1847064,PSQH-WT,"PSQ Holdings, Inc."
9362,1807846,ML-WT,MONEYLION INC.
9363,1503290,ACP-PA,abrdn Income Credit Strategies Fund
9364,1808377,LUCYW,Innovative Eyewear Inc
9365,1786108,TRINL,Trinity Capital Inc.
9366,1786108,TRINZ,Trinity Capital Inc.
9367,1419951,DTSTW,Data Storage Corp
9368,1869601,EMCGR,Embrace Change Acquisition Corp.
9369,1869601,EMCGU,Embrace Change Acquisition Corp.
9370,1869601,EMCGW,Embrace Change Acquisition Corp.
9371,1114446,AMNA,UBS AG
9372,1114446,AMND,UBS AG
9373,1114446,AMTR,UBS AG
9374,1114446,AMUB,UBS AG
9375,1114446,UCIB,UBS AG
9376,1114446,USML,UBS AG
9377,1114446,WUCT,UBS AG
9378,1114446,SMHB,UBS AG
9379,1114446,PFFL,UBS AG
9380,1114446,QULL,UBS AG
9381,1114446,SCDL,UBS AG
9382,1114446,MLPB,UBS AG
9383,1114446,MLPR,UBS AG
9384,1114446,MTUL,UBS AG
9385,1114446,MVRL,UBS AG
9386,1114446,IWDL,UBS AG
9387,1114446,IWFL,UBS AG
9388,1114446,IWML,UBS AG
9389,1114446,HDLB,UBS AG
9390,1114446,IFED,UBS AG
9391,1114446,BDCX,UBS AG
9392,1114446,BDCZ,UBS AG
9393,1114446,CEFD,UBS AG
9394,1114446,DJCB,UBS AG
9395,1114446,ESUS,UBS AG
9396,1114446,FEDL,UBS AG
9397,1482512,HPP-PC,"Hudson Pacific Properties, Inc."
9398,1799191,TOIIW,"Oncology Institute, Inc."
9399,1865111,ALSAR,Alpha Star Acquisition Corp
9400,1865111,ALSAU,Alpha Star Acquisition Corp
9401,1865111,ALSAW,Alpha Star Acquisition Corp
9402,1015383,POWWP,"AMMO, INC."
9403,1716947,ENSCW,"Ensysce Biosciences, Inc."
9404,39263,CFR-PB,"CULLEN/FROST BANKERS, INC."
9405,1654595,MDRRP,"Medalist Diversified REIT, Inc."
9406,1875609,SWVLW,Swvl Holdings Corp
9407,1862935,IFIN-UN,InFinT Acquisition Corp
9408,1863362,PROCW,"Procaps Group, S.A."
9409,811156,CMSC,CMS ENERGY CORP
9410,811156,CMSD,CMS ENERGY CORP
9411,811156,CMS-PC,CMS ENERGY CORP
9412,1849902,SEPAU,SEP Acquisition Corp.
9413,1849902,SEPAW,SEP Acquisition Corp.
9414,1468929,NXGLW,"NEXGEL, INC."
9415,1739174,PHGE-UN,BiomX Inc.
9416,1739174,PHGEW,BiomX Inc.
9417,1653384,RWAYL,Runway Growth Finance Corp.
9418,1653384,RWAYZ,Runway Growth Finance Corp.
9419,1857803,DPCSU,DP Cap Acquisition Corp I
9420,1857803,DPCSW,DP Cap Acquisition Corp I
9421,1853070,SOAR-WT,"Volato Group, Inc."
9422,1651721,GIPRW,"GENERATION INCOME PROPERTIES, INC."
9423,1844417,ESLAW,"Estrella Immunopharma, Inc."
9424,1936804,SDAWW,SunCar Technology Group Inc.
9425,1930313,PTWOU,"Pono Capital Two, Inc."
9426,1930313,PTWOW,"Pono Capital Two, Inc."
9427,1556593,RITM-PA,Rithm Capital Corp.
9428,1556593,RITM-PB,Rithm Capital Corp.
9429,1556593,RITM-PC,Rithm Capital Corp.
9430,1556593,RITM-PD,Rithm Capital Corp.
9431,1868640,RDZNW,Roadzen Inc.
9432,1661053,NVNBW,enVVeno Medical Corp
9433,1894210,QOMOR,Qomolangma Acquisition Corp.
9434,1894210,QOMOU,Qomolangma Acquisition Corp.
9435,1894210,QOMOW,Qomolangma Acquisition Corp.
9436,1998781,IBACR,IB Acquisition Corp.
9437,1914023,ACACU,Acri Capital Acquisition Corp
9438,1914023,ACACW,Acri Capital Acquisition Corp
9439,1039828,ANG-PB,American National Group Inc.
9440,1039828,ANG-PA,American National Group Inc.
9441,1544206,CGBDL,"Carlyle Secured Lending, Inc."
9442,1785592,LFLYW,"Leafly Holdings, Inc. /DE"
9443,1038572,CBDBY,BRAZILIAN DISTRIBUTION CO COMPANHIA BRASILEIRA DE DISTR CBD
9444,1601712,SYF-PA,Synchrony Financial
9445,1601712,SYF-PB,Synchrony Financial
9446,1629019,MBINM,Merchants Bancorp
9447,1629019,MBINN,Merchants Bancorp
9448,1629019,MBINO,Merchants Bancorp
9449,1854183,ORIB,Orion Bliss Corp.
9450,1070050,APCXW,AppTech Payments Corp.
9451,1849058,CLOER,Clover Leaf Capital Corp.
9452,1849058,CLOEU,Clover Leaf Capital Corp.
9453,1815436,MYZQF,Advanced Health Intelligence Ltd
9454,1838513,GATEU,Marblegate Acquisition Corp.
9455,1838513,GATEW,Marblegate Acquisition Corp.
9456,1867443,CNGLU,Canna-Global Acquisition Corp
9457,1867443,CNGLW,Canna-Global Acquisition Corp
9458,1668010,DBGIW,"Digital Brands Group, Inc."
9459,1818644,LIDRW,"AEye, Inc."
9460,1604174,ECCC,Eagle Point Credit Co Inc.
9461,1604174,ECC-PD,Eagle Point Credit Co Inc.
9462,1604174,ECCV,Eagle Point Credit Co Inc.
9463,1604174,ECCF,Eagle Point Credit Co Inc.
9464,1604174,ECCW,Eagle Point Credit Co Inc.
9465,1829247,BFRGW,"BullFrog AI Holdings, Inc."
9466,1698538,STSR,"Strategic Student & Senior Housing Trust, Inc."
9467,1847513,TRONU,CORNER GROWTH ACQUISITION CORP. 2
9468,1847513,TRONW,CORNER GROWTH ACQUISITION CORP. 2
9469,1853816,DRMAW,"Dermata Therapeutics, Inc."
9470,1851484,TENKR,TenX Keane Acquisition
9471,1851484,TENKU,TenX Keane Acquisition
9472,1160106,LLOBF,Lloyds Banking Group plc
9473,1936255,FORLW,Four Leaf Acquisition Corp
9474,1936255,FORLU,Four Leaf Acquisition Corp
9475,1848437,CITEU,Cartica Acquisition Corp
9476,1848437,CITEW,Cartica Acquisition Corp
9477,1131312,ZNOGW,ZION OIL & GAS INC
9478,1918884,MTRC,Metaterra Corp.
9479,1938338,GLTK,GlobalTech Corp
9480,910606,REGCO,REGENCY CENTERS CORP
9481,910606,REGCP,REGENCY CENTERS CORP
9482,1774983,BROGW,Brooge Energy Ltd
9483,1820175,OCAXU,OCA Acquisition Corp.
9484,1820175,OCAXW,OCA Acquisition Corp.
9485,1819395,SONDW,Sonder Holdings Inc.
9486,1512922,PETVW,"PetVivo Holdings, Inc."
9487,1041792,ELPC,ENERGY CO OF PARANA
9488,1857410,IVCBU,Investcorp Europe Acquisition Corp I
9489,1857410,IVCBW,Investcorp Europe Acquisition Corp I
9490,1026214,FREJP,FEDERAL HOME LOAN MORTGAGE CORP
9491,1026214,FMCKK,FEDERAL HOME LOAN MORTGAGE CORP
9492,1792941,GNVR,Genvor Inc
9493,1865120,BRACR,Broad Capital Acquisition Corp
9494,1865120,BRACU,Broad Capital Acquisition Corp
9495,857855,UCBIO,UNITED COMMUNITY BANKS INC
9496,1464790,RILYG,"B. Riley Financial, Inc."
9497,1464790,RILYK,"B. Riley Financial, Inc."
9498,1464790,RILYL,"B. Riley Financial, Inc."
9499,1464790,RILYM,"B. Riley Financial, Inc."
9500,1695519,ATGAF,AltaGas Ltd.
9501,1695519,ATGPF,AltaGas Ltd.
9502,1861063,AQUNR,Aquaron Acquisition Corp.
9503,1861063,AQUNU,Aquaron Acquisition Corp.
9504,1464790,RILYN,"B. Riley Financial, Inc."
9505,1464790,RILYP,"B. Riley Financial, Inc."
9506,1464790,RILYT,"B. Riley Financial, Inc."
9507,1464790,RILYZ,"B. Riley Financial, Inc."
9508,1588272,NXPT,"NexPoint Capital, Inc."
9509,1822928,HLLY-WT,Holley Inc.
9510,1145255,HNNAZ,HENNESSY ADVISORS INC
9511,312070,ATMP,BARCLAYS BANK PLC
9512,312070,BWVTF,BARCLAYS BANK PLC
9513,312070,COWTF,BARCLAYS BANK PLC
9514,312070,DJP,BARCLAYS BANK PLC
9515,312070,VXZ,BARCLAYS BANK PLC
9516,312070,VXX,BARCLAYS BANK PLC
9517,312070,PGMFF,BARCLAYS BANK PLC
9518,312070,GRN,BARCLAYS BANK PLC
9519,312070,JJCTF,BARCLAYS BANK PLC
9520,312070,JJETF,BARCLAYS BANK PLC
9521,312070,JJGTF,BARCLAYS BANK PLC
9522,753308,NEE-PS,NEXTERA ENERGY INC
9523,753308,NEE-PN,NEXTERA ENERGY INC
9524,753308,NEE-PR,NEXTERA ENERGY INC
9525,320335,GL-PD,GLOBE LIFE INC.
9526,1899830,PERF-WT,Perfect Corp.
9527,1912461,SKGRU,SK Growth Opportunities Corp
9528,1912461,SKGRW,SK Growth Opportunities Corp
9529,1175483,DSHKN,Drive Shack Inc.
9530,1175483,DSHKO,Drive Shack Inc.
9531,1175483,DSHKP,Drive Shack Inc.
9532,910267,TTNPW,TITAN PHARMACEUTICALS INC
9533,1825079,VLD-WT,"Velo3D, Inc."
9534,911421,PREJF,PARTNERRE LTD
9535,911421,PRE-PJ,PARTNERRE LTD
9536,1853397,ZLSWU,Zalatoris II Acquisition Corp
9537,1853397,ZLSWW,Zalatoris II Acquisition Corp
9538,1901203,IROHR,Iron Horse Acquisitions Corp.
9539,1901203,IROHW,Iron Horse Acquisitions Corp.
9540,1901203,IROHU,Iron Horse Acquisitions Corp.
9541,720672,SF-PC,STIFEL FINANCIAL CORP
9542,720672,SF-PD,STIFEL FINANCIAL CORP
9543,1910975,RPDL,Rapid Line Inc.
9544,720672,SFB,STIFEL FINANCIAL CORP
9545,1844862,SLDPW,"Solid Power, Inc."
9546,736772,CCNEP,CNB FINANCIAL CORP/PA
9547,1803901,TALKW,"Talkspace, Inc."
9548,1941189,TANAF,Tian'an Technology Group Ltd
9549,1676047,NTRBW,NutriBand Inc.
9550,1825452,ONFOW,"Onfolio Holdings, Inc"
9551,1847846,EUDAW,EUDA Health Holdings Ltd
9552,897802,SPE-PC,"SPECIAL OPPORTUNITIES FUND, INC."
9553,72573,MOVAA,MOVADO GROUP INC
9554,1849294,FRLAU,Fortune Rise Acquisition Corp
9555,1849294,FRLAW,Fortune Rise Acquisition Corp
9556,700564,FULTP,FULTON FINANCIAL CORP
9557,1840776,HGTPW,"Hagerty, Inc."
9558,1663038,QTZM,Quantumzyme Corp.
9559,1400810,HCIIP,"HCI Group, Inc."
9560,1883814,SLND-WT,"Southland Holdings, Inc."
9561,1852973,BRLSW,Borealis Foods Inc.
9562,1691936,SNAXW,"STRYVE FOODS, INC."
9563,1849396,TTTPF,Nexxen International Ltd.
9564,1843973,FLYX-WT,FLYEXCLUSIVE INC.
9565,59558,LNC-PD,LINCOLN NATIONAL CORP
9566,1447100,YMHAY,"Yamaha Motor Co., Ltd."
9567,1959994,COOTW,Australian Oilseeds Holdings Ltd
9568,1845942,BNIXR,Bannix Acquisition Corp.
9569,1845942,BNIXW,Bannix Acquisition Corp.
9570,1744676,TCMEF,Tencent Music Entertainment Group
9571,1744494,ADNWW,"ADVENT TECHNOLOGIES HOLDINGS, INC."
9572,1880441,BFAC-UN,Battery Future Acquisition Corp.
9573,1880441,BFAC-WT,Battery Future Acquisition Corp.
9574,1378701,GDL-PC,GDL FUND
9575,2006291,CCIXU,Churchill Capital Corp IX/Cayman
9576,2006291,CCIXW,Churchill Capital Corp IX/Cayman
9577,1951089,CRMLW,Critical Metals Corp.
9578,1979484,ABVEW,Above Food Ingredients Inc.
9579,920822,OUTFF,OUTOKUMPU OY /FI
9580,1875931,OFSWF,Carbon Streaming Corp
9581,1768126,REAES,"RSE Archive, LLC"
9582,1947158,SRKKS,Public Shrek Royalties LLC
9583,861967,WOLTF,WOLTERS KLUWER N V /FI
9584,2015955,CUBWU,Lionheart Holdings
9585,64463,SLNHP,"Soluna Holdings, Inc"
9586,1061219,EPDU,ENTERPRISE PRODUCTS PARTNERS L.P.
9587,1467505,RECX,"Planet Resource Recovery, Inc."
9588,1555812,SMKUF,Siam Makro Public Co Limited/ADR
9589,1534281,MBUMF,"Mabuchi Motor Co., Ltd./ADR"
9590,1839586,DMXCF,District Metals Corp.
9591,1039610,ELCPF,EDP ENERGIAS DE PORTUGAL SA
9592,110095,NISUF,NIPPON SUISAN KAISHA LTD /ADR/
9593,1496254,LTAFX,Alternative Strategies Income Fund
9594,1496254,LTCFX,Alternative Strategies Income Fund
9595,1995306,SPHIF,SUPER HI INTERNATIONAL HOLDING LTD.
9596,1472033,JTGLF,"Citibank,N.A./ADR"
9597,1992818,ZOOZW,ZOOZ Power Ltd.
9598,1332174,ISMCF,iShares S&P GSCI Commodity-Indexed Trust
9599,1467845,KUSA,"Kashin, Inc."
9600,801337,WBS-PG,WEBSTER FINANCIAL CORP
9601,1894630,GHIXU,"Gores Holdings IX, Inc."
9602,1894630,GHIXW,"Gores Holdings IX, Inc."
9603,1788841,MCOMW,micromobility.com Inc.
9604,1345126,CODI-PC,Compass Diversified Holdings
9605,759944,CFG-PE,CITIZENS FINANCIAL GROUP INC/RI
9606,759944,CFG-PH,CITIZENS FINANCIAL GROUP INC/RI
9607,930236,RWTO,REDWOOD TRUST INC
9608,930236,RWT-PA,REDWOOD TRUST INC
9609,930236,RWTN,REDWOOD TRUST INC
9610,1514281,MITT-PC,"AG Mortgage Investment Trust, Inc."
9611,1514281,MITN,"AG Mortgage Investment Trust, Inc."
9612,1514281,MITP,"AG Mortgage Investment Trust, Inc."
9613,1831096,GEGGL,"Great Elm Group, Inc."
9614,1756404,PDSKX,Principal Real Asset Fund
9615,921638,SSRGF,SSR MINING INC.
9616,1812727,RELIW,"Reliance Global Group, Inc."
9617,1562463,INBKZ,First Internet Bancorp
9618,1336364,GIGGF,Giga Metals Corp
9619,1583771,CTRVP,"Hepion Pharmaceuticals, Inc."
9620,1606268,VIASP,"Via Renewables, Inc."
9621,14930,BC-PA,BRUNSWICK CORP
9622,14930,BC-PB,BRUNSWICK CORP
9623,14930,BC-PC,BRUNSWICK CORP
9624,769594,NPPXF,NIPPON TELEGRAPH & TELEPHONE CORP
9625,1957489,ABLVW,Able View Global Inc.
9626,1022899,PTIXW,"Protagenic Therapeutics, Inc.\new"
9627,92103,SCE-PN,SOUTHERN CALIFORNIA EDISON Co
9628,92103,SCE-PM,SOUTHERN CALIFORNIA EDISON Co
9629,92103,SCE-PJ,SOUTHERN CALIFORNIA EDISON Co
9630,92103,SCE-PK,SOUTHERN CALIFORNIA EDISON Co
9631,92103,SCE-PL,SOUTHERN CALIFORNIA EDISON Co
9632,92103,SCE-PG,SOUTHERN CALIFORNIA EDISON Co
9633,92103,SCE-PH,SOUTHERN CALIFORNIA EDISON Co
9634,1848672,GDLG,Glidelogic Corp.
9635,1846809,OTAC,OceanTech Acquisitions I Corp.
9636,1967478,CAPTW,Captivision Inc.
9637,1400891,IHETW,"iHeartMedia, Inc."
9638,1957538,ESGLW,ESGL Holdings Ltd
9639,1858028,NOVVR,Nova Vision Acquisition Corp
9640,1858028,NOVVU,Nova Vision Acquisition Corp
9641,1858028,NOVVW,Nova Vision Acquisition Corp
9642,1527469,ATHS,Athene Holding Ltd.
9643,1527469,ATH-PB,Athene Holding Ltd.
9644,1527469,ATH-PC,Athene Holding Ltd.
9645,1527469,ATH-PD,Athene Holding Ltd.
9646,1527469,ATH-PE,Athene Holding Ltd.
9647,1585389,SSST,"SmartStop Self Storage REIT, Inc."
9648,1848756,PHYT-WT,Pyrophyte Acquisition Corp.
9649,1848756,PHYT-UN,Pyrophyte Acquisition Corp.
9650,1372514,KPHMW,KIORA PHARMACEUTICALS INC
9651,1843656,RMCOW,Royalty Management Holding Corp
9652,1931055,MDNC,Medinotec Inc.
9653,1501697,XFOWW,"X4 Pharmaceuticals, Inc"
9654,899689,VNO-PN,VORNADO REALTY TRUST
9655,899689,VNO-PO,VORNADO REALTY TRUST
9656,1820302,BKKT-WT,"Bakkt Holdings, Inc."
9657,925741,BCDAW,"BioCardia, Inc."
9658,1852061,GAQUF,Generation Asia I Acquisition Ltd
9659,1852061,GAQWF,Generation Asia I Acquisition Ltd
9660,1822966,SMR-WT,NUSCALE POWER Corp
9661,1759186,COEPW,"Coeptis Therapeutics Holdings, Inc."
9662,1820875,CXAIW,CXApp Inc.
9663,1874315,SATLW,Satellogic Inc.
9664,1880431,VHAI-WTB,Vocodia Holdings Corp
9665,1464343,ATLCL,Atlanticus Holdings Corp
9666,1464343,ATLCP,Atlanticus Holdings Corp
9667,1464343,ATLCZ,Atlanticus Holdings Corp
9668,1880431,VHAI-WTA,Vocodia Holdings Corp
9669,1718405,HYMCL,HYCROFT MINING HOLDING CORP
9670,36966,FHN-PB,FIRST HORIZON CORP
9671,36966,FHN-PC,FIRST HORIZON CORP
9672,36966,FHN-PE,FIRST HORIZON CORP
9673,36966,FHN-PF,FIRST HORIZON CORP
9674,1166663,TEN-PE,TSAKOS ENERGY NAVIGATION LTD
9675,1166663,TEN-PF,TSAKOS ENERGY NAVIGATION LTD
9676,1834032,CSTUF,Constellation Acquisition Corp I
9677,1834032,CSTWF,Constellation Acquisition Corp I
9678,1308106,SEAL-PA,Seapeak LLC
9679,1308106,SEAL-PB,Seapeak LLC
9680,1800392,VENAF,MicroAlgo Inc.
9681,1820190,SCLXW,Scilex Holding Co
9682,1856161,PRLHU,Pearl Holdings Acquisition Corp
9683,1856161,PRLHW,Pearl Holdings Acquisition Corp
9684,1847241,PEGRU,Project Energy Reimagined Acquisition Corp.
9685,1847241,PEGRW,Project Energy Reimagined Acquisition Corp.
9686,1077428,TCBIO,TEXAS CAPITAL BANCSHARES INC/TX
9687,1833214,SABSW,"SAB Biotherapeutics, Inc."
9688,1849548,ONYXU,Onyx Acquisition Co. I
9689,1849548,ONYXW,Onyx Acquisition Co. I
9690,1661779,STGC,"STARTENGINE CROWDFUNDING, INC."
9691,1818331,WGSWW,GeneDx Holdings Corp.
9692,1855631,AWINW,AERWINS Technologies Inc.
9693,1988776,MRNOW,Murano Global Investments Plc
9694,1722438,DOMAW,"Doma Holdings, Inc."
9695,1752474,KLDIW,KLDiscovery Inc.
9696,1863006,VLN-WT,Valens Semiconductor Ltd.
9697,1380365,IDKOF,"IDEMITSU KOSAN CO., LTD"
9698,1389207,GFSAY,Gafisa S.A.
9699,1706795,BYCBF,Barry Callebaut AG/ADR
9700,1474098,PEB-PG,Pebblebrook Hotel Trust
9701,831001,C-PN,CITIGROUP INC
9702,1953575,CNLMF,Collective Mining Ltd.
9703,1533232,BEPH,Brookfield Renewable Partners L.P.
9704,1533232,BEPI,Brookfield Renewable Partners L.P.
9705,1533232,BEP-PA,Brookfield Renewable Partners L.P.
9706,1533232,BRENF,Brookfield Renewable Partners L.P.
9707,1533232,BEPJ,Brookfield Renewable Partners L.P.
9708,1474098,PEB-PH,Pebblebrook Hotel Trust
9709,1852019,IXAQU,IX Acquisition Corp.
9710,1852019,IXAQW,IX Acquisition Corp.
9711,1865861,CCTSU,Cactus Acquisition Corp. 1 Ltd
9712,1865861,CCTSW,Cactus Acquisition Corp. 1 Ltd
9713,1727255,COBA,Chilean Cobalt Corp.
9714,1852889,IVCAU,Investcorp India Acquisition Corp
9715,1852889,IVCAW,Investcorp India Acquisition Corp
9716,66004,MSEXP,MIDDLESEX WATER CO
9717,1392694,SURGW,"SurgePays, Inc."
9718,1552000,MPLXP,MPLX LP
9719,1903392,CLRCR,ClimateRock
9720,1903392,CLRCU,ClimateRock
9721,1903392,CLRCW,ClimateRock
9722,1532619,PW-PA,Power REIT
9723,1823144,CMPOW,"CompoSecure, Inc."
9724,1839608,GETRW,"Getaround, Inc"
9725,1419554,BBLGW,Bone Biologics Corp
9726,927628,COF-PK,CAPITAL ONE FINANCIAL CORP
9727,927628,COF-PL,CAPITAL ONE FINANCIAL CORP
9728,927628,COF-PN,CAPITAL ONE FINANCIAL CORP
9729,927628,COF-PI,CAPITAL ONE FINANCIAL CORP
9730,927628,COF-PJ,CAPITAL ONE FINANCIAL CORP
9731,769218,AEFC,AEGON LTD.
9732,1723580,BFIIW,"BurgerFi International, Inc."
9733,1816431,QSIAW,Quantum-Si Inc
9734,1854480,FIACU,Focus Impact Acquisition Corp.
9735,1854480,FIACW,Focus Impact Acquisition Corp.
9736,1333172,NMPGY,Navios Maritime Holdings Inc.
9737,1333172,NMPRY,Navios Maritime Holdings Inc.
9738,1644903,YCBD-PA,"cbdMD, Inc."
9739,1800347,ETWO-WT,"E2open Parent Holdings, Inc."
9740,1889823,KWESW,KWESST Micro Systems Inc.
9741,1884046,SPKLU,Spark I Acquisition Corp
9742,1884046,SPKLW,Spark I Acquisition Corp
9743,1889112,RENEU,Cartesian Growth Corp II
9744,1889112,RENEW,Cartesian Growth Corp II
9745,701818,KGCRF,KINROSS GOLD CORP
9746,1835654,INVZW,Innoviz Technologies Ltd.
9747,1854587,CLBTW,Cellebrite DI Ltd.
9748,1836100,PUCKU,Goal Acquisitions Corp.
9749,1836100,PUCKW,Goal Acquisitions Corp.
9750,1456772,OPINL,OFFICE PROPERTIES INCOME TRUST
9751,98222,TDDWW,TIDEWATER INC
9752,98222,TDGMW,TIDEWATER INC
9753,98222,TDW-WT,TIDEWATER INC
9754,1495240,LANDO,GLADSTONE LAND Corp
9755,1900679,TETEU,Technology & Telecommunication Acquisition Corp
9756,1900679,TETEW,Technology & Telecommunication Acquisition Corp
9757,1899287,AMPX-WT,"Amprius Technologies, Inc."
9758,1844149,SPECW,Spectaire Holdings Inc.
9759,1753706,FREEW,"Whole Earth Brands, Inc."
9760,1004434,MGRE,"AFFILIATED MANAGERS GROUP, INC."
9761,1004434,MGR,"AFFILIATED MANAGERS GROUP, INC."
9762,1004434,MGRB,"AFFILIATED MANAGERS GROUP, INC."
9763,1004434,MGRD,"AFFILIATED MANAGERS GROUP, INC."
9764,1816613,MKFG-WT,Markforged Holding Corp
9765,750577,HWCPZ,HANCOCK WHITNEY CORP
9766,1402328,SBFMW,"Sunshine Biopharma, Inc"
9767,1887912,WLSS,Welsis Corp.
9768,314203,MQMNW,McEwen Mining Inc.
9769,1861841,ARBEW,Arbe Robotics Ltd.
9770,1451448,GMBLP,"ESPORTS ENTERTAINMENT GROUP, INC."
9771,1451448,GMBLW,"ESPORTS ENTERTAINMENT GROUP, INC."
9772,1451448,GMBLZ,"ESPORTS ENTERTAINMENT GROUP, INC."
9773,732717,TBC,AT&T INC.
9774,732717,T-PA,AT&T INC.
9775,732717,T-PC,AT&T INC.
9776,1438893,GNT-PA,"GAMCO Natural Resources, Gold & Income Trust"
9777,1483934,SBBA,Scorpio Tankers Inc.
9778,1844817,AACIU,Armada Acquisition Corp. I
9779,1844817,AACIW,Armada Acquisition Corp. I
9780,1831006,BLUVF,BlueRiver Acquisition Corp.
9781,1831006,BLUAW,BlueRiver Acquisition Corp.
9782,1475260,CVE-WT,CENOVUS ENERGY INC.
9783,1475260,CNVEF,CENOVUS ENERGY INC.
9784,1070423,PAAPU,PLAINS ALL AMERICAN PIPELINE LP
9785,92122,SOJD,SOUTHERN CO
9786,92122,SOJE,SOUTHERN CO
9787,1858007,GDSTR,Goldenstone Acquisition Ltd.
9788,1858007,GDSTU,Goldenstone Acquisition Ltd.
9789,1858007,GDSTW,Goldenstone Acquisition Ltd.
9790,1765651,PSPX,Pacific Sports Exchange Inc.
9791,1835378,CTV-WT,Innovid Corp.
9792,1059262,CRLKP,SP Plus Corp
9793,1830081,RUMBW,Rumble Inc.
9794,1812360,FOXOW,FOXO TECHNOLOGIES INC.
9795,1921158,FUFUW,Bitfufu Inc.
9796,1844505,QTIWW,"QT IMAGING HOLDINGS, INC."
9797,1577552,BBAAY,Alibaba Group Holding Ltd
9798,1854275,ZCARW,"Zoomcar Holdings, Inc."
9799,1716583,HYZNW,Hyzon Motors Inc.
9800,1045450,EPR-PC,EPR PROPERTIES
9801,1045450,EPR-PE,EPR PROPERTIES
9802,1553788,SBEV-WT,"SPLASH BEVERAGE GROUP, INC."
9803,1828108,AUROW,"Aurora Innovation, Inc."
9804,1025835,EFSCP,ENTERPRISE FINANCIAL SERVICES CORP
9805,1159508,DEENF,DEUTSCHE BANK AKTIENGESELLSCHAFT
9806,1159508,ADZCF,DEUTSCHE BANK AKTIENGESELLSCHAFT
9807,1159508,OLOXF,DEUTSCHE BANK AKTIENGESELLSCHAFT
9808,1159508,DGP,DEUTSCHE BANK AKTIENGESELLSCHAFT
9809,1159508,DGZ,DEUTSCHE BANK AKTIENGESELLSCHAFT
9810,1159508,DZZ,DEUTSCHE BANK AKTIENGESELLSCHAFT
9811,1575311,DTLAP,Brookfield DTLA Fund Office Trust Investor Inc.
9812,1831874,IRAAU,Iris Acquisition Corp
9813,1831874,IRAAW,Iris Acquisition Corp
9814,1571283,REXR-PC,"Rexford Industrial Realty, Inc."
9815,1826397,AGRIW,AGRIFORCE GROWING SYSTEMS LTD.
9816,760498,BANFP,BANCFIRST CORP /OK/
9817,1842939,CTCXW,Carmell Corp
9818,771992,PAASF,PAN AMERICAN SILVER CORP
9819,1760903,SHOTW,"Safety Shot, Inc."
9820,1053092,GLDI,CREDIT SUISSE AG
9821,1053092,SLVO,CREDIT SUISSE AG
9822,1053092,USOI,CREDIT SUISSE AG
9823,1777921,AVPTW,"AvePoint, Inc."
9824,1397183,IVDAW,"Iveda Solutions, Inc."
9825,1853138,AACT-WT,Ares Acquisition Corp II
9826,1853138,AACT-UN,Ares Acquisition Corp II
9827,1841125,GAMCU,Golden Arrow Merger Corp.
9828,1841125,GAMCW,Golden Arrow Merger Corp.
9829,1058307,NXPLW,NextPlat Corp
9830,1885998,ROCLU,Roth CH Acquisition V Co.
9831,1885998,ROCLW,Roth CH Acquisition V Co.
9832,1589361,WTRVW,White River Energy Corp.
9833,35527,FITBO,FIFTH THIRD BANCORP
9834,35527,FITBP,FIFTH THIRD BANCORP
9835,1865782,BTSGU,"BrightSpring Health Services, Inc."
9836,1582982,CCLDO,"CareCloud, Inc."
9837,1582982,CCLDP,"CareCloud, Inc."
9838,1843724,LNZAW,"LanzaTech Global, Inc."
9839,1879248,ADSEW,Ads-Tec Energy Public Ltd Co
9840,230557,SIGIP,SELECTIVE INSURANCE GROUP INC
9841,1761534,GRDV,Golden Royal Development Inc.
9842,1099219,MET-PF,METLIFE INC
9843,1806524,LGHLW,Lion Group Holding Ltd
9844,1837493,IINNW,Inspira Technologies OXY B.H.N. Ltd
9845,1610940,BDRY,Amplify Commodity Trust
9846,1610940,BWET,Amplify Commodity Trust
9847,1835416,MACAU,Moringa Acquisition Corp
9848,1835416,MACAW,Moringa Acquisition Corp
9849,1822886,HHGCR,HHG Capital Corp
9850,1822886,HHGCU,HHG Capital Corp
9851,1822886,HHGCW,HHG Capital Corp
9852,1805024,AMHGQ,Amergent Hospitality Group Inc.
9853,1832950,KRNLW,"Kernel Group Holdings, Inc."
9854,1832950,KRNLU,"Kernel Group Holdings, Inc."
9855,1970622,IPXXW,Inflection Point Acquisition Corp. II
9856,1970622,IPXXU,Inflection Point Acquisition Corp. II
9857,1841330,KTTAW,Pasithea Therapeutics Corp.
9858,1955104,ZAPPW,Zapp Electric Vehicles Group Ltd
9859,1847355,TGAAU,Target Global Acquisition I Corp.
9860,1847355,TGAAW,Target Global Acquisition I Corp.
9861,1323468,GLP-PB,GLOBAL PARTNERS LP
9862,1517767,CCIA,Carlyle Credit Income Fund
9863,1662574,GROMW,"Grom Social Enterprises, Inc."
9864,1030475,CHNEY,CHINA EASTERN AIRLINES CORP LTD
9865,4281,HWM-P,Howmet Aerospace Inc.
9866,862831,FIISO,FINANCIAL INSTITUTIONS INC
9867,862831,FIISP,FINANCIAL INSTITUTIONS INC
9868,1876431,PRENW,Prenetics Global Ltd
9869,1051512,TDS-PU,TELEPHONE & DATA SYSTEMS INC /DE/
9870,1051512,TDS-PV,TELEPHONE & DATA SYSTEMS INC /DE/
9871,1854463,WINVR,WinVest Acquisition Corp.
9872,1854463,WINVU,WinVest Acquisition Corp.
9873,1854463,WINVW,WinVest Acquisition Corp.
9874,798941,FCNCO,FIRST CITIZENS BANCSHARES INC /DE/
9875,798941,FCNCP,FIRST CITIZENS BANCSHARES INC /DE/
9876,314808,VAL-WT,Valaris Ltd
9877,1850059,FSHPU,Flag Ship Acquisition Corp
9878,1809196,IMTXW,Immatics N.V.
9879,1506307,EP-PC,"KINDER MORGAN, INC."
9880,1872964,MTEKW,Maris Tech Ltd.
9881,1870404,CEROW,"CERO THERAPEUTICS HOLDINGS, INC."
9882,1789029,AEVA-WT,"Aeva Technologies, Inc."
9883,1855644,ZURAW,Zura Bio Ltd
9884,1373670,GRBK-PA,"Green Brick Partners, Inc."
9885,1907982,QBTS-WT,D-Wave Quantum Inc.
9886,1863990,MSAIW,"MultiSensor AI Holdings, Inc."
9887,1885680,RAJAF,"Cordyceps Sunshine Biotech Holdings Co., Ltd."
9888,1951051,JAGL,JAAG Enterprises Ltd.
9889,1776661,ADVWW,Advantage Solutions Inc.
9890,1169770,BANC-PF,"BANC OF CALIFORNIA, INC."
9891,1893311,LUXHP,LUXURBAN HOTELS INC.
9892,1874074,MMVWW,MultiMetaVerse Holdings Ltd
9893,1754836,EICA,Eagle Point Income Co Inc.
9894,1885849,TFLM,Tofla Megaline Inc.
9895,1811063,NUVB-WT,Nuvation Bio Inc.
9896,1830210,BHILW,"Benson Hill, Inc."
9897,51434,INPAP,INTERNATIONAL PAPER CO /NEW/
9898,1875493,CSLMR,CSLM ACQUISITION CORP.
9899,1875493,CSLMU,CSLM ACQUISITION CORP.
9900,1875493,CSLMW,CSLM ACQUISITION CORP.
9901,1632970,AHRT,"American Healthcare REIT, Inc."
9902,846617,DCOMP,"Dime Community Bancshares, Inc. /NY/"
9903,846617,DCOMG,"Dime Community Bancshares, Inc. /NY/"
9904,1754836,EICB,Eagle Point Income Co Inc.
9905,1754836,EICC,Eagle Point Income Co Inc.
9906,1852736,TRIS-UN,Tristar Acquisition I Corp.
9907,1852736,TRIS-WT,Tristar Acquisition I Corp.
9908,1721056,HSCT,HOOPS SCOUTING USA
9909,1823587,SKYH-WT,Sky Harbour Group Corp
9910,2000762,GMTH,GMTech Inc.
9911,1828522,EFTRW,"eFFECTOR Therapeutics, Inc."
9912,1001085,BAMKF,BROOKFIELD Corp /ON/
9913,1001085,BKAMF,BROOKFIELD Corp /ON/
9914,1001085,BKFAF,BROOKFIELD Corp /ON/
9915,1001085,BKFPF,BROOKFIELD Corp /ON/
9916,1001085,BRCFF,BROOKFIELD Corp /ON/
9917,1001085,BKFDF,BROOKFIELD Corp /ON/
9918,1001085,BRFPF,BROOKFIELD Corp /ON/
9919,1001085,BKFOF,BROOKFIELD Corp /ON/
9920,1001085,BRPSF,BROOKFIELD Corp /ON/
9921,1958217,LZM-WT,Lifezone Metals Ltd
9922,1804176,BFLY-WT,"Butterfly Network, Inc."
9923,1550453,TRIC,TriLinc Global Impact Fund LLC
9924,1550453,TRLC,TriLinc Global Impact Fund LLC
9925,1845149,CBRGU,Chain Bridge I
9926,1845149,CBRGF,Chain Bridge I
9927,798359,CSR-PC,CENTERSPACE
9928,2014982,SIMAU,SIM Acquisition Corp. I
9929,1828972,BZFDW,"BuzzFeed, Inc."
9930,1001085,BNH,BROOKFIELD Corp /ON/
9931,1001085,BNJ,BROOKFIELD Corp /ON/
9932,1001085,BROXF,BROOKFIELD Corp /ON/
9933,1001085,BXDIF,BROOKFIELD Corp /ON/
9934,1534043,FUPEY,Fuchs Petrolub SE/ADR
9935,1534043,FUPPF,Fuchs Petrolub SE/ADR
9936,1437153,CUYTF,Colruyt SA
9937,2000410,EURKU,Eureka Acquisition Corp
9938,1919191,PGDE,PGD ECO SOLUTIONS
9939,1964979,ALUR-WT,"ALLURION TECHNOLOGIES, INC."
9940,46207,HAWLI,HAWAIIAN ELECTRIC CO INC
9941,46207,HAWLL,HAWAIIAN ELECTRIC CO INC
9942,46207,HAWLM,HAWAIIAN ELECTRIC CO INC
9943,1718405,HYMCW,HYCROFT MINING HOLDING CORP
9944,46207,HAWEM,HAWAIIAN ELECTRIC CO INC
9945,748954,ATLFF,ATLAS COPCO AB
9946,1299939,CADE-PA,Cadence Bank
9947,707179,ONBPO,OLD NATIONAL BANCORP /IN/
9948,707179,ONBPP,OLD NATIONAL BANCORP /IN/
9949,1977303,ARLTF,Arcadium Lithium plc
9950,1862490,DCFWQ,Tritium DCFC Ltd
9951,1892922,MARXR,Mars Acquisition Corp.
9952,1892922,MARXU,Mars Acquisition Corp.
9953,1783036,NLSPW,NLS Pharmaceutics Ltd.
9954,61004,LGL-WT,LGL GROUP INC
9955,1666175,FRTSF,Fortis Inc.
9956,1666175,FTPSF,Fortis Inc.
9957,1666175,FORFF,Fortis Inc.
9958,1666175,FTRSF,Fortis Inc.
9959,1945422,OAKUU,Oak Woods Acquisition Corp
9960,1945422,OAKUW,Oak Woods Acquisition Corp
9961,1945422,OAKUR,Oak Woods Acquisition Corp
9962,1894951,GBBKR,Global Blockchain Acquisition Corp.
9963,1894951,GBBKW,Global Blockchain Acquisition Corp.
9964,1224608,CNO-PA,"CNO Financial Group, Inc."
9965,1833498,MDAIW,"Spectral AI, Inc."
9966,1404912,KKRS,KKR & Co. Inc.
9967,1844507,AVHIU,Achari Ventures Holdings Corp. I
9968,1844507,AVHIW,Achari Ventures Holdings Corp. I
9969,1259429,OXSQG,Oxford Square Capital Corp.
9970,1259429,OXSQZ,Oxford Square Capital Corp.
9971,1946021,HSPOR,Horizon Space Acquisition I Corp.
9972,1946021,HSPOU,Horizon Space Acquisition I Corp.
9973,1946021,HSPOW,Horizon Space Acquisition I Corp.
9974,1554818,AUUDW,AUDDIA INC.
9975,36270,MTB-PJ,M&T BANK CORP
9976,36270,MTB-PH,M&T BANK CORP
9977,1892747,VMCAU,Valuence Merger Corp. I
9978,1892747,VMCAW,Valuence Merger Corp. I
9979,1318885,DSX-WT,DIANA SHIPPING INC.
9980,794685,GAB-PK,GABELLI EQUITY TRUST INC
9981,1415311,AGQ,ProShares Trust II
9982,1415311,BOIL,ProShares Trust II
9983,1415311,EUO,ProShares Trust II
9984,1415311,GLL,ProShares Trust II
9985,1415311,VIXM,ProShares Trust II
9986,1415311,VIXY,ProShares Trust II
9987,1415311,YCL,ProShares Trust II
9988,1415311,YCS,ProShares Trust II
9989,1415311,ZSL,ProShares Trust II
9990,1415311,SVXY,ProShares Trust II
9991,1415311,UCO,ProShares Trust II
9992,1415311,UGL,ProShares Trust II
9993,1415311,ULE,ProShares Trust II
9994,1415311,UVXY,ProShares Trust II
9995,1415311,KOLD,ProShares Trust II
9996,1415311,SCO,ProShares Trust II
9997,2016221,MACIW,Melar Acquisition Corp. I/Cayman
9998,2016221,MACIU,Melar Acquisition Corp. I/Cayman
9999,1999297,DSYWW,Big Tree Cloud Holdings Ltd
10000,58411,RONN,"Lee Pharmaceuticals, Inc."
10001,1854526,BRQL,"brooqLy, Inc."
10002,1842937,HCVIU,Hennessy Capital Investment Corp. VI
10003,1842937,HCVIW,Hennessy Capital Investment Corp. VI
10004,1792849,HPKEW,"HighPeak Energy, Inc."
10005,1822145,PRSTW,Presto Automation Inc.
10006,1888740,LSEB,LSEB Creative Corp.
10007,1929589,MRDB-WT,MariaDB plc
10008,1936258,NAMSW,NewAmsterdam Pharma Co N.V.
10009,1688804,RSRUS,"RSE Collection, LLC"
10010,1997296,MDPLF,Medicus Pharma Ltd.
10011,1824204,PVOZ,Park View OZ REIT Inc
10012,1846702,FIGP,"Forge Group, Inc."
10013,1841408,DAVEW,Dave Inc./DE
10014,1903145,GRRRW,Gorilla Technology Group Inc.
10015,1897971,GLACR,Global Lights Acquisition Corp
10016,1852551,NVAAF,Nova Minerals Ltd
10017,1541309,CRSLF,carsales.com Limited/ADR
10018,1454480,SHZNF,Shenzhen Expressway Co. / ADR
10019,1966734,AITRU,AI Transportation Acquisition Corp
10020,1966734,AITRR,AI Transportation Acquisition Corp
10021,1816581,OUST-WT,"Ouster, Inc."
10022,1816581,OUST-WTA,"Ouster, Inc."
10023,1865407,KCGI-UN,Kensington Capital Acquisition Corp. V
10024,1865407,KCGI-WT,Kensington Capital Acquisition Corp. V
10025,892553,GTLS-PB,CHART INDUSTRIES INC
10026,1819989,CIFRW,Cipher Mining Inc.
10027,1591890,FGFPP,Fundamental Global Inc.
10028,1793497,SVIX,VS Trust
10029,1793497,UVIX,VS Trust
10030,1838163,BNAIW,Brand Engagement Network Inc.
10031,917251,ADC-PA,AGREE REALTY CORP
10032,1567526,IHICF,IHI Corporation/ADR
10033,316709,SCHW-PJ,SCHWAB CHARLES CORP
10034,1490078,FRSPF,First Phosphate Corp.
10035,1164727,NEMCL,NEWMONT Corp /DE/
10036,1446705,NTTDF,NTT Data Corp
10037,1953988,WEBT,Helio Corp /FL/
10038,1442655,NGKSF,"NGK Spark Plug Co., Ltd."
10039,1861853,EVSD,"Everside Health Group, Inc."
10040,1506721,BAFBF,Balfour Beatty plc/ADR
10041,354518,EBCOF,EBARA CORP /ADR/
10042,1991946,CGBSW,Crown LNG Holdings Ltd
10043,1569650,OZKAP,Bank OZK
10044,1981662,NIVFW,NewGenIvf Group Ltd
10045,1947559,ANZGF,ANZ GROUP HOLDINGS LIMITED/ADR
10046,1923734,ARKPS,Ark7 Properties Plus LLC
10047,1923734,AFTWS,Ark7 Properties Plus LLC
10048,1923734,RKPPS,Ark7 Properties Plus LLC
10049,1748680,OWSCX,1WS Credit Income Fund
10050,1440130,UUGWF,United Utilities Group plc
10051,1997652,TBNRL,Tamboran Resources Corp
10052,1907730,YOTAR,Yotta Acquisition Corp
10053,1907730,YOTAU,Yotta Acquisition Corp
10054,1907730,YOTAW,Yotta Acquisition Corp
10055,1840877,COCHW,"Envoy Medical, Inc."
10056,1468492,HSCSW,"Heart Test Laboratories, Inc."
10057,1685428,LMDWF,LumiraDx Ltd
10058,1927719,CRGOW,Freightos Ltd
10059,1975218,NETDW,Nabors Energy Transition Corp. II
10060,1975218,NETDU,Nabors Energy Transition Corp. II
10061,1743905,RVSNW,Rail Vision Ltd.
10062,1783398,UWMC-WT,UWM Holdings Corp
10063,1828248,CVIIW,Churchill Capital Corp VII
10064,1828248,CVIIU,Churchill Capital Corp VII
10065,1710680,HFRO-PA,HIGHLAND OPPORTUNITIES & INCOME FUND
10066,2015502,LPAAU,Launch One Acquisition Corp.
10067,1872525,SWAGW,"Stran & Company, Inc."
10068,1662972,BSTT,"Blackstone Real Estate Income Trust, Inc."
10069,1482541,CEADW,CEA Industries Inc.
10070,1966287,GFRWF,Greenfire Resources Ltd.
10071,1495222,OXLCP,Oxford Lane Capital Corp.
10072,1495222,OXLCL,Oxford Lane Capital Corp.
10073,1495222,OXLCN,Oxford Lane Capital Corp.
10074,1901799,BTMWW,Bitcoin Depot Inc.
10075,1848763,RNWWW,ReNew Energy Global plc
10076,1882198,ATEK-UN,Athena Technology Acquisition Corp. II
10077,1882198,ATEK-WT,Athena Technology Acquisition Corp. II
10078,1819796,GCMGW,GCM Grosvenor Inc.
10079,1495222,OXLCI,Oxford Lane Capital Corp.
10080,1495222,OXLCZ,Oxford Lane Capital Corp.
10081,1560293,TNONW,"Tenon Medical, Inc."
10082,1831283,LIANY,LianBio
10083,1837429,BNRE-A,Brookfield Reinsurance Ltd.
10084,1835856,BETRW,Better Home & Finance Holding Co
10085,1888734,GLLIR,GLOBALINK INVESTMENT INC.
10086,1888734,GLLIU,GLOBALINK INVESTMENT INC.
10087,1888734,GLLIW,GLOBALINK INVESTMENT INC.
10088,1867102,EVTL-WT,Vertical Aerospace Ltd.
10089,1788028,JSPRW,"Jasper Therapeutics, Inc."
10090,1973368,SVMHW,SRIVARU Holding Ltd
10091,712771,CNOBP,"ConnectOne Bancorp, Inc."
10092,1973056,BOWNR,Bowen Acquisition Corp
10093,1973056,BOWNU,Bowen Acquisition Corp
10094,1852749,XFINU,ExcelFin Acquisition Corp.
10095,1852749,XFINW,ExcelFin Acquisition Corp.
10096,1742927,RVPHW,"REVIVA PHARMACEUTICALS HOLDINGS, INC."
10097,1822993,JXN-PA,Jackson Financial Inc.
10098,7789,ASB-PF,ASSOCIATED BANC-CORP
10099,7789,ASBA,ASSOCIATED BANC-CORP
10100,1885461,SUACU,ShoulderUP Technology Acquisition Corp.
10101,1885461,SUACW,ShoulderUP Technology Acquisition Corp.
10102,1512228,NIOBW,NIOCORP DEVELOPMENTS LTD
10103,109380,ZIONP,"ZIONS BANCORPORATION, NATIONAL ASSOCIATION /UT/"
10104,109380,ZIONL,"ZIONS BANCORPORATION, NATIONAL ASSOCIATION /UT/"
10105,109380,ZIONO,"ZIONS BANCORPORATION, NATIONAL ASSOCIATION /UT/"
10106,1866001,JVSAR,JVSPAC Acquisition Corp.
10107,1866001,JVSAU,JVSPAC Acquisition Corp.
10108,1861974,ECXWW,ECARX Holdings Inc.
10109,1802457,ORGNW,"Origin Materials, Inc."
10110,1819848,JOBY-WT,"Joby Aviation, Inc."
10111,1834974,LEV-WT,Lion Electric Co
10112,1834974,LEV-WTA,Lion Electric Co
10113,23795,CTO-PA,"CTO Realty Growth, Inc."
10114,1847986,DFLIW,Dragonfly Energy Holdings Corp.
10115,1818605,DISTR,Distoken Acquisition Corp
10116,1818605,DISTW,Distoken Acquisition Corp
10117,1834026,GROY-WT,Gold Royalty Corp.
10118,1828739,AZRS,Azzurro Solutions Corp.
10119,797468,OXY-WT,OCCIDENTAL PETROLEUM CORP /DE/
10120,1091748,ARGD,"Argo Group International Holdings, Inc."
10121,1091748,ARGO-PA,"Argo Group International Holdings, Inc."
10122,1043219,NLY-PI,ANNALY CAPITAL MANAGEMENT INC
10123,1610820,BCTXW,BriaCell Therapeutics Corp.
10124,1786248,NREF-PA,"NexPoint Real Estate Finance, Inc."
10125,1847607,RFACW,RF Acquisition Corp.
10126,1847607,RFACR,RF Acquisition Corp.
10127,1847607,RFACU,RF Acquisition Corp.
10128,1945711,LVROW,Lavoro Ltd
10129,1839998,AONCW,"American Oncology Network, Inc."
10130,726728,O-P,REALTY INCOME CORP
10131,1813914,CMAXW,"CareMax, Inc."
10132,1679063,CSSLQ,"Chicken Soup for the Soul Entertainment, Inc."
10133,1679063,CSSPQ,"Chicken Soup for the Soul Entertainment, Inc."
10134,1679063,CSSNQ,"Chicken Soup for the Soul Entertainment, Inc."
10135,1590364,FTAIM,FTAI Aviation Ltd.
10136,1590364,FTAIN,FTAI Aviation Ltd.
10137,1590364,FTAIO,FTAI Aviation Ltd.
10138,1590364,FTAIP,FTAI Aviation Ltd.
10139,1922858,ECDAW,"ECD Automotive Design, Inc."
10140,1725134,DMSIW,"Digital Media Solutions, Inc."
10141,1014763,AIMDW,"Ainos, Inc."
10142,19617,JPM-PJ,JPMORGAN CHASE & CO
10143,19617,JPM-PK,JPMORGAN CHASE & CO
10144,19617,JPM-PL,JPMORGAN CHASE & CO
10145,19617,JPM-PM,JPMORGAN CHASE & CO
10146,19617,AMJB,JPMORGAN CHASE & CO
10147,1855612,GRABW,Grab Holdings Ltd
10148,1781629,ANKM,"Ankam, Inc."
10149,1825024,OPADW,Offerpad Solutions Inc.
10150,1842356,PETWW,Wag! Group Co.
10151,1859807,NVACR,NorthView Acquisition Corp
10152,1859807,NVACW,NorthView Acquisition Corp
10153,73124,NTRSO,NORTHERN TRUST CORP
10154,1846235,IMAQR,International Media Acquisition Corp.
10155,1846235,IMAQU,International Media Acquisition Corp.
10156,1846235,IMAQW,International Media Acquisition Corp.
10157,1837671,CPPTL,Copper Property CTL Pass Through Trust
10158,1858685,BFRIW,Biofrontera Inc.
10159,1841675,ARBKL,Argo Blockchain Plc
10160,1913510,VFSWW,VinFast Auto Ltd.
10161,1853580,PFTAU,Perception Capital Corp. III
10162,1853580,PFTAW,Perception Capital Corp. III
10163,1748137,NEOVW,NeoVolta Inc.
10164,1935418,FMSTW,Foremost Lithium Resource & Technology Ltd.
10165,1526113,GNL-PE,"Global Net Lease, Inc."
10166,1526113,GNL-PD,"Global Net Lease, Inc."
10167,1526113,GNL-PB,"Global Net Lease, Inc."
10168,1978528,QETAU,Quetta Acquisition Corp
10169,1978528,QETAR,Quetta Acquisition Corp
10170,744452,APPDW,APPLIED DNA SCIENCES INC
10171,1823593,TSPH,TuSimple Holdings Inc.
10172,1281761,RF-PE,REGIONS FINANCIAL CORP
10173,1610853,HSDTW,"HELIUS MEDICAL TECHNOLOGIES, INC."
10174,933267,IRS-WT,IRSA INVESTMENTS & REPRESENTATIONS INC
10175,1823878,MYPSW,"PLAYSTUDIOS, Inc."
10176,1918694,MEDE,Medies
10177,1848731,GHBWF,Glass House Brands Inc.
10178,1560385,LLYVA,Liberty Media Corp
10179,1560385,LLYVB,Liberty Media Corp
10180,1560385,LLYVK,Liberty Media Corp
10181,1871745,DSAQU,Direct Selling Acquisition Corp.
10182,1866782,CDROW,"Codere Online Luxembourg, S.A."
10183,1871745,DSAQW,Direct Selling Acquisition Corp.
10184,886128,FCELB,FUELCELL ENERGY INC
10185,1734768,IMVIF,IMV Inc.
10186,1860514,USTWF,Roth CH Acquisition Co.
10187,896493,AULT-PD,"Ault Alliance, Inc."
10188,1424657,CUENW,Cuentas Inc.
10189,1844971,GREEL,Greenidge Generation Holdings Inc.
10190,1273685,NYMTZ,NEW YORK MORTGAGE TRUST INC
10191,1273685,NYMTI,NEW YORK MORTGAGE TRUST INC
10192,1273685,NYMTM,NEW YORK MORTGAGE TRUST INC
10193,1273685,NYMTL,NEW YORK MORTGAGE TRUST INC
10194,1408057,ICCRW,iCoreConnect Inc.
10195,1408057,ICNP,iCoreConnect Inc.
10196,1538495,UNOV,"Earth Science Tech, Inc."
10197,927971,BERZ,BANK OF MONTREAL /CAN/
10198,927971,FNGO,BANK OF MONTREAL /CAN/
10199,927971,FNGS,BANK OF MONTREAL /CAN/
10200,927971,FNGU,BANK OF MONTREAL /CAN/
10201,927971,GDXD,BANK OF MONTREAL /CAN/
10202,927971,DULL,BANK OF MONTREAL /CAN/
10203,927971,FLYD,BANK OF MONTREAL /CAN/
10204,927971,FLYU,BANK OF MONTREAL /CAN/
10205,895421,MSTLW,MORGAN STANLEY
10206,895421,MS-PL,MORGAN STANLEY
10207,895421,MS-PO,MORGAN STANLEY
10208,895421,MS-PP,MORGAN STANLEY
10209,1953530,OCSAW,Oculis Holding AG
10210,895126,CHKEW,CHESAPEAKE ENERGY CORP
10211,895126,CHKEZ,CHESAPEAKE ENERGY CORP
10212,895126,CHKEL,CHESAPEAKE ENERGY CORP
10213,1853044,AERTW,"Aeries Technology, Inc."
10214,310522,FNMAP,FEDERAL NATIONAL MORTGAGE ASSOCIATION FANNIE MAE
10215,927971,BNKD,BANK OF MONTREAL /CAN/
10216,927971,BNKU,BANK OF MONTREAL /CAN/
10217,927971,BULZ,BANK OF MONTREAL /CAN/
10218,927971,JETU,BANK OF MONTREAL /CAN/
10219,927971,JETD,BANK OF MONTREAL /CAN/
10220,927971,CARD,BANK OF MONTREAL /CAN/
10221,927971,CARU,BANK OF MONTREAL /CAN/
10222,927971,WTID,BANK OF MONTREAL /CAN/
10223,927971,WTIU,BANK OF MONTREAL /CAN/
10224,927971,OILU,BANK OF MONTREAL /CAN/
10225,927971,SHNY,BANK OF MONTREAL /CAN/
10226,927971,GDXU,BANK OF MONTREAL /CAN/
10227,927971,NRGD,BANK OF MONTREAL /CAN/
10228,927971,NRGU,BANK OF MONTREAL /CAN/
10229,927971,OILD,BANK OF MONTREAL /CAN/
